numSearches,avgCounts,maxCounts,maxDepth,avgMaxs,max,maxBoard,wins0,wins1,wins2,wins3,bestMove,board00,board01,board02,board03,board10,board11,board12,board13,board20,board21,board22,board23,board30,board31,board32,board33
200,134.16,285,6,120.16,256,4,0.28, 0.39, 0.33, 0,left,0, 0, 0, 0, 0, 0, 0, 0, 0, 0, 0, 0, 0, 2, 0, 2
47,129.42,239,5,116.67,256,4,0.77, 0, 0.22, 0,right,0, 0, 0, 0, 0, 0, 0, 0, 0, 0, 0, 0, 4, 2, 0, 0
61,126.82,281,5,107.35,256,4,0, 0.08, 0.29, 0.63,down,0, 0, 0, 2, 0, 0, 0, 0, 0, 0, 0, 0, 0, 0, 4, 2
69,133,283,4,116.57,256,8,0.36, 0.39, 0.11, 0.14,left,0, 0, 0, 2, 0, 0, 0, 0, 0, 0, 0, 0, 0, 0, 4, 4
51,120.04,219,5,101.02,256,8,0.21, 0.09, 0.36, 0.33,up,2, 0, 2, 0, 0, 0, 0, 0, 0, 0, 0, 0, 8, 0, 0, 0
89,121.94,263,5,109.87,256,8,0.22, 0.11, 0.26, 0.41,down,2, 0, 2, 0, 8, 2, 0, 0, 0, 0, 0, 0, 0, 0, 0, 0
84,132.55,253,5,118.96,256,8,0.5, 0.02, 0.2, 0.28,right,2, 0, 0, 0, 0, 0, 0, 0, 2, 0, 0, 0, 8, 2, 2, 0
52,130.51,261,4,122.57,256,8,0.28, 0.04, 0.3, 0.38,down,0, 0, 0, 2, 0, 0, 0, 0, 0, 0, 2, 2, 0, 0, 8, 4
58,125.88,276,5,114.98,256,8,0.08, 0.27, 0.22, 0.43,down,0, 0, 0, 0, 2, 0, 0, 0, 0, 0, 2, 4, 0, 0, 8, 4
72,117.58,240,5,103.89,256,8,0.19, 0.11, 0.51, 0.19,up,0, 0, 2, 0, 0, 0, 0, 0, 0, 0, 2, 0, 2, 0, 8, 8
97,129.06,264,6,121.14,256,8,0.07, 0.21, 0.13, 0.59,down,2, 0, 4, 8, 0, 2, 8, 0, 0, 0, 0, 0, 0, 0, 0, 0
62,122.27,198,5,107.17,256,16,0.58, 0.28, 0.14, 0,right,0, 0, 0, 0, 0, 0, 2, 0, 0, 0, 4, 0, 2, 2, 8, 8
83,119.55,241,5,116.95,256,16,0.13, 0.49, 0.35, 0.03,left,0, 0, 0, 0, 0, 0, 0, 2, 2, 0, 0, 4, 0, 0, 4, 16
91,123.13,248,5,114.09,256,16,0.12, 0.19, 0.34, 0.35,down,0, 2, 0, 0, 2, 0, 0, 0, 2, 4, 0, 0, 4, 16, 0, 0
80,112.59,227,6,107.06,256,16,0.14, 0.41, 0.44, 0.01,up,0, 0, 0, 0, 0, 2, 0, 0, 4, 4, 2, 0, 4, 16, 0, 0
112,123.29,252,6,121.2,256,16,0.61, 0.1, 0.1, 0.19,right,8, 2, 2, 0, 0, 4, 0, 0, 2, 16, 0, 0, 0, 0, 0, 0
80,116.95,253,5,111.41,256,16,0.35, 0.02, 0.1, 0.54,down,0, 0, 8, 4, 0, 0, 0, 4, 2, 0, 2, 16, 0, 0, 0, 0
99,113.86,236,5,112,256,16,0.46, 0.35, 0.11, 0.08,right,0, 0, 0, 0, 2, 0, 0, 0, 0, 0, 8, 8, 2, 0, 2, 16
108,118.35,243,5,118.61,256,32,0, 0.04, 0.62, 0.34,up,0, 0, 0, 2, 0, 0, 0, 2, 0, 0, 0, 16, 0, 0, 4, 16
94,108.94,276,6,110.82,256,32,0.23, 0.12, 0.51, 0.14,up,0, 0, 4, 4, 0, 0, 0, 32, 0, 2, 0, 0, 0, 0, 0, 0
123,109.27,233,5,115.1,256,32,0.38, 0.32, 0.01, 0.29,right,0, 2, 4, 4, 2, 0, 0, 32, 0, 0, 0, 0, 0, 0, 0, 0
122,116.09,277,6,119.15,256,32,0.6, 0.13, 0.14, 0.13,right,0, 2, 2, 8, 0, 0, 2, 32, 0, 0, 0, 0, 0, 0, 0, 0
101,109.69,242,5,116.08,256,32,0.12, 0.24, 0.5, 0.13,up,0, 0, 4, 8, 0, 0, 2, 32, 0, 0, 0, 0, 0, 0, 2, 0
120,107.21,247,6,108.43,256,32,0.05, 0.04, 0.57, 0.34,up,0, 0, 4, 8, 2, 0, 4, 32, 0, 0, 0, 0, 0, 0, 0, 0
128,110.45,249,7,118.82,256,32,0.03, 0.46, 0.38, 0.13,left,2, 0, 8, 8, 2, 0, 0, 32, 0, 0, 0, 0, 0, 0, 0, 0
118,108.36,263,5,112.67,256,32,0.19, 0.26, 0.23, 0.31,down,2, 16, 0, 2, 2, 32, 0, 0, 0, 0, 0, 0, 0, 0, 0, 0
124,103.06,219,6,110.59,256,32,0.34, 0.39, 0.07, 0.2,left,0, 0, 0, 0, 2, 0, 0, 0, 0, 16, 0, 0, 4, 32, 0, 2
140,103.13,238,5,110.07,256,32,0.25, 0.16, 0.24, 0.34,down,0, 0, 0, 0, 2, 2, 0, 0, 16, 0, 0, 0, 4, 32, 2, 0
140,100.85,224,6,106.67,256,32,0.24, 0.37, 0.31, 0.08,left,0, 0, 2, 0, 2, 0, 0, 0, 16, 2, 0, 0, 4, 32, 2, 0
147,101.66,256,6,113.08,256,32,0.15, 0.04, 0.5, 0.31,up,2, 0, 0, 0, 2, 2, 0, 0, 16, 2, 0, 0, 4, 32, 2, 0
145,102.46,224,6,120.55,256,32,0.14, 0.68, 0.13, 0.05,left,4, 4, 2, 0, 16, 32, 0, 0, 4, 0, 0, 0, 0, 2, 0, 0
142,95.57,247,7,106.29,256,32,0.21, 0, 0, 0.79,down,8, 2, 0, 0, 16, 32, 0, 0, 4, 2, 0, 0, 2, 0, 0, 0
163,106.67,227,6,122.73,256,32,0.33, 0.2, 0.31, 0.16,right,8, 0, 0, 0, 16, 2, 0, 2, 4, 32, 0, 0, 2, 2, 0, 0
129,105.7,248,6,122.58,256,32,0, 0.21, 0.38, 0.42,down,0, 0, 0, 8, 0, 2, 16, 4, 0, 0, 4, 32, 0, 0, 0, 4
132,101.11,241,7,116.93,256,32,0.13, 0.54, 0.18, 0.15,left,0, 0, 0, 8, 0, 0, 0, 4, 0, 2, 16, 32, 0, 2, 4, 4
146,98.31,235,6,121.25,256,32,0.07, 0, 0.77, 0.16,up,8, 2, 0, 0, 4, 0, 0, 0, 2, 16, 32, 0, 2, 8, 0, 0
155,95.58,220,7,111.18,256,32,0.06, 0.13, 0.2, 0.61,down,8, 2, 32, 0, 4, 16, 0, 2, 4, 8, 0, 0, 0, 0, 0, 0
163,95.47,220,8,118.44,256,32,0.2, 0.27, 0.29, 0.23,up,0, 0, 0, 2, 0, 2, 0, 0, 8, 16, 0, 0, 8, 8, 32, 2
163,99.59,298,6,118.83,256,32,0.28, 0.02, 0, 0.7,down,16, 2, 32, 4, 2, 16, 0, 0, 0, 8, 0, 0, 0, 0, 0, 0
151,94.94,242,8,119.58,256,32,0.83, 0.16, 0.01, 0,right,0, 0, 0, 0, 0, 2, 0, 0, 16, 16, 0, 2, 2, 8, 32, 4
165,94.2,241,6,114.89,256,64,0.02, 0.05, 0.66, 0.28,up,2, 0, 0, 0, 0, 0, 0, 2, 0, 0, 32, 2, 2, 8, 32, 4
167,97.68,236,6,121.52,256,64,0.18, 0.26, 0.46, 0.1,up,4, 8, 64, 4, 2, 0, 0, 4, 0, 0, 0, 0, 0, 0, 0, 0
156,88.01,237,5,110.47,256,64,0.2, 0.26, 0.2, 0.35,down,4, 8, 64, 8, 2, 0, 0, 0, 0, 2, 0, 0, 0, 0, 0, 0
185,95.44,240,6,123.53,256,64,0.46, 0.17, 0.18, 0.19,right,0, 0, 0, 0, 0, 0, 0, 2, 4, 8, 0, 0, 2, 2, 64, 8
163,96.21,230,7,126.05,256,64,0.27, 0.01, 0.21, 0.52,down,2, 0, 0, 0, 0, 0, 0, 2, 0, 0, 4, 8, 0, 4, 64, 8
161,90.19,249,6,118.52,256,64,0.05, 0.16, 0.46, 0.33,up,2, 0, 0, 0, 0, 0, 0, 0, 0, 0, 4, 2, 2, 4, 64, 16
179,88.89,237,7,115.2,256,64,0.4, 0.27, 0, 0.34,right,4, 4, 4, 2, 0, 2, 64, 16, 0, 0, 0, 0, 0, 0, 0, 0
183,80.88,207,8,110.26,256,64,0, 0.78, 0, 0.22,left,0, 4, 8, 2, 0, 2, 64, 16, 0, 0, 0, 2, 0, 0, 0, 0
207,91.5,214,9,130.15,256,64,0.06, 0.04, 0.86, 0.04,up,4, 8, 2, 0, 2, 64, 16, 0, 2, 0, 0, 0, 0, 0, 2, 0
175,92.18,221,6,126.18,256,64,0.08, 0.25, 0.43, 0.24,up,4, 8, 2, 0, 4, 64, 16, 0, 0, 0, 2, 0, 0, 0, 2, 0
173,88.67,223,7,121.75,256,64,0.81, 0.06, 0, 0.13,right,8, 8, 2, 0, 0, 64, 16, 0, 0, 2, 4, 0, 0, 0, 0, 0
183,85.61,227,7,120,256,64,0.64, 0.18, 0.1, 0.08,right,0, 0, 16, 2, 0, 0, 64, 16, 0, 2, 2, 4, 0, 0, 0, 0
193,77.81,178,7,113.15,256,64,0.17, 0.07, 0.51, 0.24,up,0, 0, 16, 2, 2, 0, 64, 16, 0, 0, 4, 4, 0, 0, 0, 0
216,84.22,222,7,119.74,256,64,0.15, 0.56, 0, 0.28,left,2, 2, 16, 2, 0, 0, 64, 16, 0, 0, 4, 4, 0, 0, 0, 0
197,83.76,230,7,117.98,256,64,0.28, 0.3, 0.07, 0.35,down,4, 16, 2, 2, 64, 16, 0, 0, 8, 0, 0, 0, 0, 0, 0, 0
198,84.09,224,6,121.25,256,64,0.1, 0.39, 0.17, 0.33,left,0, 0, 0, 0, 4, 0, 0, 2, 64, 0, 0, 0, 8, 32, 2, 2
197,80.18,222,6,117.98,256,64,0.41, 0.12, 0.2, 0.28,right,0, 0, 0, 0, 4, 2, 0, 2, 64, 0, 0, 0, 8, 32, 4, 0
209,86.18,232,6,126.48,256,64,0.3, 0.18, 0.37, 0.15,up,0, 0, 0, 0, 2, 0, 4, 4, 0, 0, 0, 64, 0, 8, 32, 4
191,80.52,212,6,123.67,256,64,0.58, 0.26, 0.12, 0.03,right,2, 8, 4, 4, 0, 0, 32, 64, 2, 0, 0, 4, 0, 0, 0, 0
208,80.61,223,6,123.41,256,64,0.09, 0.36, 0.39, 0.16,up,0, 2, 8, 8, 0, 0, 32, 64, 0, 0, 2, 4, 2, 0, 0, 0
208,78.2,199,9,124.33,256,64,0.89, 0.09, 0, 0.02,right,2, 2, 8, 8, 0, 0, 32, 64, 0, 0, 2, 4, 0, 0, 0, 2
215,76.76,214,6,122.37,256,64,0.48, 0.24, 0.13, 0.15,right,0, 0, 4, 16, 0, 0, 32, 64, 0, 0, 2, 4, 2, 0, 0, 2
219,76.23,219,6,120.73,256,64,0.34, 0.23, 0.3, 0.13,right,0, 0, 4, 16, 0, 0, 32, 64, 0, 0, 2, 4, 2, 0, 0, 4
221,74.58,202,7,119.64,256,64,0, 0.36, 0.21, 0.43,down,0, 0, 4, 16, 0, 2, 32, 64, 0, 0, 2, 4, 0, 0, 2, 4
226,77.21,211,7,126.03,256,64,0, 0.05, 0.42, 0.54,down,0, 0, 0, 0, 0, 2, 4, 16, 0, 0, 32, 64, 0, 2, 4, 8
218,78.72,241,7,129.75,256,64,0.14, 0.35, 0.13, 0.38,down,0, 0, 0, 0, 0, 0, 4, 16, 2, 0, 32, 64, 0, 4, 4, 8
213,69.85,208,8,122.62,256,64,0.33, 0.46, 0.05, 0.16,left,2, 0, 0, 0, 0, 0, 4, 16, 0, 0, 32, 64, 2, 4, 4, 8
240,69.78,196,6,121.89,256,64,0.42, 0.43, 0.04, 0.11,left,2, 0, 0, 2, 4, 16, 0, 0, 32, 64, 0, 0, 2, 8, 8, 0
240,68.07,181,6,120.3,256,64,0.09, 0.17, 0.35, 0.39,down,4, 0, 0, 0, 4, 16, 0, 0, 32, 64, 0, 0, 2, 16, 0, 2
245,65.8,214,7,117.07,256,64,0.18, 0.38, 0.21, 0.24,left,0, 0, 0, 2, 8, 16, 0, 0, 32, 64, 0, 0, 2, 16, 0, 2
252,69.4,203,7,119.15,256,64,0.24, 0.24, 0.53, 0,up,2, 2, 0, 0, 8, 16, 0, 0, 32, 64, 0, 0, 2, 16, 2, 0
241,75.18,205,10,134.08,256,64,0.2, 0.03, 0.69, 0.08,up,2, 2, 2, 0, 8, 16, 0, 0, 32, 64, 0, 0, 2, 16, 2, 0
224,73.45,200,10,135.96,256,64,0.02, 0.96, 0, 0.02,left,2, 2, 4, 0, 8, 16, 2, 0, 32, 64, 0, 0, 2, 16, 0, 0
229,68.91,168,9,131.9,256,64,0.06, 0.83, 0.07, 0.04,left,4, 4, 2, 0, 8, 16, 2, 0, 32, 64, 0, 0, 2, 16, 0, 0
243,75.92,191,7,141.64,256,64,0.01, 0, 0.03, 0.96,down,8, 2, 2, 0, 8, 16, 2, 0, 32, 64, 0, 0, 2, 16, 0, 0
222,81.54,220,8,149.81,256,64,0.04, 0.92, 0.05, 0,left,2, 2, 0, 0, 16, 16, 0, 0, 32, 64, 0, 0, 2, 16, 4, 0
205,81.84,200,8,147.88,256,64,0.02, 0.39, 0.04, 0.55,down,4, 0, 2, 0, 32, 0, 0, 0, 32, 64, 0, 0, 2, 16, 4, 0
204,81.05,202,7,148.6,256,128,0.12, 0.5, 0.37, 0,left,0, 0, 0, 0, 4, 2, 0, 0, 64, 64, 2, 0, 2, 16, 4, 0
206,78.93,192,7,154.59,256,128,0.11, 0.14, 0.52, 0.23,up,0, 2, 0, 0, 4, 2, 0, 0, 128, 2, 0, 0, 2, 16, 4, 0
213,73.67,209,6,142.36,256,128,0.09, 0.49, 0.3, 0.12,left,4, 4, 4, 0, 128, 2, 0, 0, 2, 16, 0, 0, 0, 0, 0, 2
228,72.95,202,8,145.89,256,128,0.48, 0.04, 0.11, 0.37,right,8, 4, 0, 0, 128, 2, 0, 0, 2, 16, 0, 0, 2, 0, 2, 0
231,76.44,210,7,148.97,256,128,0, 0.83, 0.05, 0.13,left,0, 0, 8, 4, 0, 2, 128, 2, 0, 0, 2, 16, 0, 0, 0, 4
220,78.45,185,8,155.22,256,128,0.02, 0.03, 0.85, 0.1,up,8, 4, 0, 0, 2, 128, 2, 0, 2, 16, 0, 0, 4, 0, 2, 0
214,76.06,193,6,150.03,256,128,0.25, 0.37, 0.25, 0.13,left,8, 4, 4, 0, 4, 128, 0, 0, 4, 16, 0, 0, 2, 0, 0, 0
221,74.13,188,6,149.91,256,128,0.19, 0.26, 0.36, 0.19,up,8, 8, 0, 0, 4, 128, 0, 0, 4, 16, 0, 0, 2, 0, 2, 0
227,71.35,188,7,148.77,256,128,0.06, 0.29, 0.4, 0.25,up,8, 8, 2, 0, 8, 128, 0, 0, 2, 16, 0, 2, 0, 0, 0, 0
235,69.66,260,6,147.53,512,128,0.32, 0.07, 0.41, 0.19,up,16, 8, 2, 2, 2, 128, 0, 0, 0, 16, 0, 0, 0, 0, 0, 2
241,70.56,198,7,149.69,256,128,0.28, 0.07, 0.55, 0.1,up,16, 8, 2, 4, 2, 128, 0, 0, 0, 16, 0, 0, 2, 0, 0, 0
238,67.71,202,7,146.74,256,128,0.12, 0.14, 0.34, 0.4,down,16, 8, 2, 4, 4, 128, 0, 0, 0, 16, 0, 0, 0, 0, 0, 2
246,66.51,190,8,147.69,256,128,0.83, 0.15, 0.03, 0,right,0, 0, 0, 0, 2, 8, 0, 0, 16, 128, 0, 4, 4, 16, 2, 2
250,72.28,271,7,158.6,512,128,0, 0.23, 0.05, 0.72,down,0, 0, 0, 0, 0, 0, 2, 8, 2, 16, 128, 4, 0, 4, 16, 4
233,66.52,217,7,148.79,512,128,0.59, 0.05, 0.04, 0.31,right,0, 2, 0, 0, 0, 0, 2, 0, 0, 16, 128, 8, 2, 4, 16, 8
250,68.05,212,8,151.97,256,128,0.64, 0.04, 0.13, 0.19,right,0, 0, 0, 2, 0, 2, 0, 2, 0, 16, 128, 8, 2, 4, 16, 8
245,66.05,202,7,150.89,256,128,0.67, 0.02, 0.1, 0.2,right,2, 0, 0, 2, 0, 0, 0, 4, 0, 16, 128, 8, 2, 4, 16, 8
251,65.67,183,8,152.89,256,128,0.02, 0.01, 0.17, 0.8,down,2, 0, 0, 4, 0, 0, 0, 4, 0, 16, 128, 8, 2, 4, 16, 8
252,68.65,197,8,154.31,256,128,0.58, 0.15, 0.02, 0.25,right,0, 0, 2, 0, 0, 0, 0, 0, 0, 16, 128, 8, 4, 4, 16, 16
244,69.62,177,9,153.6,256,128,0.04, 0.07, 0.74, 0.15,up,0, 2, 0, 2, 0, 0, 0, 0, 0, 16, 128, 8, 0, 0, 8, 32
241,71.26,173,7,157.62,256,128,0.39, 0.5, 0.06, 0.05,left,0, 2, 128, 2, 0, 16, 8, 8, 0, 0, 0, 32, 0, 0, 2, 0
236,67.83,183,7,154.46,256,128,0.63, 0.32, 0, 0.04,right,2, 128, 2, 2, 16, 16, 0, 0, 32, 0, 0, 0, 2, 0, 0, 0
246,65.15,173,6,150.8,256,128,0, 0.07, 0.7, 0.23,up,0, 2, 128, 4, 0, 0, 2, 32, 0, 0, 0, 32, 0, 0, 0, 2
254,62.84,183,7,152.09,256,128,0.16, 0.42, 0.31, 0.11,left,0, 2, 128, 4, 0, 0, 2, 64, 0, 0, 2, 2, 0, 0, 0, 0
261,66.45,177,6,156.34,256,128,0.12, 0.21, 0.53, 0.14,up,2, 128, 4, 0, 2, 64, 0, 0, 4, 0, 0, 0, 0, 2, 0, 0
250,66.96,215,6,160.64,512,128,0.16, 0.16, 0.28, 0.41,down,4, 128, 4, 0, 4, 64, 0, 0, 0, 2, 0, 2, 0, 0, 0, 0
249,65.05,189,6,157.18,256,128,0.05, 0.31, 0.23, 0.42,down,0, 0, 0, 0, 0, 128, 0, 2, 0, 64, 0, 0, 8, 2, 4, 2
254,67.11,228,7,159.62,512,128,0.4, 0.27, 0.19, 0.14,right,0, 0, 0, 0, 2, 128, 0, 0, 0, 64, 0, 0, 8, 2, 4, 4
248,61.01,197,7,157.82,256,128,0, 0.07, 0.13, 0.8,down,0, 0, 0, 0, 0, 0, 2, 128, 0, 0, 2, 64, 0, 8, 2, 8
266,64.07,185,6,161.56,256,128,0.55, 0.36, 0.05, 0.04,right,0, 0, 0, 0, 0, 0, 0, 128, 2, 0, 2, 64, 0, 8, 4, 8
257,59.62,222,7,156.28,512,128,0, 0.12, 0.58, 0.3,up,0, 0, 0, 2, 0, 0, 0, 128, 0, 0, 4, 64, 0, 8, 4, 8
271,61.2,165,6,159.06,256,128,0.3, 0.27, 0.26, 0.17,right,0, 8, 8, 2, 0, 0, 0, 128, 0, 2, 0, 64, 0, 0, 0, 8
266,56.36,184,7,151.01,256,128,0.21, 0.2, 0.42, 0.18,up,0, 0, 16, 2, 0, 0, 0, 128, 2, 0, 2, 64, 0, 0, 0, 8
280,59.24,155,8,159.89,256,128,0.46, 0.09, 0.28, 0.18,right,2, 0, 16, 2, 0, 0, 2, 128, 2, 0, 0, 64, 0, 0, 0, 8
272,57.97,258,9,158.01,512,128,0.04, 0.54, 0.14, 0.28,left,2, 2, 16, 2, 0, 0, 2, 128, 0, 0, 2, 64, 0, 0, 0, 8
276,58.41,165,9,158.96,256,128,0.02, 0.04, 0.77, 0.17,up,4, 16, 2, 0, 2, 128, 0, 0, 2, 64, 0, 2, 8, 0, 0, 0
274,57.4,181,8,156.86,256,128,0.02, 0.06, 0.19, 0.74,down,4, 16, 2, 2, 4, 128, 0, 0, 8, 64, 0, 0, 0, 0, 2, 0
277,57.99,222,7,164.37,512,128,0.09, 0, 0.5, 0.41,up,0, 0, 0, 0, 2, 16, 0, 0, 8, 128, 0, 0, 8, 64, 4, 2
276,54.89,172,9,161.27,256,128,0.97, 0, 0, 0.03,right,2, 16, 4, 2, 16, 128, 0, 0, 2, 64, 0, 0, 0, 0, 0, 0
285,56.61,153,10,166.04,256,128,0.79, 0.11, 0.08, 0.03,right,2, 16, 4, 2, 0, 0, 16, 128, 0, 2, 2, 64, 0, 0, 0, 0
280,54.18,187,10,161.71,512,128,0.02, 0.18, 0.67, 0.12,up,2, 16, 4, 2, 0, 0, 16, 128, 0, 0, 4, 64, 2, 0, 0, 0
287,56.22,170,8,167.11,256,128,0.05, 0.39, 0.05, 0.51,down,4, 16, 4, 2, 0, 0, 16, 128, 0, 0, 4, 64, 0, 2, 0, 0
281,54.41,162,8,163.4,256,128,0.47, 0.05, 0.16, 0.31,right,0, 0, 0, 2, 0, 0, 4, 2, 0, 16, 16, 128, 4, 2, 4, 64
286,57.6,191,7,169.03,256,128,0.03, 0.12, 0.4, 0.45,down,2, 0, 0, 2, 0, 0, 4, 2, 0, 0, 32, 128, 4, 2, 4, 64
277,53.19,228,8,164.83,512,128,0.07, 0.02, 0.71, 0.2,up,2, 0, 0, 0, 0, 0, 4, 4, 2, 0, 32, 128, 4, 2, 4, 64
290,54.64,155,7,168.03,256,128,0.18, 0.05, 0.12, 0.65,down,4, 2, 4, 4, 4, 0, 32, 128, 0, 0, 4, 64, 0, 0, 2, 0
286,52.95,267,9,169.48,512,128,0.7, 0.05, 0.16, 0.1,right,0, 2, 4, 0, 0, 0, 32, 4, 0, 0, 4, 128, 8, 2, 2, 64
291,53.37,154,8,169.64,256,128,0.25, 0.05, 0.09, 0.61,down,0, 0, 2, 4, 2, 0, 32, 4, 0, 0, 4, 128, 0, 8, 4, 64
289,51.06,161,7,169.93,256,128,0.33, 0.11, 0.13, 0.43,down,0, 0, 0, 0, 0, 0, 2, 8, 2, 0, 32, 128, 2, 8, 8, 64
296,53.91,155,8,174.11,256,128,0.7, 0.26, 0.05, 0,right,0, 0, 0, 2, 0, 0, 2, 8, 0, 0, 32, 128, 4, 8, 8, 64
288,53.09,213,7,174.95,512,128,0, 0.41, 0.59, 0,up,0, 0, 0, 2, 0, 0, 2, 8, 0, 2, 32, 128, 0, 4, 16, 64
290,57.57,170,10,182.54,256,128,0.8, 0.14, 0, 0.06,right,2, 2, 2, 2, 0, 4, 32, 8, 0, 0, 16, 128, 0, 0, 0, 64
277,73.69,186,11,233.9,256,128,0.97, 0.01, 0.01, 0.01,right,0, 0, 4, 4, 0, 4, 32, 8, 0, 0, 16, 128, 0, 2, 0, 64
228,56.55,169,9,181.66,256,128,0.08, 0.06, 0.12, 0.74,down,2, 0, 0, 8, 0, 4, 32, 8, 0, 0, 16, 128, 0, 0, 2, 64
280,75.62,163,12,233.22,256,128,0.01, 0.02, 0.03, 0.95,down,0, 0, 0, 0, 2, 0, 32, 16, 0, 0, 16, 128, 2, 4, 2, 64
223,60.5,151,9,200.57,256,128,0.15, 0.03, 0.1, 0.72,down,2, 0, 0, 0, 0, 0, 32, 16, 0, 0, 16, 128, 4, 4, 2, 64
268,65.78,164,10,209.37,256,128,0.16, 0.12, 0.12, 0.59,down,0, 0, 0, 0, 0, 2, 32, 16, 2, 0, 16, 128, 4, 4, 2, 64
252,68.97,188,11,223.62,512,128,0.05, 0.84, 0.07, 0.03,left,0, 2, 0, 0, 0, 0, 32, 16, 2, 2, 16, 128, 4, 4, 2, 64
243,74.37,225,9,249.7,512,128,0.01, 0.02, 0.06, 0.91,down,2, 0, 2, 0, 32, 16, 0, 0, 4, 16, 128, 0, 8, 2, 64, 0
226,74.7,163,10,244.72,256,128,0.02, 0.97, 0.01, 0,left,2, 0, 0, 0, 32, 0, 2, 0, 4, 32, 128, 2, 8, 2, 64, 0
225,72.28,143,10,245.24,256,128,0.02, 0, 0.95, 0.03,up,2, 2, 0, 0, 32, 2, 0, 0, 4, 32, 128, 2, 8, 2, 64, 0
233,74.92,171,8,252.72,512,128,0.77, 0.22, 0, 0.02,right,2, 4, 128, 2, 32, 32, 64, 0, 4, 2, 2, 0, 8, 0, 0, 0
225,72.52,158,8,253.73,256,128,0.15, 0.02, 0.83, 0,up,2, 4, 128, 2, 0, 0, 64, 64, 0, 0, 4, 4, 2, 0, 0, 8
232,76.72,200,7,255.45,512,128,0.76, 0.1, 0.12, 0.01,right,4, 4, 128, 2, 0, 0, 64, 64, 0, 0, 4, 4, 0, 2, 0, 8
219,73.9,245,6,254.25,512,128,0.07, 0.11, 0.2, 0.62,down,0, 8, 128, 2, 2, 0, 0, 128, 0, 0, 0, 8, 0, 0, 2, 8
228,75.18,157,6,256,256,256,0.31, 0.28, 0.31, 0.11,right,0, 0, 2, 0, 0, 0, 0, 2, 0, 0, 128, 128, 2, 8, 2, 16
224,73.47,171,7,257.14,512,256,0.12, 0.06, 0.64, 0.18,up,0, 0, 0, 2, 0, 0, 2, 2, 0, 0, 0, 256, 2, 8, 2, 16
229,73.09,148,7,256,256,256,0.3, 0.58, 0.08, 0.04,left,2, 8, 4, 4, 0, 0, 0, 256, 0, 0, 2, 16, 0, 0, 0, 0
230,70.35,141,6,256,256,256,0.45, 0.34, 0, 0.21,right,2, 8, 8, 0, 256, 2, 0, 0, 2, 16, 0, 0, 0, 0, 0, 0
238,71.33,229,6,257.07,512,256,0, 0.41, 0.36, 0.22,left,0, 0, 2, 16, 0, 2, 256, 2, 0, 0, 2, 16, 0, 0, 0, 0
235,66.31,156,6,256,256,256,0.16, 0.13, 0.16, 0.55,down,2, 16, 0, 0, 2, 256, 2, 2, 2, 16, 0, 0, 0, 0, 0, 0
251,66.26,145,7,256,256,256,0.25, 0.28, 0.17, 0.3,down,0, 0, 0, 0, 0, 16, 0, 0, 2, 256, 2, 0, 4, 16, 2, 2
251,69.45,168,7,257.02,512,256,0.24, 0.29, 0.48, 0,up,0, 2, 0, 0, 0, 16, 0, 0, 2, 256, 0, 0, 4, 16, 4, 2
241,66.46,184,7,257.06,512,256,0.32, 0.63, 0, 0.05,left,2, 2, 4, 2, 4, 16, 2, 0, 0, 256, 0, 0, 0, 16, 0, 0
250,62.25,156,7,256,256,256,0.05, 0.03, 0.87, 0.04,up,4, 4, 2, 0, 4, 16, 2, 0, 256, 2, 0, 0, 16, 0, 0, 0
263,68.09,180,7,257.94,512,256,0.69, 0.18, 0, 0.13,right,8, 4, 4, 0, 256, 16, 0, 0, 16, 2, 0, 0, 2, 0, 0, 0
245,65.19,168,5,257.04,512,256,0.24, 0.27, 0.28, 0.21,up,0, 0, 8, 8, 0, 0, 256, 16, 0, 0, 16, 2, 0, 2, 0, 2
254,64.91,147,7,258.01,512,256,0.58, 0.11, 0.25, 0.06,right,0, 2, 8, 8, 0, 0, 256, 16, 0, 0, 16, 4, 0, 2, 0, 0
255,62.99,187,7,258,512,256,0.22, 0.1, 0.46, 0.22,up,0, 0, 2, 16, 2, 0, 256, 16, 0, 0, 16, 4, 0, 0, 0, 2
261,59.49,148,6,256.98,512,256,0.46, 0.33, 0, 0.21,right,2, 2, 2, 32, 0, 0, 256, 4, 0, 0, 16, 2, 0, 0, 0, 0
271,61.56,146,7,256,256,256,0, 0.44, 0.4, 0.16,left,0, 2, 4, 32, 0, 0, 256, 4, 0, 2, 16, 2, 0, 0, 0, 0
265,61.4,141,6,256,256,256,0.47, 0.21, 0.18, 0.14,right,2, 4, 32, 0, 256, 4, 0, 0, 2, 16, 2, 2, 0, 0, 0, 0
265,65.52,233,8,257.92,512,256,0.12, 0.06, 0.69, 0.13,up,0, 2, 4, 32, 0, 0, 256, 4, 0, 2, 16, 4, 0, 0, 2, 0
253,63.93,192,7,257.01,512,256,0.19, 0.14, 0.61, 0.06,up,0, 4, 4, 32, 0, 0, 256, 8, 0, 0, 16, 0, 2, 0, 2, 0
258,60.46,151,9,256.99,512,256,0.68, 0.09, 0.14, 0.1,right,2, 4, 4, 32, 2, 0, 256, 8, 0, 0, 16, 0, 0, 0, 2, 0
268,61.64,191,8,256.95,512,256,0, 0.04, 0.07, 0.89,down,0, 2, 8, 32, 0, 2, 256, 8, 0, 0, 2, 16, 0, 0, 0, 2
265,58.82,149,7,256,256,256,0.9, 0.06, 0.02, 0.02,right,2, 0, 0, 32, 0, 0, 8, 8, 0, 0, 256, 16, 0, 4, 2, 2
273,61.3,182,6,256.93,512,256,0.18, 0.21, 0.25, 0.36,down,0, 0, 2, 32, 2, 0, 0, 16, 0, 0, 256, 16, 0, 0, 4, 4
266,61.06,181,6,256.96,512,256,0.26, 0.11, 0.26, 0.37,down,0, 0, 0, 0, 0, 0, 2, 32, 2, 0, 256, 32, 2, 0, 4, 4
266,63.57,121,5,256,256,256,0.31, 0.24, 0.26, 0.19,right,0, 0, 0, 0, 0, 2, 2, 0, 0, 0, 256, 64, 4, 0, 4, 4
259,59.33,183,6,256.98,512,256,0.36, 0.28, 0.2, 0.16,right,0, 0, 2, 0, 0, 0, 0, 4, 0, 0, 256, 64, 0, 0, 4, 8
271,58.15,205,7,257.88,512,256,0, 0.04, 0.96, 0,up,0, 0, 0, 2, 0, 0, 0, 4, 0, 0, 256, 64, 0, 2, 4, 8
275,58.52,205,7,257.86,512,256,0.15, 0.17, 0.15, 0.53,down,0, 2, 256, 2, 0, 2, 4, 4, 0, 0, 0, 64, 0, 0, 0, 8
274,56.77,172,6,256.93,512,256,0.57, 0.29, 0.05, 0.09,right,0, 2, 0, 2, 0, 0, 0, 4, 0, 0, 256, 64, 0, 4, 4, 8
279,53.78,188,6,256.91,512,256,0.19, 0.18, 0.25, 0.38,down,2, 0, 0, 4, 0, 0, 0, 4, 0, 0, 256, 64, 0, 0, 8, 8
288,56.35,169,5,259.54,512,256,0.28, 0.27, 0.18, 0.27,right,0, 0, 0, 0, 0, 0, 0, 8, 2, 0, 256, 64, 2, 0, 8, 8
280,52.34,147,6,256.91,512,256,0.32, 0.16, 0.2, 0.32,right,0, 0, 0, 0, 2, 0, 0, 8, 0, 2, 256, 64, 0, 0, 2, 16
292,53.9,164,6,256.87,512,256,0.45, 0.4, 0.09, 0.06,right,0, 0, 0, 0, 0, 2, 2, 8, 0, 2, 256, 64, 0, 0, 2, 16
288,50.57,136,6,256.89,512,256,0.37, 0.18, 0.21, 0.24,right,0, 0, 0, 0, 2, 0, 4, 8, 0, 2, 256, 64, 0, 0, 2, 16
298,51.34,169,6,258.57,512,256,0.37, 0.42, 0.07, 0.13,left,0, 0, 2, 0, 0, 2, 4, 8, 0, 2, 256, 64, 0, 0, 2, 16
295,50.04,118,7,256,256,256,0.3, 0.13, 0.43, 0.13,up,2, 0, 2, 0, 2, 4, 8, 0, 2, 256, 64, 0, 2, 16, 0, 0
299,51.29,211,8,258.56,512,256,0.06, 0.08, 0.79, 0.07,up,4, 4, 2, 0, 4, 256, 8, 0, 0, 16, 64, 2, 0, 0, 0, 0
296,49.62,165,7,257.72,512,256,0.35, 0.59, 0.03, 0.04,left,8, 4, 2, 2, 0, 256, 8, 2, 0, 16, 64, 0, 0, 0, 0, 0
301,49.2,164,6,257.7,512,256,0.38, 0.36, 0.11, 0.15,right,8, 4, 4, 0, 256, 8, 2, 0, 16, 64, 2, 0, 0, 0, 0, 0
302,50.08,202,6,261.07,512,256,0.18, 0.21, 0.23, 0.38,down,0, 0, 8, 8, 0, 256, 8, 2, 2, 16, 64, 2, 0, 0, 0, 0
299,46.26,125,8,256.85,512,256,0, 0.83, 0.17, 0,left,0, 0, 0, 0, 0, 0, 0, 2, 0, 256, 16, 8, 2, 16, 64, 4
311,48.79,153,6,256,256,256,0.08, 0.29, 0.25, 0.38,down,0, 0, 2, 0, 2, 0, 0, 0, 256, 16, 8, 0, 2, 16, 64, 4
303,47.87,193,6,257.68,512,256,0.45, 0.15, 0.14, 0.26,right,2, 0, 0, 0, 2, 0, 2, 0, 256, 0, 8, 0, 2, 32, 64, 4
306,46.04,171,8,257.67,512,256,0, 0.66, 0.34, 0,left,0, 0, 0, 2, 0, 0, 2, 4, 0, 0, 256, 8, 2, 32, 64, 4
311,47.17,152,7,256.82,512,256,0.06, 0.12, 0.18, 0.64,down,2, 0, 0, 0, 2, 4, 0, 0, 256, 8, 0, 2, 2, 32, 64, 4
308,45.61,176,7,259.31,512,256,0.21, 0.24, 0.3, 0.25,up,0, 0, 0, 2, 4, 4, 0, 0, 256, 8, 0, 2, 2, 32, 64, 4
313,46.71,179,7,260.08,512,256,0.26, 0.45, 0.16, 0.12,left,4, 4, 64, 4, 256, 8, 0, 4, 2, 32, 2, 0, 0, 0, 0, 0
309,42.53,170,7,259.3,512,256,0.1, 0.17, 0.21, 0.52,down,8, 64, 4, 0, 256, 8, 4, 0, 2, 32, 2, 2, 0, 0, 0, 0
322,45,195,6,258.38,512,256,0.36, 0.24, 0.21, 0.19,right,0, 0, 0, 2, 8, 64, 0, 0, 256, 8, 8, 0, 2, 32, 2, 2
315,41.01,149,7,256.81,512,256,0.23, 0.37, 0.4, 0,up,0, 0, 0, 2, 0, 0, 8, 64, 0, 0, 256, 16, 2, 2, 32, 4
326,38.23,97,7,256,256,256,0.31, 0.06, 0.37, 0.27,up,2, 2, 8, 2, 0, 0, 256, 64, 2, 0, 32, 16, 0, 0, 0, 4
335,40.42,121,7,256,256,256,0, 0.05, 0.79, 0.16,up,4, 2, 8, 2, 0, 2, 256, 64, 0, 0, 32, 16, 0, 0, 0, 4
328,37.24,101,7,256,256,256,0.16, 0.63, 0.15, 0.05,left,4, 4, 8, 2, 0, 0, 256, 64, 0, 0, 32, 16, 0, 2, 0, 4
338,38.99,203,8,259.02,512,256,0.34, 0.11, 0, 0.56,down,8, 8, 2, 2, 256, 64, 0, 0, 32, 16, 0, 0, 2, 4, 0, 0
333,43.77,183,10,257.53,512,256,0.22, 0.68, 0.04, 0.07,left,8, 8, 0, 0, 256, 64, 0, 2, 32, 16, 0, 0, 2, 4, 2, 2
318,39.2,111,6,256,256,256,0.36, 0.11, 0.23, 0.3,right,16, 0, 2, 0, 256, 64, 2, 0, 32, 16, 0, 0, 2, 4, 4, 0
332,44.22,180,10,258.31,512,256,0.07, 0.04, 0.82, 0.07,up,2, 0, 16, 2, 0, 256, 64, 2, 0, 0, 32, 16, 0, 0, 2, 8
317,42.52,138,10,259.22,512,256,0.47, 0.05, 0.36, 0.12,right,2, 256, 16, 4, 0, 0, 64, 16, 0, 2, 32, 8, 0, 0, 2, 0
322,44.01,200,12,258.38,512,256,0, 0.87, 0.05, 0.08,left,2, 256, 16, 4, 0, 2, 64, 16, 0, 2, 32, 8, 0, 0, 0, 2
317,49.12,197,10,260.83,512,256,0.03, 0, 0.07, 0.9,down,2, 256, 16, 4, 2, 64, 16, 2, 2, 32, 8, 0, 2, 0, 0, 0
302,49.07,213,9,259.38,512,256,0.05, 0.74, 0.06, 0.15,left,0, 0, 2, 0, 0, 256, 0, 0, 4, 64, 32, 4, 4, 32, 8, 2
302,52.24,208,8,263.6,512,256,0.04, 0.03, 0.91, 0.02,up,2, 0, 2, 0, 256, 0, 0, 0, 4, 64, 32, 4, 4, 32, 8, 2
293,50.19,157,7,262.1,512,256,0.22, 0.7, 0.03, 0.05,left,2, 64, 2, 4, 256, 32, 32, 2, 8, 0, 8, 2, 0, 0, 0, 0
299,50.47,179,6,259.41,512,256,0.02, 0, 0.47, 0.51,down,2, 64, 2, 4, 256, 64, 2, 0, 16, 2, 0, 0, 2, 0, 0, 0
298,48.5,124,7,258.57,512,256,0.51, 0.24, 0.03, 0.22,right,2, 0, 0, 0, 256, 0, 2, 0, 16, 128, 0, 0, 2, 2, 4, 4
304,49.97,128,8,257.68,512,256,0.09, 0.04, 0.06, 0.81,down,0, 2, 0, 2, 0, 0, 256, 2, 0, 0, 16, 128, 0, 0, 4, 8
300,51.17,192,9,262.8,512,256,0.07, 0.03, 0.07, 0.82,down,2, 0, 0, 0, 0, 0, 256, 4, 0, 0, 16, 128, 0, 2, 4, 8
296,46.81,173,8,258.59,512,256,0.86, 0.1, 0.04, 0,right,0, 0, 0, 2, 0, 0, 256, 4, 0, 0, 16, 128, 2, 2, 4, 8
309,47.11,155,7,260.13,512,256,0.18, 0.68, 0.02, 0.12,left,0, 0, 0, 2, 2, 0, 256, 4, 0, 0, 16, 128, 0, 4, 4, 8
308,48.45,156,7,260.97,512,256,0.19, 0.51, 0.1, 0.19,left,2, 0, 0, 0, 2, 256, 4, 2, 16, 128, 0, 0, 8, 8, 0, 0
304,46.17,127,7,257.68,512,256,0.35, 0, 0.29, 0.36,down,2, 0, 0, 0, 2, 256, 4, 2, 16, 128, 0, 0, 16, 2, 0, 0
311,44.83,153,6,260.1,512,256,0.17, 0.2, 0.38, 0.25,up,0, 0, 0, 2, 0, 256, 0, 0, 4, 128, 0, 0, 32, 2, 4, 2
315,47.59,191,6,264.1,512,256,0.13, 0.3, 0.26, 0.31,down,4, 256, 4, 4, 32, 128, 0, 0, 0, 2, 2, 0, 0, 0, 0, 0
307,45.89,167,8,260.99,512,256,0.18, 0.78, 0.04, 0,left,0, 0, 0, 0, 0, 256, 2, 0, 4, 128, 4, 0, 32, 2, 2, 4
312,42.71,184,7,259.27,512,256,0.68, 0.13, 0.1, 0.09,right,0, 0, 0, 0, 256, 2, 0, 2, 4, 128, 4, 0, 32, 4, 4, 0
321,42.69,199,7,259.98,512,256,0.25, 0.08, 0.23, 0.44,down,0, 0, 2, 0, 0, 0, 256, 4, 0, 4, 128, 4, 0, 0, 32, 8
321,41.95,142,6,259.18,512,256,0.2, 0.11, 0.5, 0.19,up,0, 2, 2, 0, 0, 0, 256, 0, 0, 0, 128, 8, 0, 4, 32, 8
324,41.16,183,7,260.73,512,256,0.56, 0.22, 0, 0.22,right,0, 2, 2, 16, 0, 4, 256, 0, 0, 2, 128, 0, 0, 0, 32, 0
326,41.4,152,6,260.7,512,256,0.19, 0.26, 0.24, 0.32,down,0, 0, 4, 16, 0, 0, 4, 256, 0, 2, 2, 128, 0, 0, 0, 32
325,41.26,173,7,264.64,512,256,0.16, 0.17, 0.45, 0.22,up,0, 0, 0, 16, 2, 0, 0, 256, 0, 0, 8, 128, 0, 2, 2, 32
326,40.62,108,9,257.57,512,256,0.14, 0.78, 0.05, 0.03,left,2, 2, 8, 16, 0, 2, 2, 256, 0, 0, 0, 128, 0, 0, 0, 32
328,44.2,203,7,263.78,512,256,0.03, 0.1, 0.73, 0.13,up,4, 8, 16, 0, 4, 256, 0, 0, 128, 0, 2, 0, 32, 0, 0, 0
317,41.39,169,6,260.83,512,256,0.33, 0.32, 0.22, 0.12,right,8, 8, 16, 0, 128, 256, 2, 0, 32, 0, 0, 0, 0, 2, 0, 0
325,42.55,186,7,265.42,512,256,0.32, 0.49, 0.13, 0.06,left,0, 0, 16, 16, 0, 128, 256, 2, 0, 0, 0, 32, 0, 0, 2, 2
322,42.33,128,6,264.72,512,256,0.38, 0.27, 0.13, 0.23,right,32, 0, 2, 0, 128, 256, 2, 0, 32, 0, 0, 0, 4, 0, 0, 0
323,43.03,183,7,263.9,512,256,0.08, 0.08, 0.28, 0.57,down,0, 0, 32, 2, 0, 128, 256, 2, 2, 0, 0, 32, 0, 0, 0, 4
320,43.55,129,7,266.37,512,256,0.52, 0.15, 0.1, 0.22,right,2, 0, 0, 0, 0, 0, 0, 4, 0, 0, 32, 32, 2, 128, 256, 4
319,42.23,156,7,263.2,512,256,0, 0.38, 0.36, 0.26,left,0, 0, 0, 2, 0, 0, 2, 4, 0, 0, 0, 64, 2, 128, 256, 4
323,41.27,171,8,267.85,512,256,0.07, 0.05, 0.12, 0.76,down,2, 0, 2, 0, 2, 4, 0, 0, 64, 0, 0, 0, 2, 128, 256, 4
326,40.8,153,8,266.96,512,256,0.3, 0, 0.7, 0,up,2, 0, 0, 0, 4, 0, 0, 0, 64, 4, 2, 0, 2, 128, 256, 4
327,38.88,132,8,263.8,512,256,0.13, 0, 0, 0.87,down,2, 4, 2, 4, 4, 128, 256, 0, 64, 2, 0, 0, 2, 0, 0, 0
333,37.2,125,7,261.37,512,256,0.42, 0.11, 0.06, 0.4,right,2, 0, 0, 0, 4, 4, 2, 0, 64, 128, 2, 0, 2, 2, 256, 4
338,36.45,149,7,267.33,512,256,0.12, 0.23, 0.1, 0.55,down,2, 0, 0, 2, 0, 0, 8, 2, 0, 64, 128, 2, 0, 4, 256, 4
340,38.3,137,7,266.51,512,256,0, 0.06, 0.4, 0.54,down,0, 0, 0, 2, 0, 0, 8, 2, 0, 64, 128, 4, 2, 4, 256, 4
335,34.79,170,8,264.38,512,256,0, 0.82, 0.18, 0,left,0, 0, 0, 0, 0, 0, 8, 2, 0, 64, 128, 4, 2, 4, 256, 8
345,35.49,162,8,265.62,512,256,0.79, 0, 0.21, 0,right,0, 0, 0, 0, 8, 2, 0, 0, 64, 128, 4, 2, 2, 4, 256, 8
343,35.05,139,7,268.65,512,256,0.09, 0.04, 0.43, 0.44,down,0, 0, 0, 0, 2, 0, 8, 2, 64, 128, 4, 2, 2, 4, 256, 8
344,35.05,153,7,270.1,512,256,0.47, 0.3, 0.22, 0,right,0, 0, 2, 0, 2, 0, 8, 0, 64, 128, 4, 4, 2, 4, 256, 8
344,32.83,112,7,263.42,512,256,0.32, 0.09, 0.46, 0.12,up,0, 0, 0, 2, 0, 2, 2, 8, 0, 64, 128, 8, 2, 4, 256, 8
351,30.53,166,7,262.55,512,256,0.13, 0.49, 0.16, 0.23,left,2, 2, 2, 2, 0, 64, 128, 16, 0, 4, 256, 8, 2, 0, 0, 0
358,32.79,166,7,267.41,512,256,0.23, 0.25, 0.19, 0.33,down,4, 4, 0, 0, 64, 128, 16, 0, 4, 256, 8, 0, 2, 2, 0, 0
351,32.37,138,8,267.64,512,256,0.03, 0.91, 0.02, 0.04,left,4, 4, 0, 0, 64, 128, 0, 0, 4, 256, 16, 2, 2, 2, 8, 0
352,33.95,136,7,271.23,512,256,0.04, 0.12, 0.24, 0.59,down,8, 0, 0, 0, 64, 128, 0, 2, 4, 256, 16, 2, 4, 8, 0, 0
348,32.89,149,7,269.94,512,256,0.17, 0.78, 0.04, 0,left,0, 0, 0, 0, 8, 128, 0, 0, 64, 256, 0, 2, 8, 8, 16, 4
351,31.75,142,6,268.36,512,256,0.12, 0.22, 0.31, 0.34,down,0, 0, 0, 0, 8, 128, 2, 0, 64, 256, 2, 0, 16, 16, 4, 0
354,32.7,148,7,275.47,512,256,0.1, 0.17, 0.4, 0.33,up,0, 0, 0, 0, 8, 128, 0, 0, 64, 256, 4, 0, 16, 16, 4, 2
351,32.68,145,7,274.18,512,256,0.16, 0.27, 0.35, 0.23,up,8, 128, 8, 2, 64, 256, 0, 0, 16, 16, 2, 0, 0, 0, 0, 0
351,29.28,132,7,268.36,512,256,0.2, 0.18, 0.45, 0.17,up,8, 128, 8, 2, 64, 256, 2, 0, 16, 16, 0, 0, 0, 0, 0, 2
362,29.03,186,7,263.76,512,256,0.06, 0.12, 0.38, 0.44,down,8, 128, 8, 4, 64, 256, 2, 0, 16, 16, 0, 0, 0, 0, 2, 0
362,32.38,152,7,281.39,512,256,0.64, 0.32, 0.05, 0,right,0, 0, 0, 0, 8, 128, 2, 0, 64, 256, 8, 0, 16, 16, 4, 4
352,29.74,168,6,271.95,512,256,0.44, 0.08, 0.2, 0.28,right,2, 0, 0, 0, 0, 8, 128, 2, 0, 64, 256, 8, 0, 0, 32, 8
360,29.95,153,10,275.86,512,256,0.1, 0.61, 0.15, 0.14,left,0, 0, 2, 2, 0, 8, 128, 2, 0, 64, 256, 8, 0, 0, 32, 8
360,29.68,156,9,271.6,512,256,0.78, 0.05, 0.05, 0.12,right,4, 0, 2, 0, 8, 128, 2, 0, 64, 256, 8, 0, 32, 8, 0, 0
360,47.46,185,15,342.52,512,256,0, 0.01, 0.95, 0.04,up,0, 0, 4, 2, 0, 8, 128, 2, 0, 64, 256, 8, 0, 2, 32, 8
307,38.74,148,12,314.18,512,256,0.59, 0.33, 0.05, 0.02,right,0, 8, 4, 4, 2, 64, 128, 16, 0, 2, 256, 0, 0, 0, 32, 0
333,57.73,159,14,398.56,512,256,0.14, 0.05, 0.78, 0.03,up,2, 0, 8, 8, 2, 64, 128, 16, 0, 0, 2, 256, 0, 0, 0, 32
276,41.91,133,11,324.39,512,256,0.76, 0.12, 0.1, 0.02,right,4, 64, 8, 8, 0, 0, 128, 16, 0, 2, 2, 256, 0, 0, 0, 32
324,63.4,171,14,437.96,512,256,0.02, 0.01, 0.05, 0.92,down,0, 4, 64, 16, 0, 0, 128, 16, 0, 0, 4, 256, 2, 0, 0, 32
259,62.16,188,10,416.49,512,256,0.16, 0.78, 0.02, 0.04,left,2, 0, 0, 0, 0, 0, 64, 32, 0, 0, 128, 256, 2, 4, 4, 32
263,72.94,183,12,476.12,512,256,0.01, 0.01, 0.96, 0.01,up,2, 0, 0, 0, 64, 32, 0, 2, 128, 256, 0, 0, 2, 8, 32, 0
231,73.06,211,10,480,512,256,0.05, 0.94, 0, 0.01,left,2, 32, 32, 2, 64, 256, 2, 0, 128, 8, 0, 0, 2, 0, 0, 0
230,74.88,208,11,471,512,256,0.02, 0.8, 0.02, 0.16,left,2, 64, 2, 0, 64, 256, 2, 0, 128, 8, 0, 0, 2, 2, 0, 0
225,74.3,176,9,497.27,512,256,0.02, 0.04, 0.01, 0.93,down,2, 64, 2, 0, 64, 256, 2, 2, 128, 8, 0, 0, 4, 0, 0, 0
227,80.32,210,8,505.26,512,256,0.02, 0.81, 0.17, 0,left,2, 2, 0, 0, 64, 64, 0, 0, 128, 256, 0, 0, 4, 8, 4, 2
209,78.72,202,9,509.56,512,256,0.03, 0, 0.07, 0.9,down,4, 2, 0, 0, 128, 0, 0, 0, 128, 256, 0, 0, 4, 8, 4, 2
213,76.96,163,6,512,512,256,0.06, 0.2, 0.12, 0.62,down,0, 0, 0, 0, 4, 2, 0, 0, 256, 256, 0, 2, 4, 8, 4, 2
219,76.57,202,8,512,512,512,0.24, 0.71, 0.02, 0.03,left,0, 0, 0, 2, 4, 2, 0, 0, 256, 256, 0, 0, 4, 8, 4, 4
220,77.03,156,6,512,512,512,0.18, 0.47, 0.04, 0.31,left,2, 2, 0, 0, 4, 2, 0, 0, 512, 0, 0, 0, 4, 8, 8, 0
218,72.74,190,7,512,512,512,0.14, 0.19, 0.11, 0.56,down,4, 0, 0, 0, 4, 2, 2, 0, 512, 0, 0, 0, 4, 16, 0, 0
231,73.21,210,6,512,512,512,0.13, 0.21, 0.17, 0.49,down,0, 0, 0, 2, 8, 0, 0, 0, 512, 2, 0, 0, 4, 16, 2, 0
230,71.57,161,7,512,512,512,0.88, 0.04, 0.03, 0.05,right,0, 0, 0, 0, 8, 0, 0, 0, 512, 2, 2, 0, 4, 16, 2, 2
235,72.91,159,7,512,512,512,0.02, 0.03, 0.13, 0.82,down,0, 0, 0, 0, 0, 2, 0, 8, 0, 0, 512, 4, 0, 4, 16, 4
231,71.67,184,6,512,512,512,0, 0.06, 0.29, 0.65,down,0, 0, 0, 0, 0, 0, 0, 0, 0, 2, 512, 8, 2, 4, 16, 8
234,71.8,191,6,512,512,512,0.37, 0.35, 0.16, 0.13,right,0, 0, 0, 2, 0, 0, 0, 0, 0, 2, 512, 0, 2, 4, 16, 16
234,69.89,181,6,512,512,512,0.32, 0.2, 0.24, 0.23,right,0, 0, 0, 2, 0, 0, 0, 0, 2, 0, 2, 512, 0, 2, 4, 32
240,66.28,179,6,512,512,512,0.19, 0.16, 0.27, 0.38,down,2, 0, 0, 2, 0, 0, 0, 0, 0, 0, 4, 512, 0, 2, 4, 32
251,66.41,144,7,512,512,512,0.19, 0.57, 0.09, 0.15,left,0, 0, 0, 0, 0, 0, 0, 2, 0, 2, 0, 512, 2, 2, 8, 32
250,65.77,185,6,512,512,512,0.2, 0.05, 0.13, 0.62,down,0, 0, 0, 0, 2, 0, 2, 0, 2, 512, 0, 0, 4, 8, 32, 0
252,66.64,176,6,512,512,512,0.11, 0.21, 0.26, 0.42,down,0, 0, 0, 2, 0, 0, 0, 0, 4, 512, 2, 0, 4, 8, 32, 0
250,62.86,145,6,512,512,512,0.4, 0.39, 0.21, 0,right,0, 0, 0, 0, 0, 0, 0, 0, 2, 512, 2, 0, 8, 8, 32, 2
261,65.21,197,6,512,512,512,0.24, 0.34, 0.23, 0.19,left,0, 0, 0, 0, 0, 0, 0, 0, 2, 2, 512, 2, 0, 16, 32, 2
254,63.25,165,6,512,512,512,0.25, 0.28, 0.14, 0.33,down,0, 0, 0, 0, 0, 0, 0, 0, 4, 512, 2, 0, 16, 32, 2, 2
260,59.03,164,6,512,512,512,0.12, 0.14, 0.29, 0.44,down,0, 0, 0, 0, 0, 0, 0, 0, 4, 512, 0, 2, 16, 32, 4, 2
272,61.09,156,6,512,512,512,0.34, 0.25, 0.08, 0.33,right,0, 2, 0, 0, 0, 0, 0, 0, 4, 512, 0, 0, 16, 32, 4, 4
266,59.86,134,6,512,512,512,0.23, 0.51, 0.15, 0.11,left,0, 0, 2, 2, 0, 0, 0, 0, 0, 0, 4, 512, 0, 16, 32, 8
270,59.54,162,6,512,512,512,0.21, 0.22, 0.23, 0.34,down,4, 0, 0, 0, 0, 0, 0, 0, 4, 512, 0, 2, 16, 32, 8, 0
271,59.24,174,8,512,512,512,0.59, 0.22, 0.19, 0,right,0, 0, 0, 0, 0, 2, 0, 0, 8, 512, 0, 0, 16, 32, 8, 2
272,63.91,179,9,512,512,512,0.06, 0.02, 0.85, 0.07,up,0, 0, 0, 0, 0, 0, 0, 2, 2, 0, 8, 512, 16, 32, 8, 2
258,62.73,200,7,512,512,512,0.8, 0.08, 0.06, 0.06,right,2, 32, 16, 2, 16, 0, 0, 512, 0, 0, 0, 2, 2, 0, 0, 0
261,61.95,201,8,512,512,512,0.03, 0.05, 0.86, 0.06,up,2, 32, 16, 2, 0, 0, 16, 512, 0, 0, 2, 2, 0, 0, 0, 2
264,60.31,136,6,512,512,512,0.31, 0.33, 0.29, 0.07,left,2, 32, 32, 2, 0, 0, 2, 512, 2, 0, 0, 4, 0, 0, 0, 0
269,60.79,129,6,512,512,512,0.02, 0.13, 0.29, 0.55,down,2, 64, 2, 0, 2, 512, 0, 0, 2, 4, 0, 0, 0, 0, 0, 2
267,60.55,169,6,512,512,512,0.49, 0.23, 0.1, 0.18,right,0, 0, 0, 0, 2, 64, 0, 0, 2, 512, 0, 0, 4, 4, 2, 2
268,58.88,132,7,512,512,512,0, 0.64, 0.15, 0.21,left,0, 0, 0, 2, 0, 0, 2, 64, 0, 0, 2, 512, 0, 0, 8, 4
273,59.35,146,6,512,512,512,0.15, 0.59, 0.05, 0.21,left,2, 0, 2, 0, 2, 64, 0, 0, 2, 512, 0, 0, 8, 4, 0, 0
271,57.18,136,6,512,512,512,0.1, 0.25, 0.25, 0.4,down,4, 0, 0, 2, 2, 64, 0, 0, 2, 512, 0, 0, 8, 4, 0, 0
278,57.9,160,6,512,512,512,0.04, 0.08, 0.25, 0.63,down,0, 0, 0, 0, 4, 64, 0, 0, 4, 512, 0, 2, 8, 4, 0, 2
276,58.05,121,6,512,512,512,0.22, 0.5, 0.15, 0.13,left,0, 0, 0, 0, 0, 64, 0, 0, 8, 512, 0, 2, 8, 4, 0, 4
275,55.16,222,5,512,512,512,0.13, 0.23, 0.33, 0.31,up,0, 2, 0, 0, 64, 0, 0, 0, 8, 512, 2, 0, 8, 8, 0, 0
284,55.27,135,7,512,512,512,0.08, 0.22, 0, 0.7,down,64, 2, 2, 2, 16, 512, 0, 0, 0, 8, 0, 0, 0, 0, 0, 0
284,50.45,151,7,512,512,512,0.49, 0.14, 0.37, 0,right,0, 0, 0, 0, 2, 2, 0, 0, 64, 512, 0, 0, 16, 8, 2, 2
298,51.17,137,7,512,512,512,0.13, 0.35, 0.29, 0.23,left,2, 0, 0, 0, 0, 0, 0, 4, 0, 0, 64, 512, 0, 16, 8, 4
296,51.67,188,8,512,512,512,0.2, 0, 0.8, 0,up,2, 0, 0, 0, 4, 2, 0, 0, 64, 512, 0, 0, 16, 8, 4, 0
294,47.58,153,7,512,512,512,0.25, 0.64, 0, 0.11,left,2, 2, 4, 0, 4, 512, 0, 0, 64, 8, 0, 0, 16, 2, 0, 0
307,47.48,125,6,512,512,512,0.16, 0.17, 0.14, 0.53,down,4, 4, 0, 0, 4, 512, 0, 0, 64, 8, 0, 0, 16, 2, 0, 2
307,49.39,135,6,512,512,512,0.5, 0.17, 0.17, 0.17,right,0, 4, 0, 0, 8, 512, 0, 0, 64, 8, 2, 0, 16, 2, 0, 2
301,52.17,140,8,512,512,512,0, 0.03, 0.76, 0.21,up,0, 0, 0, 4, 0, 0, 8, 512, 0, 64, 8, 2, 0, 2, 16, 4
293,50.02,163,6,512,512,512,0.54, 0.18, 0.14, 0.14,right,0, 64, 16, 4, 0, 2, 16, 512, 2, 0, 0, 2, 0, 0, 0, 4
299,48.36,151,7,512,512,512,0, 0.05, 0.54, 0.41,up,0, 64, 16, 4, 0, 2, 16, 512, 0, 0, 0, 4, 0, 0, 2, 4
304,48.3,145,7,512,512,512,0.15, 0.52, 0.13, 0.19,left,0, 64, 32, 4, 0, 2, 2, 512, 0, 0, 2, 8, 0, 0, 0, 0
305,46.58,141,8,512,512,512,0.92, 0, 0, 0.08,right,64, 32, 4, 0, 4, 512, 2, 0, 2, 8, 0, 0, 0, 0, 0, 0
310,43.6,157,7,512,512,512,0.03, 0.29, 0.42, 0.26,up,0, 64, 32, 4, 0, 4, 512, 2, 0, 0, 2, 8, 0, 2, 0, 0
319,45,172,7,512,512,512,0.11, 0.8, 0.05, 0.04,left,0, 64, 32, 4, 0, 4, 512, 2, 2, 2, 2, 8, 0, 0, 0, 0
315,45.05,117,8,512,512,512,0.08, 0.32, 0.42, 0.19,up,64, 32, 4, 0, 4, 512, 2, 0, 4, 2, 8, 0, 0, 0, 0, 2
314,44.84,135,7,512,512,512,0.68, 0.22, 0, 0.1,right,64, 32, 4, 2, 8, 512, 2, 0, 0, 2, 8, 0, 0, 0, 2, 0
315,45.46,153,10,512,512,512,0.06, 0.18, 0.26, 0.5,down,64, 32, 4, 2, 0, 8, 512, 2, 2, 0, 2, 8, 0, 0, 0, 2
313,42.2,149,8,512,512,512,0.72, 0.17, 0.11, 0,right,0, 0, 0, 2, 0, 0, 4, 4, 64, 32, 512, 8, 2, 8, 2, 2
323,51.28,123,9,512,512,512,0.05, 0.04, 0.82, 0.09,up,0, 0, 0, 2, 0, 0, 0, 8, 64, 32, 512, 8, 2, 2, 8, 4
296,52.88,147,9,512,512,512,0.02, 0.94, 0.02, 0.02,left,64, 32, 512, 2, 2, 2, 8, 16, 0, 0, 0, 4, 0, 2, 0, 0
291,51.53,133,7,512,512,512,0.05, 0.13, 0.77, 0.05,up,64, 32, 512, 2, 4, 8, 16, 0, 4, 0, 0, 0, 2, 0, 0, 2
295,56.96,154,8,512,512,512,0.1, 0.89, 0, 0.01,left,64, 32, 512, 4, 8, 8, 16, 0, 2, 0, 2, 0, 0, 0, 0, 0
279,55.04,129,8,512,512,512,0.07, 0.91, 0, 0.02,left,64, 32, 512, 4, 16, 16, 0, 2, 4, 0, 0, 0, 0, 0, 0, 0
284,54.16,147,9,512,512,512,0.11, 0, 0, 0.89,down,64, 32, 512, 4, 32, 2, 0, 0, 4, 0, 0, 0, 2, 0, 0, 0
287,53.12,152,9,512,512,512,0.03, 0.12, 0.82, 0.03,up,64, 0, 0, 0, 32, 0, 2, 0, 4, 32, 0, 0, 2, 2, 512, 4
290,54.63,119,7,512,512,512,0.93, 0.04, 0.02, 0.02,right,64, 32, 2, 4, 32, 2, 512, 0, 4, 0, 0, 2, 2, 0, 0, 0
286,54.76,162,7,512,512,512,0.01, 0.02, 0.73, 0.24,up,64, 32, 2, 4, 0, 32, 2, 512, 0, 0, 4, 2, 0, 2, 0, 2
285,55.36,139,7,512,512,512,0.69, 0.08, 0.17, 0.06,right,64, 64, 4, 4, 0, 2, 4, 512, 0, 0, 0, 4, 0, 0, 2, 0
283,52.85,146,6,512,512,512,0, 0.54, 0.26, 0.2,left,0, 2, 128, 8, 0, 2, 4, 512, 0, 0, 0, 4, 0, 0, 0, 2
291,52.24,112,8,512,512,512,0.13, 0, 0.51, 0.36,up,2, 128, 8, 2, 2, 4, 512, 0, 4, 0, 0, 0, 2, 0, 0, 0
293,54.27,148,6,512,512,512,0.08, 0.1, 0.47, 0.34,up,4, 128, 8, 2, 4, 4, 512, 0, 2, 0, 0, 0, 2, 0, 0, 0
287,54.05,159,6,512,512,512,0.43, 0.19, 0.12, 0.26,right,8, 128, 8, 2, 4, 4, 512, 0, 0, 0, 0, 0, 0, 0, 2, 0
287,52.09,168,6,512,512,512,0.17, 0.2, 0.38, 0.25,up,8, 128, 8, 2, 0, 0, 8, 512, 2, 0, 0, 0, 0, 0, 0, 2
293,49.96,125,7,512,512,512,0.26, 0.63, 0, 0.1,left,8, 128, 16, 2, 2, 0, 2, 512, 0, 0, 0, 2, 0, 0, 0, 0
300,48.06,120,7,512,512,512,0.11, 0.55, 0.25, 0.08,left,8, 128, 16, 2, 4, 512, 0, 0, 2, 0, 0, 0, 0, 0, 2, 0
305,49.49,125,6,512,512,512,0.08, 0.15, 0.4, 0.38,up,8, 128, 16, 2, 4, 512, 0, 0, 2, 0, 0, 0, 2, 2, 0, 0
301,49.65,141,6,512,512,512,0.04, 0.24, 0.47, 0.25,up,8, 128, 16, 2, 4, 512, 0, 2, 4, 2, 0, 0, 0, 0, 0, 0
301,44.92,138,6,512,512,512,0.06, 0.24, 0.25, 0.45,down,8, 128, 16, 4, 8, 512, 0, 0, 0, 2, 0, 0, 0, 0, 2, 0
315,46.1,130,7,512,512,512,0.37, 0.44, 0.04, 0.15,left,0, 0, 2, 0, 0, 128, 0, 0, 0, 512, 16, 0, 16, 2, 2, 4
311,45.53,123,6,512,512,512,0.4, 0.52, 0.08, 0,left,2, 0, 0, 0, 128, 0, 0, 0, 512, 16, 0, 0, 16, 4, 4, 2
313,47.69,141,6,512,512,512,0.52, 0, 0.2, 0.28,right,2, 0, 0, 0, 128, 0, 0, 0, 512, 16, 2, 0, 16, 8, 2, 0
306,43.56,136,7,512,512,512,0.34, 0.26, 0.07, 0.34,down,2, 0, 0, 2, 0, 0, 0, 128, 0, 512, 16, 2, 0, 16, 8, 2
319,42.45,123,10,512,512,512,0, 0.23, 0.47, 0.3,up,0, 0, 0, 0, 0, 0, 0, 2, 2, 512, 16, 128, 2, 16, 8, 4
322,41.89,121,9,512,512,512,0.07, 0.09, 0, 0.84,down,4, 512, 16, 2, 0, 16, 8, 128, 0, 2, 0, 4, 0, 0, 0, 0
324,41.74,140,7,512,512,512,0.35, 0.06, 0.48, 0.11,up,0, 0, 2, 0, 0, 512, 0, 2, 0, 16, 16, 128, 4, 2, 8, 4
324,42.23,125,7,512,512,512,0.09, 0.88, 0, 0.03,left,4, 512, 2, 2, 0, 16, 16, 128, 0, 2, 8, 4, 0, 0, 2, 0
323,39.89,114,7,512,512,512,0.05, 0.05, 0.31, 0.59,down,4, 512, 4, 0, 32, 128, 0, 2, 2, 8, 4, 0, 2, 0, 0, 0
330,39.55,145,6,512,512,512,0.25, 0.4, 0.1, 0.25,left,0, 0, 0, 0, 4, 512, 2, 0, 32, 128, 0, 0, 4, 8, 8, 2
331,37.95,155,7,512,512,512,0.3, 0.32, 0.17, 0.2,left,0, 0, 2, 0, 4, 512, 2, 0, 32, 128, 0, 0, 4, 16, 2, 0
336,38.73,144,6,512,512,512,0.28, 0.32, 0.06, 0.33,down,2, 0, 0, 0, 4, 512, 2, 0, 32, 128, 0, 0, 4, 16, 2, 2
333,37.29,123,6,512,512,512,0.15, 0.25, 0.16, 0.43,down,2, 0, 0, 2, 4, 512, 0, 0, 32, 128, 0, 0, 4, 16, 4, 2
338,37.33,112,6,512,512,512,0.51, 0.38, 0.03, 0.08,right,2, 0, 0, 0, 4, 512, 0, 2, 32, 128, 0, 0, 4, 16, 4, 4
338,35.6,139,11,512,512,512,0, 0.18, 0.13, 0.69,down,0, 0, 0, 2, 0, 4, 512, 2, 0, 2, 32, 128, 0, 4, 16, 8
343,37.16,129,10,512,512,512,0.16, 0.08, 0.76, 0,up,0, 2, 0, 0, 0, 4, 512, 4, 0, 2, 32, 128, 0, 4, 16, 8
338,34.7,139,9,512,512,512,0.14, 0.05, 0.2, 0.6,down,0, 2, 512, 4, 2, 4, 32, 128, 0, 2, 16, 8, 0, 4, 0, 0
345,37.27,116,10,512,512,512,0.08, 0.03, 0.07, 0.82,down,0, 2, 0, 0, 0, 4, 512, 4, 2, 2, 32, 128, 2, 4, 16, 8
338,37.91,131,10,512,512,512,0.86, 0.13, 0.01, 0,right,0, 2, 0, 0, 0, 4, 512, 4, 2, 2, 32, 128, 4, 4, 16, 8
336,37.57,114,8,512,512,512,0, 0.01, 0.04, 0.96,down,0, 0, 0, 2, 2, 4, 512, 4, 0, 4, 32, 128, 0, 8, 16, 8
337,37.13,111,8,512,512,512,0.17, 0.02, 0.02, 0.8,down,2, 0, 0, 2, 0, 0, 512, 4, 0, 8, 32, 128, 2, 8, 16, 8
338,37.24,113,7,512,512,512,0.59, 0.4, 0.01, 0,right,0, 0, 2, 2, 0, 0, 512, 4, 0, 0, 32, 128, 4, 16, 16, 8
338,38.03,146,7,512,512,512,0, 0.03, 0.45, 0.51,down,0, 0, 0, 4, 0, 2, 512, 4, 0, 0, 32, 128, 0, 4, 32, 8
335,36.6,115,7,512,512,512,0, 0.59, 0.41, 0,left,0, 0, 0, 2, 0, 0, 0, 8, 0, 2, 512, 128, 0, 4, 64, 8
340,36.34,105,7,512,512,512,0.1, 0, 0.7, 0.2,up,2, 0, 0, 0, 8, 0, 0, 0, 2, 512, 128, 2, 4, 64, 8, 0
340,34.91,105,7,512,512,512,0.12, 0, 0.78, 0.1,up,2, 512, 128, 2, 8, 64, 8, 2, 2, 0, 0, 0, 4, 0, 0, 0
345,32.97,108,9,512,512,512,0.97, 0, 0, 0.03,right,2, 512, 128, 4, 8, 64, 8, 2, 2, 0, 0, 0, 4, 0, 0, 0
351,35.84,147,9,512,512,512,0.04, 0.85, 0.02, 0.09,left,2, 512, 128, 4, 8, 64, 8, 2, 0, 0, 0, 2, 0, 2, 0, 4
342,33.06,127,7,512,512,512,0.12, 0.06, 0.41, 0.41,down,2, 512, 128, 4, 8, 64, 8, 2, 2, 0, 2, 0, 2, 4, 0, 0
350,31.2,105,7,512,512,512,0.66, 0.24, 0.03, 0.07,right,2, 0, 0, 0, 2, 512, 128, 0, 8, 64, 8, 4, 4, 4, 2, 2
356,29.77,89,7,512,512,512,0.16, 0.06, 0.38, 0.4,down,0, 0, 0, 2, 0, 2, 512, 128, 8, 64, 8, 4, 2, 0, 8, 4
360,29.74,114,7,512,512,512,0.3, 0.43, 0.11, 0.15,left,0, 2, 0, 0, 0, 0, 0, 2, 8, 2, 512, 128, 2, 64, 16, 8
360,29.71,117,7,512,512,512,0.05, 0.18, 0.64, 0.13,up,2, 0, 0, 0, 2, 0, 2, 0, 8, 2, 512, 128, 2, 64, 16, 8
360,29.66,101,9,512,512,512,0.69, 0.24, 0.04, 0.03,right,4, 2, 2, 128, 8, 64, 512, 8, 2, 0, 16, 0, 0, 0, 0, 2
361,30.34,146,8,512,512,512,0.29, 0.13, 0.55, 0.03,up,0, 4, 4, 128, 8, 64, 512, 8, 0, 0, 2, 16, 0, 2, 0, 2
358,28.64,114,9,512,512,512,0.04, 0.04, 0, 0.92,down,8, 4, 4, 128, 2, 64, 512, 8, 0, 2, 2, 16, 0, 0, 0, 2
364,29.73,98,8,512,512,512,0.69, 0.3, 0.01, 0,right,0, 0, 2, 128, 0, 4, 4, 8, 8, 64, 512, 16, 2, 2, 2, 2
360,30.12,110,7,512,512,512,0.45, 0.44, 0.04, 0.07,right,0, 2, 2, 128, 0, 0, 8, 8, 8, 64, 512, 16, 0, 0, 4, 4
359,27.81,98,7,512,512,512,0, 0.13, 0.14, 0.73,down,0, 0, 4, 128, 0, 0, 2, 16, 8, 64, 512, 16, 0, 0, 0, 8
366,27.47,112,7,512,512,512,0, 0.32, 0.15, 0.53,down,0, 0, 0, 0, 0, 2, 4, 128, 0, 0, 2, 32, 8, 64, 512, 8
367,29.18,95,7,512,512,512,0.12, 0.72, 0.08, 0.07,left,2, 0, 0, 0, 0, 0, 4, 128, 0, 2, 2, 32, 8, 64, 512, 8
362,27.85,120,7,512,512,512,0.05, 0.18, 0.36, 0.4,down,2, 0, 0, 0, 4, 128, 0, 2, 4, 32, 0, 0, 8, 64, 512, 8
366,27.02,132,7,512,512,512,0.1, 0.17, 0.15, 0.58,down,0, 0, 0, 0, 2, 128, 0, 2, 8, 32, 0, 2, 8, 64, 512, 8
368,24.92,89,7,512,512,512,0.22, 0.26, 0.19, 0.33,down,2, 0, 0, 0, 0, 128, 0, 0, 2, 32, 0, 4, 16, 64, 512, 8
375,24.17,130,7,512,512,512,0.53, 0.32, 0.15, 0,right,0, 2, 0, 0, 0, 128, 0, 0, 4, 32, 0, 4, 16, 64, 512, 8
377,24.72,97,8,512,512,512,0.3, 0.51, 0.06, 0.13,left,0, 0, 0, 2, 2, 0, 0, 128, 0, 4, 32, 4, 16, 64, 512, 8
375,23.85,104,8,512,512,512,0.08, 0.04, 0.1, 0.78,down,2, 0, 2, 0, 2, 128, 0, 0, 4, 32, 4, 0, 16, 64, 512, 8
378,30.96,114,13,512,512,512,0.02, 0, 0.9, 0.08,up,0, 0, 0, 0, 4, 128, 2, 0, 4, 32, 4, 2, 16, 64, 512, 8
357,24.02,105,8,512,512,512,0.19, 0.76, 0, 0.05,left,8, 128, 2, 2, 16, 32, 4, 8, 0, 64, 512, 0, 0, 0, 2, 0
377,24.78,104,8,512,512,512,0.1, 0, 0.52, 0.38,up,8, 128, 4, 0, 16, 32, 4, 8, 64, 512, 2, 0, 2, 0, 0, 0
375,21.18,109,7,512,512,512,0.38, 0.51, 0, 0.11,left,8, 128, 8, 8, 16, 32, 2, 0, 64, 512, 0, 0, 2, 2, 0, 0
386,21.74,102,7,512,512,512,0.18, 0.15, 0.27, 0.4,down,8, 128, 16, 0, 16, 32, 2, 0, 64, 512, 0, 0, 4, 0, 2, 0
384,47.87,123,12,512,512,512,0.04, 0, 0.96, 0,up,8, 2, 0, 0, 16, 128, 0, 0, 64, 32, 16, 0, 4, 512, 4, 0
306,21.52,102,9,512,512,512,0.41, 0, 0.15, 0.44,down,8, 2, 16, 0, 16, 128, 4, 2, 64, 32, 0, 0, 4, 512, 0, 0
385,45.75,121,12,512,512,512,0.94, 0.04, 0.02, 0.01,right,8, 2, 2, 0, 16, 128, 0, 0, 64, 32, 16, 0, 4, 512, 4, 2
312,44.33,118,14,512,512,512,0, 0.03, 0.96, 0.01,up,0, 2, 8, 4, 0, 0, 16, 128, 0, 64, 32, 16, 4, 512, 4, 2
317,41.79,116,15,512,512,512,0, 0.01, 0, 0.99,down,4, 2, 8, 4, 0, 64, 16, 128, 0, 512, 32, 16, 0, 2, 4, 2
324,42.99,121,15,512,512,512,0, 0, 1, 0,up,0, 2, 8, 4, 0, 64, 16, 128, 2, 512, 32, 16, 4, 2, 4, 2
321,41.84,127,14,512,512,512,0, 0.99, 0, 0,left,2, 2, 8, 4, 4, 64, 16, 128, 0, 512, 32, 16, 2, 2, 4, 2
324,43.87,108,11,512,512,512,0.01, 0.01, 0.92, 0.05,up,4, 8, 4, 2, 4, 64, 16, 128, 512, 32, 16, 0, 4, 4, 2, 0
318,45.63,108,11,512,512,512,0.94, 0.03, 0, 0.03,right,8, 8, 4, 2, 512, 64, 32, 128, 4, 32, 2, 2, 0, 4, 0, 0
313,44.94,109,9,512,512,512,0.01, 0, 0.96, 0.03,up,0, 16, 4, 2, 512, 64, 32, 128, 0, 4, 32, 4, 0, 2, 0, 4
315,45.71,135,11,512,512,512,0.15, 0.84, 0, 0.01,left,512, 16, 4, 2, 0, 64, 64, 128, 0, 4, 2, 8, 0, 2, 0, 0
312,45.96,116,10,512,512,512,0.04, 0.8, 0.14, 0.02,left,512, 16, 4, 2, 128, 128, 0, 0, 4, 2, 8, 0, 2, 2, 0, 0
312,46.56,116,9,512,512,512,0.02, 0.36, 0.53, 0.09,up,512, 16, 4, 2, 256, 0, 2, 0, 4, 2, 8, 0, 4, 0, 0, 0
310,46.52,108,8,512,512,512,0.16, 0.33, 0.46, 0.05,up,512, 16, 4, 2, 256, 2, 2, 0, 8, 0, 8, 0, 0, 0, 0, 2
310,43.23,99,9,512,512,512,0.87, 0.09, 0, 0.04,right,512, 16, 4, 4, 256, 2, 2, 0, 8, 0, 8, 0, 2, 0, 0, 0
320,42.11,99,7,512,512,512,0, 0.2, 0, 0.8,down,2, 512, 16, 8, 0, 0, 256, 4, 0, 0, 0, 16, 0, 0, 0, 2
323,42.94,103,7,512,512,512,0.12, 0.82, 0.06, 0,left,0, 0, 0, 8, 0, 0, 0, 4, 0, 2, 16, 16, 2, 512, 256, 2
321,43.41,102,6,512,512,512,0.04, 0.13, 0.39, 0.45,down,8, 0, 0, 0, 4, 0, 0, 2, 2, 32, 0, 0, 2, 512, 256, 2
319,42.81,97,7,512,512,512,0.1, 0.21, 0.33, 0.37,down,0, 0, 0, 0, 8, 0, 0, 2, 4, 32, 0, 0, 4, 512, 256, 4
321,39.93,113,6,512,512,512,0.08, 0.29, 0.22, 0.41,down,0, 0, 0, 0, 2, 0, 0, 0, 8, 32, 0, 2, 8, 512, 256, 4
330,38.31,99,6,512,512,512,0.39, 0.42, 0.18, 0,left,0, 0, 0, 0, 0, 2, 0, 0, 2, 32, 0, 2, 16, 512, 256, 4
335,39.21,94,6,512,512,512,0.17, 0.23, 0.32, 0.29,up,0, 0, 0, 2, 2, 0, 0, 0, 2, 32, 2, 0, 16, 512, 256, 4
332,37.59,114,7,512,512,512,0.31, 0.29, 0.32, 0.08,up,4, 32, 2, 2, 16, 512, 256, 4, 0, 0, 0, 0, 0, 0, 2, 0
337,37.32,107,8,512,512,512,0.66, 0.28, 0, 0.06,right,4, 32, 2, 2, 16, 512, 256, 4, 2, 0, 2, 0, 0, 0, 0, 0
338,34.39,97,6,512,512,512,0.12, 0.1, 0.39, 0.39,up,0, 4, 32, 4, 16, 512, 256, 4, 0, 2, 0, 4, 0, 0, 0, 0
346,35.66,101,6,512,512,512,0.24, 0.12, 0.41, 0.23,up,16, 4, 32, 8, 0, 512, 256, 4, 0, 2, 0, 0, 0, 2, 0, 0
343,32.86,92,6,512,512,512,0.71, 0.18, 0.06, 0.05,right,16, 4, 32, 8, 0, 512, 256, 4, 0, 4, 0, 0, 2, 0, 0, 0
351,32.97,112,7,512,512,512,0.17, 0.25, 0.43, 0.14,up,16, 4, 32, 8, 0, 512, 256, 4, 0, 0, 0, 4, 0, 2, 0, 2
351,31.84,99,7,512,512,512,0.32, 0.22, 0.15, 0.31,right,16, 4, 32, 8, 0, 512, 256, 8, 0, 2, 0, 2, 2, 0, 0, 0
354,30.8,121,8,512,512,512,0, 0.52, 0.41, 0.07,left,16, 4, 32, 8, 2, 512, 256, 8, 0, 0, 0, 4, 0, 0, 0, 2
357,29.44,115,7,512,512,512,0.24, 0.22, 0.17, 0.37,down,16, 4, 32, 8, 2, 512, 256, 8, 4, 0, 2, 0, 2, 0, 0, 0
361,28.49,95,6,512,512,512,0.27, 0.17, 0.16, 0.4,down,16, 2, 0, 0, 2, 0, 32, 0, 4, 4, 256, 0, 2, 512, 2, 16
364,33.29,98,10,512,512,512,0.02, 0.04, 0.95, 0,up,16, 0, 2, 0, 2, 2, 32, 0, 4, 4, 256, 0, 2, 512, 2, 16
350,30.49,97,10,512,512,512,0.8, 0.12, 0.02, 0.05,right,16, 2, 2, 16, 2, 4, 32, 0, 4, 512, 256, 0, 2, 0, 2, 2
358,28.09,85,7,512,512,512,0.2, 0.16, 0.35, 0.3,up,0, 16, 4, 16, 2, 2, 4, 32, 0, 4, 512, 256, 0, 0, 2, 4
365,33.16,98,11,512,512,512,0.01, 0.01, 0.95, 0.03,up,2, 16, 8, 16, 0, 2, 512, 32, 0, 4, 2, 256, 2, 0, 0, 4
350,35.3,80,9,512,512,512,0.01, 0.01, 0, 0.98,down,4, 16, 8, 16, 0, 2, 512, 32, 0, 4, 2, 256, 0, 2, 0, 4
344,25.77,79,10,512,512,512,0.91, 0.03, 0.06, 0,right,0, 16, 2, 16, 0, 2, 8, 32, 0, 4, 512, 256, 4, 2, 2, 4
372,27.37,97,8,512,512,512,0.01, 0.01, 0.04, 0.93,down,2, 16, 2, 16, 0, 2, 8, 32, 0, 4, 512, 256, 0, 4, 4, 4
367,26.41,93,7,512,512,512,0.06, 0.85, 0.04, 0.05,left,0, 0, 2, 16, 2, 16, 8, 32, 0, 2, 512, 256, 2, 8, 4, 4
370,27.05,90,8,512,512,512,0.03, 0.07, 0.13, 0.76,down,2, 16, 2, 0, 2, 16, 8, 32, 2, 512, 256, 0, 2, 8, 8, 0
368,23.96,88,7,512,512,512,0.39, 0.31, 0.12, 0.17,right,0, 0, 2, 0, 2, 32, 8, 0, 4, 512, 256, 0, 4, 8, 8, 32
378,25.99,72,9,512,512,512,0.71, 0.05, 0.03, 0.21,right,0, 0, 2, 2, 0, 2, 32, 8, 0, 4, 512, 256, 0, 4, 16, 32
372,25.5,88,9,512,512,512,0.06, 0.75, 0.07, 0.12,left,2, 0, 0, 4, 0, 2, 32, 8, 0, 4, 512, 256, 0, 4, 16, 32
373,26.91,82,8,512,512,512,0.03, 0.04, 0.58, 0.36,up,2, 4, 0, 2, 2, 32, 8, 0, 4, 512, 256, 0, 4, 16, 32, 0
369,27.98,85,8,512,512,512,0.16, 0.49, 0.33, 0.02,left,4, 4, 8, 2, 8, 32, 256, 0, 0, 512, 32, 0, 0, 16, 0, 2
366,29.26,87,8,512,512,512,0.13, 0.09, 0.21, 0.56,down,8, 8, 2, 0, 8, 32, 256, 0, 512, 32, 0, 2, 16, 2, 0, 0
362,30.16,92,8,512,512,512,0.06, 0.05, 0.05, 0.84,down,0, 0, 0, 2, 16, 8, 0, 0, 512, 64, 2, 0, 16, 2, 256, 2
359,30.79,86,8,512,512,512,0.02, 0, 0.94, 0.03,up,0, 0, 0, 0, 16, 8, 2, 0, 512, 64, 2, 0, 16, 2, 256, 4
357,31.3,88,7,512,512,512,0.28, 0.55, 0.12, 0.05,left,16, 8, 4, 4, 512, 64, 256, 0, 16, 2, 0, 0, 0, 0, 2, 0
356,29.81,88,6,512,512,512,0.28, 0.62, 0.07, 0.03,left,16, 8, 8, 0, 512, 64, 256, 0, 16, 2, 0, 0, 2, 0, 0, 2
360,30.38,91,6,512,512,512,0.34, 0.21, 0.31, 0.14,right,16, 16, 0, 0, 512, 64, 256, 0, 16, 2, 0, 0, 4, 2, 0, 0
358,29.24,81,6,512,512,512,0, 0.2, 0.53, 0.26,up,0, 0, 0, 32, 2, 512, 64, 256, 0, 0, 16, 2, 0, 0, 4, 2
362,29.71,86,7,512,512,512,0.26, 0.11, 0.23, 0.41,down,2, 512, 64, 32, 0, 0, 16, 256, 2, 0, 4, 4, 0, 0, 0, 0
360,27.01,82,6,512,512,512,0.29, 0.23, 0.2, 0.27,right,0, 2, 0, 0, 0, 0, 64, 32, 0, 0, 16, 256, 4, 512, 4, 4
368,26.41,78,7,512,512,512,0.12, 0.21, 0.19, 0.48,down,2, 0, 0, 2, 0, 0, 64, 32, 0, 0, 16, 256, 0, 4, 512, 8
370,25.44,74,7,512,512,512,0.22, 0.19, 0.32, 0.27,up,0, 0, 0, 2, 0, 0, 64, 32, 2, 0, 16, 256, 2, 4, 512, 8
373,25.94,93,8,512,512,512,0.34, 0.5, 0, 0.16,left,4, 4, 64, 2, 0, 0, 16, 32, 0, 0, 512, 256, 0, 0, 2, 8
372,30.07,87,12,512,512,512,0.16, 0, 0.66, 0.18,up,8, 64, 2, 0, 16, 32, 0, 0, 512, 256, 2, 0, 2, 8, 0, 0
359,23.27,106,11,512,512,512,0.19, 0, 0, 0.81,down,8, 64, 4, 2, 16, 32, 0, 0, 512, 256, 0, 0, 2, 8, 0, 0
380,28.16,75,12,512,512,512,0.02, 0, 0.76, 0.21,up,8, 64, 2, 0, 16, 32, 0, 0, 512, 256, 0, 0, 2, 8, 4, 2
365,19.59,87,7,512,512,512,0.09, 0.21, 0.06, 0.65,down,8, 64, 2, 2, 16, 32, 4, 2, 512, 256, 0, 0, 2, 8, 0, 0
391,21.42,83,12,512,512,512,0.55, 0.23, 0.03, 0.19,right,8, 64, 0, 2, 16, 32, 0, 0, 512, 256, 2, 0, 2, 8, 4, 4
385,22.59,74,12,512,512,512,0.19, 0.16, 0.1, 0.55,down,0, 8, 64, 2, 2, 0, 16, 32, 0, 512, 256, 2, 0, 2, 8, 8
382,29.3,124,12,513.34,1024,512,0.04, 0.06, 0.9, 0,up,0, 2, 64, 2, 0, 8, 16, 32, 0, 512, 256, 2, 2, 2, 8, 8
362,29.21,73,12,512,512,512,0.92, 0.04, 0.03, 0,right,2, 2, 64, 2, 0, 8, 16, 32, 2, 512, 256, 2, 0, 2, 8, 8
362,29.56,74,12,512,512,512,0, 0.01, 0.98, 0.01,up,0, 4, 64, 2, 2, 8, 16, 32, 2, 512, 256, 2, 0, 0, 2, 16
361,29.91,129,12,513.41,1024,512,0.04, 0.95, 0, 0.01,left,4, 4, 64, 2, 0, 8, 16, 32, 2, 512, 256, 2, 0, 0, 2, 16
360,31.95,91,10,512,512,512,0.02, 0, 0.93, 0.05,up,8, 64, 2, 0, 8, 16, 32, 0, 2, 512, 256, 2, 2, 16, 2, 0
354,31.67,193,10,513.44,1024,512,0.02, 0.02, 0.03, 0.94,down,16, 64, 2, 2, 4, 16, 32, 0, 0, 512, 256, 0, 2, 16, 2, 0
354,34.11,74,10,512,512,512,0.86, 0.11, 0.04, 0,right,2, 64, 2, 0, 16, 16, 32, 0, 4, 512, 256, 0, 2, 16, 2, 2
347,31.36,73,8,512,512,512,0.03, 0.77, 0.08, 0.11,left,0, 2, 64, 2, 0, 2, 32, 32, 0, 4, 512, 256, 0, 2, 16, 4
355,31.18,72,7,512,512,512,0.35, 0.11, 0.37, 0.17,up,2, 64, 2, 0, 2, 64, 0, 2, 4, 512, 256, 0, 2, 16, 4, 0
356,30.07,88,7,512,512,512,0.1, 0.19, 0.17, 0.55,down,4, 128, 2, 2, 4, 512, 256, 2, 2, 16, 4, 0, 0, 0, 0, 0
359,30.71,131,8,513.42,1024,512,0.13, 0.07, 0.72, 0.08,up,0, 0, 0, 2, 0, 128, 2, 0, 8, 512, 256, 0, 2, 16, 4, 4
357,27.68,66,7,512,512,512,0.2, 0.17, 0.37, 0.26,up,8, 128, 2, 2, 2, 512, 256, 4, 2, 16, 4, 0, 0, 0, 0, 0
366,27.89,67,9,512,512,512,0.77, 0.16, 0.05, 0.03,right,8, 128, 2, 2, 4, 512, 256, 4, 0, 16, 4, 0, 0, 0, 0, 2
366,28.34,71,9,512,512,512,0, 0.79, 0.15, 0.06,left,0, 8, 128, 4, 4, 512, 256, 4, 0, 2, 16, 4, 0, 0, 0, 2
364,29.39,62,8,512,512,512,0.76, 0.01, 0.21, 0.02,right,8, 128, 4, 0, 4, 512, 256, 4, 2, 16, 4, 0, 2, 0, 2, 0
361,28.75,68,7,512,512,512,0, 0.03, 0.41, 0.56,down,0, 8, 128, 4, 4, 512, 256, 4, 0, 2, 16, 4, 0, 0, 2, 4
363,28.2,66,8,512,512,512,0.21, 0.53, 0.13, 0.13,left,2, 0, 128, 0, 0, 8, 256, 0, 0, 512, 16, 8, 4, 2, 2, 8
365,27.34,83,7,512,512,512,0.24, 0.06, 0.19, 0.51,down,2, 128, 0, 0, 8, 256, 2, 0, 512, 16, 8, 0, 4, 4, 8, 0
367,24.82,67,7,512,512,512,0.21, 0.66, 0.06, 0.07,left,2, 128, 0, 2, 8, 256, 0, 0, 512, 16, 2, 0, 4, 4, 16, 0
375,25.58,64,6,512,512,512,0.08, 0.18, 0.4, 0.34,up,2, 128, 2, 0, 8, 256, 0, 2, 512, 16, 2, 0, 8, 16, 0, 0
373,24.19,59,7,512,512,512,0.11, 0.22, 0.24, 0.44,down,2, 128, 4, 2, 8, 256, 0, 0, 512, 32, 0, 2, 8, 0, 0, 0
377,23.88,59,8,512,512,512,0.32, 0.53, 0.15, 0,left,2, 0, 0, 0, 8, 128, 0, 0, 512, 256, 0, 2, 8, 32, 4, 4
378,23.4,124,7,513.35,1024,512,0.18, 0.22, 0.1, 0.5,down,2, 0, 0, 0, 8, 128, 0, 2, 512, 256, 2, 0, 8, 32, 8, 0
379,22.23,54,7,512,512,512,0.14, 0.31, 0.17, 0.38,down,2, 0, 0, 2, 8, 128, 0, 0, 512, 256, 2, 0, 8, 32, 8, 2
383,22.36,136,7,513.33,1024,512,0.68, 0.29, 0.03, 0,right,2, 0, 0, 0, 8, 128, 0, 0, 512, 256, 2, 2, 8, 32, 8, 4
382,25.67,89,13,512,512,512,0.05, 0.04, 0.09, 0.83,down,0, 0, 2, 2, 0, 0, 8, 128, 0, 512, 256, 4, 8, 32, 8, 4
373,20.7,82,7,512,512,512,0.49, 0.35, 0.16, 0,right,0, 0, 2, 0, 0, 2, 8, 2, 0, 512, 256, 128, 8, 32, 8, 8
387,21.14,55,7,512,512,512,0.38, 0.05, 0.48, 0.08,up,0, 0, 2, 2, 0, 2, 8, 2, 0, 512, 256, 128, 0, 8, 32, 16
386,27.22,155,10,513.32,1024,512,0.09, 0.86, 0.02, 0.03,left,0, 2, 2, 4, 2, 512, 8, 128, 0, 8, 256, 16, 0, 0, 32, 0
368,27.51,121,9,516.16,1024,512,0.95, 0.02, 0.02, 0.01,right,4, 4, 0, 2, 2, 512, 8, 128, 8, 256, 16, 0, 32, 0, 0, 0
367,28.15,125,9,513.39,1024,512,0.02, 0.02, 0.06, 0.91,down,0, 0, 8, 2, 2, 512, 8, 128, 0, 8, 256, 16, 0, 2, 0, 32
365,28.97,142,8,513.4,1024,512,0.53, 0.37, 0.01, 0.09,right,0, 0, 0, 2, 0, 512, 0, 128, 2, 8, 16, 16, 2, 2, 256, 32
363,29.27,64,7,512,512,512,0, 0.06, 0.35, 0.59,down,0, 0, 0, 2, 0, 2, 512, 128, 0, 2, 8, 32, 0, 4, 256, 32
362,28.15,117,6,513.41,1024,512,0.24, 0.4, 0.1, 0.26,left,2, 0, 0, 0, 0, 0, 512, 2, 0, 4, 8, 128, 0, 4, 256, 64
365,26.37,133,6,516.2,1024,512,0.25, 0.2, 0.38, 0.17,up,2, 0, 0, 0, 512, 2, 0, 2, 4, 8, 128, 0, 4, 256, 64, 0
370,25.65,80,6,513.38,1024,512,0.42, 0.26, 0.13, 0.19,right,2, 2, 128, 2, 512, 8, 64, 0, 8, 256, 0, 0, 0, 0, 0, 2
373,24.73,78,6,512,512,512,0.12, 0.21, 0.38, 0.29,up,0, 4, 128, 2, 0, 512, 8, 64, 2, 0, 8, 256, 0, 0, 0, 2
375,24.11,62,6,512,512,512,0.14, 0.13, 0.43, 0.3,up,2, 4, 128, 2, 0, 512, 16, 64, 0, 0, 0, 256, 2, 0, 0, 2
377,23.6,105,7,513.35,1024,512,0.24, 0.37, 0.25, 0.14,left,4, 4, 128, 2, 0, 512, 16, 64, 2, 0, 0, 256, 0, 0, 0, 2
379,22.38,108,6,513.35,1024,512,0.39, 0.14, 0.19, 0.29,right,8, 128, 2, 0, 512, 16, 64, 0, 2, 256, 0, 0, 2, 0, 0, 2
382,22.51,160,7,517.35,1024,512,0.35, 0.13, 0.34, 0.18,right,0, 8, 128, 2, 0, 512, 16, 64, 0, 0, 2, 256, 0, 2, 0, 4
382,21.63,79,6,513.34,1024,512,0.29, 0.15, 0.26, 0.3,down,0, 8, 128, 2, 0, 512, 16, 64, 0, 2, 2, 256, 0, 0, 2, 4
385,20.07,155,6,514.65,1024,512,0.28, 0.28, 0.44, 0,up,0, 2, 0, 2, 0, 8, 128, 64, 0, 512, 16, 256, 0, 2, 4, 4
389,21,122,9,515.94,1024,512,0.09, 0.69, 0, 0.22,left,2, 2, 128, 2, 0, 8, 16, 64, 0, 512, 4, 256, 0, 2, 0, 4
387,20.93,133,9,518.6,1024,512,0.13, 0, 0.66, 0.21,up,4, 128, 2, 0, 8, 16, 64, 0, 512, 4, 256, 0, 2, 4, 2, 0
387,20.16,123,11,517.28,1024,512,0.11, 0.89, 0, 0,left,4, 128, 2, 0, 8, 16, 64, 0, 512, 8, 256, 0, 2, 2, 2, 0
389,21.16,165,9,521.19,1024,512,0.11, 0.83, 0.03, 0.03,left,4, 128, 2, 0, 8, 16, 64, 0, 512, 8, 256, 0, 4, 2, 0, 2
386,19.57,159,10,515.97,1024,512,0.58, 0.32, 0, 0.1,right,4, 128, 2, 2, 8, 16, 64, 0, 512, 8, 256, 0, 4, 4, 0, 0
391,20.71,175,9,518.53,1024,512,0, 0.03, 0, 0.97,down,2, 4, 128, 4, 0, 8, 16, 64, 0, 512, 8, 256, 0, 0, 0, 8
387,21.6,129,8,529.15,1024,512,0.06, 0.84, 0.04, 0.06,left,0, 0, 0, 4, 0, 4, 128, 64, 2, 8, 16, 256, 2, 512, 8, 8
385,21.74,141,9,525.26,1024,512,0.05, 0.31, 0.33, 0.31,up,4, 0, 0, 2, 4, 128, 64, 0, 2, 8, 16, 256, 2, 512, 16, 0
384,21.3,159,8,531.95,1024,512,0.87, 0, 0, 0.12,right,8, 128, 64, 2, 4, 8, 32, 256, 2, 512, 0, 0, 0, 0, 0, 0
386,19.95,135,7,521.26,1024,512,0.38, 0.42, 0.15, 0.05,left,8, 128, 64, 2, 4, 8, 32, 256, 0, 0, 2, 512, 2, 0, 0, 0
390,18.96,137,7,518.55,1024,512,0.2, 0.02, 0.28, 0.5,down,8, 128, 64, 2, 4, 8, 32, 256, 2, 512, 0, 0, 2, 2, 0, 0
393,16.94,115,7,517.2,1024,512,0.12, 0.21, 0.51, 0.17,up,0, 128, 2, 0, 8, 8, 0, 0, 4, 512, 64, 2, 4, 2, 32, 256
399,18.48,202,6,520.96,1024,512,0.38, 0.26, 0.25, 0.1,right,8, 128, 2, 2, 8, 8, 64, 256, 0, 512, 32, 0, 2, 2, 0, 0
394,17.86,116,13,527.55,1024,512,0, 0.08, 0, 0.92,down,0, 8, 128, 4, 0, 16, 64, 256, 0, 0, 512, 32, 0, 0, 2, 4
396,14.38,68,11,513.29,1024,512,0, 0.19, 0.81, 0,up,0, 0, 128, 4, 0, 2, 64, 256, 0, 8, 512, 32, 0, 16, 2, 4
406,15.57,138,10,520.81,1024,512,0, 0.66, 0.24, 0.1,left,0, 2, 128, 4, 0, 8, 64, 256, 2, 16, 512, 32, 0, 0, 2, 4
403,15.15,119,8,517.07,1024,512,0.03, 0.03, 0.15, 0.78,down,2, 128, 4, 0, 8, 64, 256, 0, 2, 16, 512, 32, 2, 4, 0, 2
404,27.77,156,15,616.93,1024,512,0.65, 0.19, 0.05, 0.12,right,2, 128, 0, 0, 2, 64, 4, 0, 8, 16, 256, 32, 4, 4, 512, 2
366,46.3,163,16,743.59,1024,512,0.02, 0.03, 0.01, 0.94,down,0, 2, 2, 128, 0, 2, 64, 4, 8, 16, 256, 32, 0, 8, 512, 2
311,49.45,145,15,787.69,1024,512,0.09, 0.89, 0, 0.01,left,2, 0, 2, 128, 0, 4, 64, 4, 0, 16, 256, 32, 8, 8, 512, 2
301,40.09,130,13,706.97,1024,512,0.02, 0.81, 0.12, 0.06,left,4, 128, 0, 2, 4, 64, 4, 0, 16, 256, 32, 0, 16, 512, 2, 0
329,56.58,144,15,853.33,1024,512,0.03, 0.02, 0.92, 0.03,up,4, 128, 2, 0, 4, 64, 4, 0, 16, 256, 32, 0, 16, 512, 2, 2
280,57.16,178,14,838.15,1024,512,0.82, 0.13, 0.04, 0.01,right,8, 128, 2, 2, 32, 64, 4, 0, 0, 256, 32, 2, 0, 512, 2, 0
278,56.43,159,12,827.64,1024,512,0, 0.03, 0.11, 0.86,down,2, 8, 128, 4, 0, 32, 64, 4, 0, 256, 32, 2, 0, 0, 512, 2
280,66.1,173,11,925.61,1024,512,0.97, 0.01, 0.02, 0.01,right,0, 0, 128, 0, 2, 8, 64, 0, 0, 32, 32, 8, 2, 256, 512, 4
251,63.37,214,11,873.65,1024,512,0, 0.01, 0.96, 0.02,up,0, 2, 0, 128, 0, 2, 8, 64, 0, 0, 64, 8, 2, 256, 512, 4
259,69.07,184,11,996.43,1024,512,0.96, 0.02, 0.01, 0.01,right,2, 4, 8, 128, 2, 256, 64, 64, 0, 0, 512, 8, 0, 0, 0, 4
242,67.32,158,9,956.58,1024,512,0.06, 0, 0.88, 0.05,up,2, 4, 8, 128, 0, 2, 256, 128, 0, 0, 512, 8, 2, 0, 0, 4
248,69.6,163,9,999.33,1024,512,0.93, 0.02, 0.04, 0.01,right,4, 4, 8, 256, 0, 2, 256, 8, 2, 0, 512, 4, 0, 0, 0, 0
241,71.91,139,9,1007.07,1024,512,0.03, 0.92, 0.01, 0.04,left,0, 8, 8, 256, 0, 2, 256, 8, 0, 2, 512, 4, 0, 0, 2, 0
234,69.37,140,6,1015.29,1024,512,0.03, 0.39, 0.51, 0.06,up,16, 256, 0, 0, 2, 256, 8, 0, 2, 512, 4, 0, 2, 0, 2, 0
241,72.96,148,7,1021.88,1024,512,0.49, 0.09, 0.31, 0.11,right,16, 512, 8, 0, 4, 512, 4, 0, 2, 0, 2, 2, 0, 0, 0, 0
231,68.47,143,7,1024,1024,1024,0, 0.02, 0.77, 0.21,up,0, 16, 512, 8, 2, 4, 512, 4, 0, 0, 2, 4, 0, 0, 0, 0
244,66.53,141,7,1024,1024,1024,0, 0, 0.6, 0.4,up,2, 16, 1024, 8, 2, 4, 2, 8, 0, 0, 0, 0, 0, 0, 0, 0
250,68.87,144,7,1024,1024,1024,0.43, 0.23, 0.14, 0.19,right,4, 16, 1024, 16, 0, 4, 2, 0, 0, 0, 0, 2, 0, 0, 0, 0
243,67.61,168,7,1024,1024,1024,0, 0.66, 0.22, 0.12,left,4, 16, 1024, 16, 0, 0, 4, 2, 0, 0, 0, 2, 0, 0, 0, 2
247,68.74,175,7,1024,1024,1024,0.12, 0.27, 0.46, 0.16,up,4, 16, 1024, 16, 4, 2, 0, 2, 2, 0, 0, 0, 2, 0, 0, 0
243,61.98,163,7,1024,1024,1024,0.42, 0.03, 0.14, 0.41,right,8, 16, 1024, 16, 4, 2, 0, 2, 0, 2, 0, 0, 0, 0, 0, 0
264,65.79,132,6,1024,1024,1024,0.08, 0.68, 0.11, 0.13,left,8, 16, 1024, 16, 0, 0, 4, 4, 0, 0, 0, 2, 0, 0, 0, 2
252,65.6,168,6,1024,1024,1024,0.1, 0.16, 0.59, 0.15,up,8, 16, 1024, 16, 8, 0, 0, 0, 2, 0, 0, 0, 2, 0, 0, 2
253,65.01,185,6,1024,1024,1024,0.41, 0.51, 0, 0.07,left,16, 16, 1024, 16, 4, 0, 2, 2, 0, 0, 0, 0, 0, 0, 0, 0
254,65.99,174,6,1024,1024,1024,0.17, 0.46, 0, 0.37,left,32, 1024, 16, 2, 4, 4, 0, 0, 0, 0, 0, 0, 0, 0, 0, 0
252,61.6,174,5,1024,1024,1024,0.23, 0.16, 0.24, 0.37,down,32, 1024, 16, 2, 8, 0, 0, 0, 0, 0, 0, 0, 0, 0, 0, 2
265,63.11,139,6,1024,1024,1024,0.28, 0.24, 0.48, 0,up,0, 0, 0, 0, 0, 0, 0, 0, 32, 0, 0, 2, 8, 1024, 16, 4
260,63.36,167,7,1024,1024,1024,0.07, 0.77, 0, 0.17,left,32, 1024, 16, 2, 8, 0, 2, 4, 0, 0, 0, 0, 0, 0, 0, 0
259,61.24,147,6,1024,1024,1024,0.39, 0.08, 0.15, 0.37,right,32, 1024, 16, 2, 8, 2, 4, 0, 0, 0, 0, 0, 0, 0, 0, 2
266,61.68,185,8,1024,1024,1024,0.86, 0.05, 0.03, 0.05,right,32, 1024, 16, 2, 0, 8, 2, 4, 2, 0, 0, 0, 0, 0, 0, 2
264,58.63,172,6,1024,1024,1024,0.36, 0.15, 0.23, 0.27,right,32, 1024, 16, 2, 0, 8, 2, 4, 0, 2, 0, 2, 0, 0, 0, 2
274,57.45,136,8,1024,1024,1024,0.05, 0.75, 0.1, 0.1,left,32, 1024, 16, 2, 0, 8, 2, 4, 0, 2, 0, 4, 0, 0, 0, 2
277,56.67,148,8,1024,1024,1024,0.02, 0.02, 0.11, 0.86,down,32, 1024, 16, 2, 8, 2, 4, 0, 2, 4, 0, 2, 2, 0, 0, 0
279,58.15,174,7,1024,1024,1024,0.4, 0.54, 0.06, 0,left,0, 2, 0, 0, 32, 1024, 0, 0, 8, 2, 16, 0, 4, 4, 4, 4
275,55.84,152,8,1024,1024,1024,0.85, 0.05, 0.05, 0.05,right,2, 0, 0, 0, 32, 1024, 0, 2, 8, 2, 16, 0, 8, 8, 0, 0
282,53.64,173,7,1024,1024,1024,0.21, 0.09, 0.22, 0.49,down,0, 2, 0, 2, 0, 32, 1024, 2, 0, 8, 2, 16, 0, 0, 0, 16
289,54.33,174,6,1024,1024,1024,0.2, 0.35, 0.2, 0.25,left,0, 0, 0, 0, 0, 2, 0, 0, 2, 32, 1024, 4, 0, 8, 2, 32
287,53.66,123,7,1024,1024,1024,0.19, 0.11, 0.29, 0.42,down,0, 0, 0, 2, 2, 0, 0, 0, 2, 32, 1024, 4, 8, 2, 32, 0
289,53.14,179,8,1024,1024,1024,0, 0.02, 0.81, 0.17,up,0, 0, 0, 0, 0, 0, 0, 2, 4, 32, 1024, 2, 8, 2, 32, 4
290,52.31,170,6,1024,1024,1024,0, 0.27, 0.38, 0.35,up,4, 32, 1024, 4, 8, 2, 32, 4, 0, 0, 0, 0, 0, 0, 0, 2
293,51.79,125,9,1024,1024,1024,0.12, 0.05, 0.78, 0.05,up,4, 32, 1024, 8, 8, 2, 32, 2, 0, 2, 0, 0, 0, 0, 0, 0
294,51.95,152,9,1024,1024,1024,0, 0.57, 0.07, 0.36,left,4, 32, 1024, 8, 8, 4, 32, 2, 0, 0, 0, 2, 0, 0, 0, 0
294,54.27,156,8,1024,1024,1024,0.03, 0.04, 0, 0.94,down,4, 32, 1024, 8, 8, 4, 32, 2, 2, 0, 2, 0, 0, 0, 0, 0
287,50.07,118,8,1024,1024,1024,0.96, 0.03, 0.01, 0,right,0, 0, 2, 0, 4, 0, 1024, 0, 8, 32, 32, 8, 2, 4, 2, 2
299,51.5,130,7,1024,1024,1024,0.19, 0.19, 0.02, 0.6,down,0, 0, 0, 2, 0, 0, 4, 1024, 2, 8, 64, 8, 0, 2, 4, 4
295,52.25,164,8,1024,1024,1024,0.55, 0.4, 0.02, 0.03,right,2, 0, 0, 2, 0, 0, 4, 1024, 0, 8, 64, 8, 2, 2, 4, 4
293,48.67,125,7,1024,1024,1024,0, 0.09, 0.12, 0.79,down,0, 0, 2, 4, 0, 0, 4, 1024, 0, 8, 64, 8, 0, 0, 4, 8
304,47.56,161,10,1024,1024,1024,0.68, 0.12, 0.2, 0,right,0, 0, 2, 2, 0, 0, 4, 4, 0, 0, 64, 1024, 0, 8, 4, 16
307,46.75,164,7,1024,1024,1024,0.12, 0.27, 0.45, 0.16,up,2, 0, 0, 4, 0, 0, 0, 8, 0, 0, 64, 1024, 0, 8, 4, 16
309,45.52,169,8,1024,1024,1024,0.14, 0.07, 0.7, 0.09,up,2, 8, 64, 4, 0, 0, 4, 8, 2, 0, 0, 1024, 0, 0, 0, 16
313,47.22,223,7,1024,1024,1024,0.43, 0.36, 0.13, 0.08,right,4, 8, 64, 4, 0, 0, 4, 8, 0, 2, 0, 1024, 0, 0, 0, 16
308,44.18,154,7,1024,1024,1024,0.09, 0.62, 0.25, 0.04,left,4, 8, 64, 4, 0, 0, 4, 8, 0, 0, 2, 1024, 2, 0, 0, 16
317,45.74,127,10,1024,1024,1024,0.02, 0.05, 0.07, 0.86,down,4, 8, 64, 4, 4, 8, 0, 0, 2, 1024, 0, 2, 2, 16, 0, 0
312,45.87,138,9,1024,1024,1024,0.08, 0.69, 0.24, 0,left,0, 2, 0, 0, 0, 16, 0, 0, 8, 1024, 0, 4, 4, 16, 64, 2
312,44.14,130,7,1024,1024,1024,0.07, 0.07, 0.76, 0.11,up,2, 0, 0, 0, 16, 0, 0, 2, 8, 1024, 4, 0, 4, 16, 64, 2
317,45.4,166,8,1024,1024,1024,0.15, 0.78, 0.05, 0.02,left,2, 1024, 4, 4, 16, 16, 64, 0, 8, 0, 0, 2, 4, 0, 0, 0
313,43.45,149,7,1024,1024,1024,0.41, 0, 0, 0.59,down,2, 1024, 8, 0, 32, 64, 2, 0, 8, 2, 0, 0, 4, 0, 0, 0
319,43.38,123,7,1024,1024,1024,0.08, 0.84, 0.09, 0,left,2, 0, 0, 0, 32, 1024, 0, 0, 8, 64, 8, 0, 4, 2, 2, 2
319,41.21,142,6,1024,1024,1024,0.32, 0.45, 0.18, 0.06,left,2, 0, 2, 0, 32, 1024, 0, 0, 8, 64, 8, 0, 4, 4, 2, 0
326,41.54,125,7,1024,1024,1024,0.57, 0, 0.12, 0.31,right,4, 0, 0, 0, 32, 1024, 0, 0, 8, 64, 8, 2, 8, 2, 0, 0
325,42.45,149,7,1024,1024,1024,0.17, 0.09, 0.39, 0.35,up,2, 0, 0, 4, 0, 0, 32, 1024, 8, 64, 8, 2, 0, 0, 8, 2
322,48.21,119,12,1024,1024,1024,0.16, 0.78, 0, 0.07,left,2, 64, 32, 4, 8, 0, 16, 1024, 0, 0, 0, 4, 0, 0, 0, 2
305,52.17,171,12,1024,1024,1024,0.96, 0.02, 0, 0.02,right,2, 64, 32, 4, 8, 16, 1024, 0, 4, 0, 2, 0, 2, 0, 0, 0
293,46.67,155,10,1024,1024,1024,0.52, 0.26, 0.13, 0.09,right,2, 64, 32, 4, 0, 8, 16, 1024, 0, 0, 4, 2, 0, 0, 2, 2
310,49.97,125,11,1024,1024,1024,0.07, 0.01, 0.04, 0.88,down,2, 64, 32, 4, 0, 8, 16, 1024, 0, 0, 4, 2, 2, 0, 0, 4
300,43.81,174,12,1024,1024,1024,0.93, 0.04, 0.03, 0,right,0, 0, 0, 4, 0, 0, 32, 1024, 2, 64, 16, 2, 4, 8, 4, 4
318,40.45,148,8,1024,1024,1024,0.04, 0.86, 0.05, 0.05,left,0, 0, 0, 4, 0, 2, 32, 1024, 2, 64, 16, 2, 0, 4, 8, 8
328,52.12,137,10,1024,1024,1024,0.92, 0, 0.06, 0.03,right,4, 0, 0, 0, 2, 32, 1024, 0, 2, 64, 16, 2, 4, 16, 2, 0
293,51.18,122,8,1024,1024,1024,0, 0.01, 0.05, 0.94,down,0, 0, 0, 4, 0, 2, 32, 1024, 2, 64, 16, 2, 2, 4, 16, 2
296,53.55,174,7,1024,1024,1024,0.17, 0.32, 0.05, 0.45,down,0, 0, 0, 2, 0, 2, 0, 4, 0, 64, 32, 1024, 4, 4, 32, 4
289,54.06,184,9,1024,1024,1024,0.88, 0.06, 0.03, 0.03,right,2, 0, 0, 2, 0, 2, 0, 4, 0, 64, 0, 1024, 4, 4, 64, 4
287,50.98,142,7,1024,1024,1024,0.2, 0.05, 0.46, 0.29,up,0, 2, 0, 4, 0, 0, 2, 4, 0, 0, 64, 1024, 0, 8, 64, 4
297,52.09,152,7,1024,1024,1024,0.5, 0.39, 0, 0.11,right,0, 2, 2, 8, 0, 8, 128, 1024, 0, 0, 0, 4, 0, 0, 0, 2
293,49.2,155,7,1024,1024,1024,0.15, 0.42, 0.13, 0.3,left,2, 0, 4, 8, 0, 8, 128, 1024, 0, 0, 0, 4, 0, 0, 0, 2
302,48.8,128,7,1024,1024,1024,0.05, 0, 0, 0.95,down,2, 4, 8, 2, 8, 128, 1024, 0, 4, 0, 0, 0, 2, 0, 0, 0
303,49.35,125,6,1024,1024,1024,0.28, 0.33, 0.05, 0.35,down,2, 0, 0, 0, 8, 0, 0, 0, 4, 4, 8, 2, 2, 128, 1024, 2
301,48.58,141,6,1024,1024,1024,0.55, 0.4, 0.05, 0,right,2, 0, 0, 0, 8, 2, 0, 0, 4, 4, 8, 0, 2, 128, 1024, 4
304,48.72,152,8,1024,1024,1024,0.09, 0.72, 0.12, 0.07,left,0, 2, 0, 2, 0, 0, 8, 2, 0, 0, 8, 8, 2, 128, 1024, 4
303,48.57,148,7,1024,1024,1024,0.3, 0.45, 0.07, 0.17,left,4, 0, 0, 2, 8, 2, 0, 0, 16, 0, 0, 0, 2, 128, 1024, 4
304,46.94,150,7,1024,1024,1024,0.12, 0.22, 0.21, 0.45,down,4, 2, 2, 0, 8, 2, 0, 0, 16, 0, 0, 0, 2, 128, 1024, 4
309,44.8,125,9,1024,1024,1024,0.05, 0.01, 0.91, 0.02,up,4, 0, 0, 0, 8, 0, 0, 2, 16, 4, 2, 0, 2, 128, 1024, 4
315,44.31,133,7,1024,1024,1024,0.25, 0.72, 0, 0.02,left,4, 4, 2, 2, 8, 128, 1024, 4, 16, 2, 0, 0, 2, 0, 0, 0
317,44.03,141,7,1024,1024,1024,0.07, 0.31, 0.26, 0.36,down,8, 4, 0, 0, 8, 128, 1024, 4, 16, 2, 0, 0, 2, 2, 0, 0
317,44,103,7,1024,1024,1024,0.06, 0.16, 0.41, 0.37,up,0, 0, 0, 0, 16, 4, 0, 0, 16, 128, 0, 2, 2, 4, 1024, 4
318,43.65,144,6,1024,1024,1024,0.38, 0.19, 0, 0.43,down,32, 4, 1024, 2, 2, 128, 0, 4, 0, 4, 0, 0, 0, 2, 0, 0
319,40.97,122,7,1024,1024,1024,0.39, 0.5, 0.07, 0.03,left,2, 4, 0, 0, 0, 128, 0, 0, 32, 4, 0, 2, 2, 2, 1024, 4
327,42.58,131,6,1024,1024,1024,0.31, 0.27, 0.24, 0.18,right,2, 4, 0, 0, 128, 0, 0, 0, 32, 4, 2, 2, 4, 1024, 4, 0
322,40.5,130,6,1024,1024,1024,0.17, 0.09, 0.44, 0.3,up,0, 0, 2, 4, 0, 0, 0, 128, 0, 32, 4, 4, 2, 4, 1024, 4
328,40.53,113,6,1024,1024,1024,0.34, 0.24, 0.09, 0.33,right,2, 32, 2, 4, 0, 4, 4, 128, 0, 0, 1024, 8, 2, 0, 0, 0
328,39.47,123,7,1024,1024,1024,0, 0.32, 0, 0.68,down,2, 32, 2, 4, 0, 2, 8, 128, 0, 0, 1024, 8, 0, 0, 0, 2
331,39.2,117,7,1024,1024,1024,0.44, 0.53, 0.03, 0,left,0, 0, 0, 4, 0, 2, 2, 128, 0, 32, 8, 8, 2, 2, 1024, 2
332,37,108,6,1024,1024,1024,0.24, 0, 0.52, 0.25,up,4, 0, 0, 0, 4, 128, 0, 0, 32, 16, 2, 0, 4, 1024, 2, 0
338,35.07,91,7,1024,1024,1024,0.21, 0.24, 0.33, 0.22,up,8, 128, 4, 0, 32, 16, 0, 0, 4, 1024, 0, 0, 0, 0, 0, 2
344,36.88,117,7,1024,1024,1024,0.11, 0, 0.4, 0.49,down,8, 128, 4, 2, 32, 16, 0, 0, 4, 1024, 2, 0, 0, 0, 0, 0
339,37.58,111,9,1024,1024,1024,0.31, 0.25, 0.35, 0.1,up,0, 0, 0, 0, 8, 128, 0, 0, 32, 16, 4, 2, 4, 1024, 2, 2
337,34.86,141,7,1024,1024,1024,0.3, 0.3, 0, 0.41,down,8, 128, 4, 4, 32, 16, 2, 0, 4, 1024, 0, 0, 0, 2, 0, 0
345,34.05,110,7,1024,1024,1024,0.13, 0.74, 0.06, 0.08,left,0, 128, 0, 2, 8, 16, 0, 0, 32, 1024, 4, 0, 4, 2, 2, 4
347,36.01,114,9,1024,1024,1024,0.04, 0.1, 0.55, 0.31,up,128, 2, 0, 0, 8, 16, 0, 0, 32, 1024, 4, 0, 4, 4, 4, 2
341,39.57,145,10,1024,1024,1024,0.8, 0.08, 0.04, 0.07,right,128, 2, 8, 2, 8, 16, 0, 0, 32, 1024, 2, 0, 4, 4, 0, 0
331,35.69,107,10,1024,1024,1024,0.85, 0.02, 0.06, 0.07,right,128, 2, 8, 2, 2, 0, 8, 16, 0, 32, 1024, 2, 0, 0, 0, 8
342,37.92,144,10,1024,1024,1024,0.01, 0.04, 0.9, 0.05,up,128, 2, 8, 2, 0, 2, 8, 16, 0, 32, 1024, 2, 2, 0, 0, 8
336,36.77,120,10,1024,1024,1024,0.12, 0.06, 0, 0.82,down,128, 4, 16, 2, 2, 32, 1024, 16, 0, 2, 0, 2, 0, 0, 0, 8
339,36.15,138,8,1024,1024,1024,0.03, 0.91, 0.06, 0,left,0, 0, 0, 2, 0, 4, 2, 16, 128, 32, 16, 2, 2, 2, 1024, 8
341,37.21,105,8,1024,1024,1024,0.02, 0.13, 0.64, 0.21,up,2, 0, 2, 0, 4, 2, 16, 0, 128, 32, 16, 2, 4, 1024, 8, 0
338,35.61,109,7,1024,1024,1024,0.61, 0.37, 0, 0.02,right,2, 2, 2, 2, 4, 32, 32, 0, 128, 1024, 8, 0, 4, 2, 0, 0
343,34.97,111,11,1024,1024,1024,0.09, 0.15, 0.59, 0.17,up,2, 0, 4, 4, 0, 0, 4, 64, 0, 128, 1024, 8, 0, 0, 4, 2
345,34.38,104,11,1024,1024,1024,0, 0.76, 0.13, 0.1,left,2, 128, 8, 4, 0, 0, 1024, 64, 0, 2, 4, 8, 0, 0, 0, 2
346,36.33,108,9,1024,1024,1024,0.02, 0.02, 0.93, 0.03,up,2, 128, 8, 4, 1024, 64, 0, 0, 2, 4, 8, 0, 2, 0, 2, 0
341,36.25,115,8,1024,1024,1024,0.05, 0.02, 0.04, 0.89,down,2, 128, 16, 4, 1024, 64, 2, 0, 4, 4, 2, 0, 0, 0, 0, 0
341,35.87,111,7,1024,1024,1024,0.72, 0.25, 0.03, 0,right,0, 0, 0, 0, 2, 128, 2, 0, 1024, 64, 16, 0, 4, 4, 4, 4
342,34.76,120,6,1024,1024,1024,0.5, 0.11, 0.18, 0.21,right,0, 0, 0, 2, 0, 2, 128, 2, 0, 1024, 64, 16, 0, 0, 8, 8
345,34.88,162,6,1024,1024,1024,0.08, 0.13, 0.49, 0.29,up,0, 0, 2, 2, 0, 2, 128, 2, 0, 1024, 64, 16, 0, 0, 0, 16
345,34.78,114,6,1024,1024,1024,0.45, 0.5, 0, 0.05,left,0, 2, 2, 4, 0, 1024, 128, 32, 0, 0, 64, 2, 0, 0, 0, 0
345,33.94,101,6,1024,1024,1024,0.18, 0.31, 0.27, 0.23,left,4, 4, 0, 0, 1024, 128, 32, 0, 64, 2, 0, 0, 0, 0, 2, 0
348,34.15,141,6,1024,1024,1024,0.16, 0.42, 0.24, 0.18,left,8, 0, 0, 0, 1024, 128, 32, 0, 64, 2, 0, 0, 2, 0, 0, 2
347,30.41,95,6,1024,1024,1024,0.34, 0.28, 0.25, 0.13,right,8, 0, 0, 0, 1024, 128, 32, 0, 64, 2, 0, 2, 4, 0, 0, 0
358,31.7,109,6,1024,1024,1024,0.25, 0.14, 0.31, 0.3,up,0, 2, 0, 8, 0, 1024, 128, 32, 0, 0, 64, 4, 0, 0, 0, 4
354,30.17,114,7,1024,1024,1024,0.35, 0.24, 0, 0.41,down,0, 2, 128, 8, 0, 1024, 64, 32, 0, 2, 0, 8, 0, 0, 0, 0
359,29.33,130,7,1024,1024,1024,0.3, 0.19, 0.29, 0.22,right,0, 0, 0, 0, 0, 2, 0, 8, 2, 1024, 128, 32, 0, 2, 64, 8
362,29.54,130,7,1024,1024,1024,0.16, 0.46, 0.18, 0.2,left,0, 2, 0, 0, 0, 0, 2, 8, 2, 1024, 128, 32, 0, 2, 64, 8
361,27.53,128,7,1024,1024,1024,0.08, 0, 0.19, 0.72,down,2, 0, 0, 0, 2, 8, 2, 0, 2, 1024, 128, 32, 2, 64, 8, 0
367,25.4,109,8,1024,1024,1024,0.13, 0, 0.52, 0.35,up,0, 0, 0, 0, 2, 8, 2, 0, 4, 1024, 128, 0, 4, 64, 8, 32
373,32.44,111,11,1024,1024,1024,0.9, 0, 0, 0.1,right,2, 8, 2, 32, 8, 1024, 128, 0, 2, 64, 8, 0, 0, 0, 0, 0
352,27.63,95,8,1024,1024,1024,0.11, 0.08, 0.54, 0.27,up,2, 8, 2, 32, 0, 8, 1024, 128, 0, 2, 64, 8, 2, 0, 0, 0
367,23.74,106,9,1024,1024,1024,0, 0.79, 0, 0.21,left,4, 16, 2, 32, 0, 2, 1024, 128, 0, 0, 64, 8, 0, 0, 0, 2
378,24.2,88,9,1024,1024,1024,0.28, 0.35, 0.22, 0.16,left,4, 16, 2, 32, 2, 1024, 128, 0, 64, 8, 0, 2, 2, 0, 0, 0
377,21.49,97,9,1024,1024,1024,0.05, 0.13, 0.68, 0.14,up,4, 16, 2, 32, 2, 1024, 128, 0, 64, 8, 2, 0, 2, 0, 0, 2
385,20.19,106,8,1024,1024,1024,0.41, 0.47, 0.08, 0.04,left,4, 16, 2, 32, 2, 1024, 128, 2, 64, 8, 2, 0, 2, 0, 2, 0
389,20.83,101,10,1024,1024,1024,0.87, 0.03, 0.03, 0.06,right,4, 16, 2, 32, 2, 1024, 128, 2, 64, 8, 2, 0, 4, 0, 2, 0
387,19.57,107,8,1024,1024,1024,0.07, 0.01, 0.08, 0.85,down,4, 16, 2, 32, 2, 1024, 128, 2, 0, 64, 8, 2, 2, 0, 4, 2
391,19.29,105,7,1024,1024,1024,0.11, 0.61, 0.23, 0.05,left,0, 0, 2, 2, 0, 16, 128, 32, 4, 1024, 8, 2, 4, 64, 4, 4
392,20.27,88,10,1024,1024,1024,0.02, 0.56, 0.3, 0.12,left,4, 0, 0, 2, 16, 128, 32, 0, 4, 1024, 8, 2, 4, 64, 8, 0
389,18.72,79,8,1024,1024,1024,0.12, 0.3, 0.18, 0.4,down,4, 2, 0, 2, 16, 128, 32, 0, 4, 1024, 8, 2, 4, 64, 8, 0
393,40.87,107,15,1024,1024,1024,0.03, 0.95, 0.02, 0,left,0, 2, 0, 0, 4, 128, 0, 0, 16, 1024, 32, 2, 8, 64, 16, 4
327,29.23,106,15,1024,1024,1024,0.04, 0.89, 0.07, 0,left,2, 2, 0, 0, 4, 128, 0, 0, 16, 1024, 32, 2, 8, 64, 16, 4
362,16.71,157,7,1024,1024,1024,0.06, 0.28, 0.4, 0.26,up,4, 0, 2, 0, 4, 128, 0, 0, 16, 1024, 32, 2, 8, 64, 16, 4
399,17.04,109,11,1024,1024,1024,0.2, 0.73, 0, 0.07,left,8, 128, 2, 2, 16, 1024, 32, 4, 8, 64, 16, 0, 0, 2, 0, 0
398,14.92,90,11,1024,1024,1024,0.08, 0, 0.9, 0.02,up,8, 128, 4, 0, 16, 1024, 32, 4, 8, 64, 16, 2, 2, 0, 0, 0
405,31.9,124,14,1024,1024,1024,0.86, 0.04, 0.08, 0.02,right,8, 128, 4, 4, 16, 1024, 32, 2, 8, 64, 16, 2, 2, 0, 0, 0
354,32.94,106,15,1024,1024,1024,0.94, 0.02, 0.03, 0.01,right,0, 8, 128, 8, 16, 1024, 32, 2, 8, 64, 16, 2, 2, 0, 0, 2
351,35.12,109,14,1024,1024,1024,0.01, 0.01, 0.93, 0.05,up,0, 8, 128, 8, 16, 1024, 32, 2, 8, 64, 16, 2, 2, 0, 0, 4
344,31.74,93,10,1024,1024,1024,0.03, 0.06, 0.85, 0.06,up,16, 8, 128, 8, 8, 1024, 32, 4, 2, 64, 16, 4, 0, 0, 2, 0
354,34.21,113,10,1024,1024,1024,0.9, 0.02, 0.04, 0.04,right,16, 8, 128, 8, 8, 1024, 32, 8, 2, 64, 16, 0, 0, 2, 2, 0
347,36.46,95,13,1024,1024,1024,0.02, 0.03, 0.94, 0.01,up,16, 8, 128, 8, 8, 1024, 32, 8, 2, 2, 64, 16, 0, 0, 0, 4
340,41.68,112,11,1024,1024,1024,0, 0.01, 0.05, 0.94,down,16, 8, 128, 16, 8, 1024, 32, 16, 2, 2, 64, 4, 2, 0, 0, 0
324,42.1,101,11,1024,1024,1024,0.15, 0.84, 0, 0,left,0, 2, 0, 0, 16, 8, 128, 0, 8, 1024, 32, 32, 4, 2, 64, 4
323,41.42,106,10,1024,1024,1024,0.02, 0.03, 0.92, 0.03,up,2, 2, 0, 0, 16, 8, 128, 0, 8, 1024, 64, 0, 4, 2, 64, 4
325,40.16,112,11,1024,1024,1024,0.04, 0.04, 0.05, 0.86,down,2, 2, 128, 4, 16, 8, 128, 0, 8, 1024, 2, 0, 4, 2, 0, 0
329,41.32,110,8,1024,1024,1024,0.13, 0.81, 0.03, 0.03,left,2, 2, 0, 0, 16, 8, 0, 2, 8, 1024, 256, 0, 4, 2, 2, 4
326,43.09,142,8,1024,1024,1024,0.06, 0.82, 0.07, 0.04,left,4, 0, 0, 0, 16, 8, 2, 0, 8, 1024, 256, 2, 4, 4, 4, 0
320,39.4,110,8,1024,1024,1024,0.03, 0.04, 0.65, 0.29,up,4, 0, 2, 0, 16, 8, 2, 0, 8, 1024, 256, 2, 8, 4, 0, 0
331,39.37,104,7,1024,1024,1024,0.34, 0.11, 0.18, 0.36,down,4, 8, 4, 2, 16, 1024, 256, 0, 16, 4, 0, 0, 0, 0, 2, 0
331,38.96,111,7,1024,1024,1024,0.21, 0.65, 0.06, 0.07,left,2, 0, 0, 0, 0, 8, 4, 0, 4, 1024, 256, 0, 32, 4, 2, 2
333,37.37,103,8,1024,1024,1024,0.47, 0.33, 0.2, 0,right,2, 0, 0, 0, 8, 4, 0, 0, 4, 1024, 256, 0, 32, 4, 4, 2
337,39.03,123,7,1024,1024,1024,0, 0.91, 0.05, 0.04,left,0, 0, 0, 2, 0, 0, 8, 4, 2, 4, 1024, 256, 0, 32, 8, 2
332,38.69,99,7,1024,1024,1024,0.08, 0.14, 0.63, 0.14,up,2, 0, 0, 0, 8, 4, 0, 0, 2, 4, 1024, 256, 32, 8, 2, 2
333,39.85,110,8,1024,1024,1024,0.34, 0.54, 0.05, 0.08,left,2, 8, 1024, 256, 8, 8, 2, 2, 2, 0, 2, 0, 32, 0, 0, 0
330,43.29,114,10,1024,1024,1024,0.02, 0, 0, 0.98,down,2, 8, 1024, 256, 16, 4, 0, 0, 4, 2, 0, 0, 32, 0, 0, 0
320,41.79,89,10,1024,1024,1024,0.08, 0.88, 0.03, 0,left,2, 0, 0, 0, 16, 8, 0, 0, 4, 4, 2, 0, 32, 2, 1024, 256
324,44.1,117,8,1024,1024,1024,0.02, 0.05, 0.02, 0.92,down,2, 0, 0, 2, 16, 8, 0, 0, 8, 2, 0, 0, 32, 2, 1024, 256
317,43.36,104,8,1024,1024,1024,0.03, 0.94, 0.01, 0.01,left,2, 2, 0, 0, 16, 0, 0, 0, 8, 8, 0, 2, 32, 4, 1024, 256
319,42.35,85,7,1024,1024,1024,0.04, 0.48, 0.21, 0.27,left,4, 0, 0, 0, 16, 0, 0, 0, 16, 2, 0, 2, 32, 4, 1024, 256
322,42.99,105,7,1024,1024,1024,0.03, 0.15, 0.28, 0.53,down,4, 0, 0, 0, 16, 0, 2, 0, 16, 4, 0, 0, 32, 4, 1024, 256
321,42.75,101,6,1024,1024,1024,0.16, 0.2, 0.4, 0.23,up,0, 0, 0, 0, 4, 0, 0, 0, 32, 2, 2, 0, 32, 8, 1024, 256
321,40.28,121,7,1024,1024,1024,0.44, 0.31, 0.13, 0.13,right,4, 2, 2, 256, 64, 8, 1024, 0, 0, 0, 0, 2, 0, 0, 0, 0
329,39.38,96,7,1024,1024,1024,0.57, 0.23, 0.14, 0.06,right,0, 4, 4, 256, 0, 64, 8, 1024, 0, 0, 0, 2, 2, 0, 0, 0
331,37.96,92,7,1024,1024,1024,0.29, 0.08, 0.31, 0.32,down,0, 0, 8, 256, 0, 64, 8, 1024, 0, 0, 2, 2, 0, 0, 0, 2
336,38.26,99,7,1024,1024,1024,0, 0.49, 0.51, 0,up,0, 0, 0, 0, 0, 0, 0, 256, 0, 0, 16, 1024, 2, 64, 2, 4
335,38.48,96,6,1024,1024,1024,0.39, 0.17, 0.31, 0.13,right,2, 64, 16, 256, 0, 0, 2, 1024, 2, 0, 0, 4, 0, 0, 0, 0
334,36.75,102,7,1024,1024,1024,0.11, 0.13, 0.48, 0.27,up,2, 64, 16, 256, 0, 0, 2, 1024, 0, 0, 2, 4, 0, 2, 0, 0
339,37.86,91,8,1024,1024,1024,0, 0.84, 0, 0.16,left,2, 64, 16, 256, 0, 2, 4, 1024, 0, 0, 0, 4, 0, 0, 0, 2
336,35.37,93,8,1024,1024,1024,0.74, 0.1, 0.09, 0.07,right,2, 64, 16, 256, 2, 4, 1024, 0, 4, 0, 0, 0, 2, 0, 0, 2
343,35.93,98,7,1024,1024,1024,0, 0.09, 0.49, 0.42,up,2, 64, 16, 256, 0, 2, 4, 1024, 0, 0, 0, 4, 0, 0, 2, 4
342,34.1,101,7,1024,1024,1024,0.65, 0.07, 0.17, 0.11,right,2, 64, 16, 256, 2, 2, 4, 1024, 0, 0, 2, 8, 0, 0, 0, 0
347,34.43,87,8,1024,1024,1024,0.14, 0.13, 0.18, 0.56,down,2, 64, 16, 256, 0, 4, 4, 1024, 0, 0, 2, 8, 0, 0, 2, 0
346,33.24,82,8,1024,1024,1024,0.11, 0.12, 0.61, 0.15,up,0, 0, 0, 2, 0, 0, 16, 256, 0, 64, 4, 1024, 2, 4, 4, 8
350,31.18,96,8,1024,1024,1024,0.04, 0.06, 0.09, 0.81,down,2, 64, 16, 2, 0, 4, 8, 256, 0, 0, 0, 1024, 0, 2, 0, 8
356,32.06,80,7,1024,1024,1024,0.32, 0.58, 0.03, 0.06,left,0, 0, 2, 2, 0, 64, 0, 256, 0, 4, 16, 1024, 2, 2, 8, 8
353,31.16,93,6,1024,1024,1024,0.04, 0.32, 0.16, 0.48,down,4, 0, 0, 0, 64, 256, 0, 2, 4, 16, 1024, 0, 4, 16, 0, 0
356,30.73,87,6,1024,1024,1024,0.1, 0.51, 0.19, 0.2,left,0, 0, 2, 0, 4, 0, 0, 0, 64, 256, 0, 0, 8, 32, 1024, 2
357,28.27,81,6,1024,1024,1024,0.25, 0.27, 0.09, 0.39,down,2, 0, 0, 2, 4, 0, 0, 0, 64, 256, 0, 0, 8, 32, 1024, 2
365,29,91,7,1024,1024,1024,0.31, 0.26, 0.06, 0.37,down,2, 0, 0, 2, 4, 0, 0, 0, 64, 256, 0, 0, 8, 32, 1024, 4
363,26.57,75,8,1024,1024,1024,0.82, 0.12, 0.06, 0,right,2, 0, 0, 0, 4, 0, 0, 0, 64, 256, 2, 2, 8, 32, 1024, 4
370,28.12,175,7,1024,1024,1024,0, 0.5, 0.12, 0.37,left,0, 0, 0, 2, 0, 0, 2, 4, 0, 64, 256, 4, 8, 32, 1024, 4
365,25.95,78,8,1024,1024,1024,0.35, 0.22, 0.37, 0.05,up,2, 0, 0, 0, 2, 4, 0, 2, 64, 256, 4, 0, 8, 32, 1024, 4
372,24.59,82,8,1024,1024,1024,0.08, 0.19, 0, 0.74,down,4, 4, 4, 2, 64, 256, 1024, 4, 8, 32, 0, 2, 0, 0, 0, 0
376,24.71,77,8,1024,1024,1024,0.09, 0.72, 0.19, 0,left,0, 0, 0, 0, 4, 4, 2, 2, 64, 256, 4, 4, 8, 32, 1024, 2
375,23.26,69,7,1024,1024,1024,0.09, 0, 0.91, 0,up,0, 0, 0, 0, 8, 4, 2, 0, 64, 256, 8, 0, 8, 32, 1024, 2
380,24.48,89,7,1024,1024,1024,0.5, 0.44, 0, 0.06,right,8, 4, 2, 2, 64, 256, 8, 0, 8, 32, 1024, 0, 0, 2, 0, 0
376,21.9,77,7,1024,1024,1024,0.51, 0.48, 0, 0.02,right,2, 8, 4, 4, 0, 64, 256, 8, 0, 8, 32, 1024, 0, 0, 0, 2
384,22.22,73,6,1024,1024,1024,0.32, 0.18, 0.24, 0.26,right,0, 2, 8, 8, 2, 64, 256, 8, 0, 8, 32, 1024, 0, 0, 0, 2
383,21.1,86,10,1024,1024,1024,0.49, 0.15, 0.18, 0.18,right,0, 0, 2, 16, 2, 64, 256, 8, 0, 8, 32, 1024, 0, 0, 2, 2
386,17.57,65,7,1024,1024,1024,0, 0.22, 0.34, 0.44,down,0, 0, 2, 16, 2, 64, 256, 8, 0, 8, 32, 1024, 0, 0, 2, 4
397,16.28,61,10,1024,1024,1024,0.74, 0.04, 0.16, 0.05,right,0, 0, 2, 16, 2, 0, 256, 8, 0, 64, 32, 1024, 2, 8, 2, 4
401,20.25,69,12,1024,1024,1024,0.03, 0.02, 0.92, 0.03,up,2, 0, 2, 16, 0, 2, 256, 8, 0, 64, 32, 1024, 2, 8, 2, 4
389,19.28,70,8,1024,1024,1024,0.26, 0.69, 0.04, 0.01,left,4, 2, 2, 16, 0, 64, 256, 8, 0, 8, 32, 1024, 2, 0, 2, 4
392,30.64,80,15,1024,1024,1024,0.89, 0.05, 0.02, 0.03,right,4, 4, 16, 0, 64, 256, 8, 0, 8, 32, 1024, 0, 4, 4, 0, 2
358,24.62,131,11,1024,1024,1024,0, 0.81, 0, 0.19,left,0, 2, 8, 16, 0, 64, 256, 8, 0, 8, 32, 1024, 0, 0, 8, 2
376,26.43,80,14,1024,1024,1024,0.02, 0.04, 0.14, 0.8,down,2, 8, 16, 0, 64, 256, 8, 0, 8, 32, 1024, 0, 8, 2, 2, 0
370,17.53,71,10,1024,1024,1024,0.08, 0.08, 0.32, 0.52,down,0, 8, 16, 2, 2, 256, 8, 0, 64, 32, 1024, 0, 16, 2, 2, 0
397,28.17,78,14,1024,1024,1024,0.02, 0.01, 0.01, 0.96,down,0, 8, 16, 0, 2, 256, 8, 0, 64, 32, 1024, 2, 16, 2, 2, 2
365,13.97,62,9,1024,1024,1024,0.19, 0.14, 0.07, 0.6,down,0, 8, 16, 2, 2, 256, 8, 0, 64, 32, 1024, 0, 16, 2, 2, 4
408,23.11,66,12,1024,1024,1024,0.96, 0.01, 0.01, 0.01,right,0, 8, 16, 0, 2, 256, 8, 2, 64, 32, 1024, 2, 16, 2, 2, 4
380,26.09,78,10,1024,1024,1024,0.1, 0.01, 0.17, 0.73,down,2, 0, 8, 16, 2, 256, 8, 2, 64, 32, 1024, 2, 0, 16, 4, 4
371,24.12,90,10,1024,1024,1024,0.12, 0.83, 0.03, 0.03,left,0, 0, 2, 0, 0, 256, 16, 16, 4, 32, 1024, 4, 64, 16, 4, 4
377,29.43,63,11,1024,1024,1024,0.87, 0, 0.04, 0.09,right,2, 0, 0, 0, 256, 32, 2, 0, 4, 32, 1024, 4, 64, 16, 8, 0
361,29.72,72,11,1024,1024,1024,0.02, 0.08, 0.09, 0.81,down,2, 0, 0, 2, 0, 256, 32, 2, 4, 32, 1024, 4, 0, 64, 16, 8
360,28.54,89,9,1024,1024,1024,0, 0.04, 0.03, 0.93,down,0, 0, 0, 2, 0, 256, 32, 4, 2, 32, 1024, 4, 4, 64, 16, 8
364,27.21,80,8,1024,1024,1024,0, 0, 0.08, 0.92,down,0, 0, 0, 0, 2, 256, 32, 2, 2, 32, 1024, 8, 4, 64, 16, 8
368,28.47,73,8,1024,1024,1024,0.02, 0.88, 0.08, 0.02,left,0, 0, 2, 0, 0, 256, 32, 0, 4, 32, 1024, 2, 4, 64, 16, 16
364,30.55,89,7,1024,1024,1024,0.01, 0.2, 0.19, 0.61,down,2, 0, 0, 2, 256, 32, 0, 0, 4, 32, 1024, 2, 4, 64, 32, 0
358,28.66,62,7,1024,1024,1024,0.14, 0.26, 0.24, 0.37,down,0, 0, 0, 2, 2, 0, 0, 0, 256, 64, 1024, 0, 8, 64, 32, 4
364,27.93,84,7,1024,1024,1024,0.87, 0, 0.13, 0,right,0, 0, 0, 0, 2, 0, 0, 0, 256, 2, 1024, 2, 8, 128, 32, 4
366,26.43,71,7,1024,1024,1024,0, 0.19, 0.08, 0.73,down,0, 0, 0, 2, 0, 0, 0, 2, 256, 2, 1024, 2, 8, 128, 32, 4
370,26.85,67,7,1024,1024,1024,0, 0.51, 0.1, 0.4,left,0, 0, 0, 2, 0, 0, 0, 2, 256, 2, 1024, 4, 8, 128, 32, 4
369,25.94,140,7,1024,1024,1024,0.24, 0.16, 0.1, 0.49,down,2, 0, 0, 0, 2, 0, 0, 2, 256, 2, 1024, 4, 8, 128, 32, 4
372,23.22,75,6,1024,1024,1024,0.34, 0.29, 0.15, 0.22,right,0, 0, 2, 0, 4, 0, 0, 0, 256, 2, 1024, 2, 8, 128, 32, 8
380,22.65,135,7,1024,1024,1024,0.22, 0.21, 0.18, 0.39,down,0, 0, 0, 2, 0, 2, 0, 4, 256, 2, 1024, 2, 8, 128, 32, 8
382,22.17,51,8,1024,1024,1024,0.12, 0.76, 0.04, 0.08,left,2, 0, 0, 2, 0, 0, 0, 4, 256, 4, 1024, 2, 8, 128, 32, 8
383,26.89,65,11,1024,1024,1024,0.02, 0.01, 0.92, 0.05,up,4, 0, 2, 0, 4, 0, 0, 0, 256, 4, 1024, 2, 8, 128, 32, 8
369,27.42,81,11,1024,1024,1024,0.85, 0.09, 0.03, 0.03,right,8, 4, 2, 2, 256, 128, 1024, 8, 8, 0, 32, 0, 0, 0, 0, 2
367,27.64,58,10,1024,1024,1024,0.08, 0.79, 0.11, 0.02,left,0, 8, 4, 4, 256, 128, 1024, 8, 0, 2, 8, 32, 0, 0, 0, 2
367,30.19,111,10,1024,1024,1024,0.9, 0.03, 0.04, 0.03,right,8, 8, 0, 0, 256, 128, 1024, 8, 2, 8, 32, 0, 2, 2, 0, 0
359,29.79,72,9,1024,1024,1024,0.02, 0.02, 0.94, 0.02,up,0, 0, 0, 16, 256, 128, 1024, 8, 0, 2, 8, 32, 0, 2, 0, 4
360,30.8,85,8,1024,1024,1024,0.87, 0.03, 0.1, 0.01,right,256, 128, 1024, 16, 0, 4, 8, 8, 0, 0, 0, 32, 0, 0, 2, 4
357,31.2,109,7,1024,1024,1024,0.25, 0.02, 0.63, 0.1,up,256, 128, 1024, 16, 2, 0, 4, 16, 0, 0, 0, 32, 0, 0, 2, 4
356,29.88,65,7,1024,1024,1024,0.48, 0.05, 0.39, 0.07,right,256, 128, 1024, 32, 2, 0, 4, 32, 0, 0, 2, 4, 2, 0, 0, 0
360,29.54,90,8,1024,1024,1024,0.11, 0.09, 0.11, 0.69,down,256, 128, 1024, 32, 0, 2, 4, 32, 0, 2, 2, 4, 0, 0, 0, 2
361,29.14,140,7,1024,1024,1024,0.37, 0.48, 0.1, 0.05,left,2, 0, 0, 0, 0, 0, 1024, 64, 0, 128, 4, 4, 256, 4, 2, 2
362,29.41,92,6,1024,1024,1024,0.24, 0.5, 0.05, 0.2,left,2, 0, 0, 0, 1024, 64, 2, 0, 128, 8, 0, 0, 256, 4, 4, 0
361,27.96,99,6,1024,1024,1024,0.17, 0.23, 0.29, 0.31,down,2, 0, 0, 0, 1024, 64, 2, 2, 128, 8, 0, 0, 256, 8, 0, 0
366,28,66,6,1024,1024,1024,0.21, 0.12, 0.51, 0.16,up,2, 0, 0, 0, 1024, 0, 0, 0, 128, 64, 0, 2, 256, 16, 2, 2
366,27.1,89,6,1024,1024,1024,0.09, 0, 0.48, 0.43,up,2, 64, 2, 4, 1024, 16, 2, 0, 128, 0, 0, 0, 256, 0, 0, 0
368,25.32,103,8,1024,1024,1024,0.28, 0.3, 0, 0.42,down,2, 64, 4, 4, 1024, 16, 0, 2, 128, 0, 0, 0, 256, 0, 0, 0
374,25.74,108,7,1024,1024,1024,0.25, 0.61, 0.15, 0,left,2, 0, 0, 0, 1024, 0, 0, 2, 128, 64, 0, 4, 256, 16, 4, 2
372,24.06,73,7,1024,1024,1024,0.38, 0.28, 0.16, 0.18,right,2, 0, 0, 0, 1024, 2, 0, 2, 128, 64, 4, 0, 256, 16, 4, 2
377,23.7,72,9,1024,1024,1024,0, 0.03, 0.91, 0.06,up,0, 0, 0, 2, 0, 0, 1024, 4, 2, 128, 64, 4, 256, 16, 4, 2
378,22.62,126,9,1024,1024,1024,0.11, 0.03, 0, 0.86,down,2, 128, 1024, 2, 256, 16, 64, 8, 0, 0, 4, 2, 0, 0, 2, 0
382,22.63,98,8,1024,1024,1024,0.05, 0.84, 0.05, 0.07,left,0, 2, 1024, 0, 0, 0, 64, 2, 2, 128, 4, 8, 256, 16, 2, 2
382,23.17,86,9,1024,1024,1024,0.02, 0.03, 0.02, 0.93,down,2, 1024, 0, 2, 64, 2, 0, 0, 2, 128, 4, 8, 256, 16, 4, 0
380,23.57,97,8,1024,1024,1024,0.24, 0.3, 0.01, 0.45,down,2, 1024, 0, 0, 64, 2, 0, 2, 2, 128, 0, 2, 256, 16, 8, 8
379,23.07,136,7,1024,1024,1024,0.7, 0.22, 0.01, 0.07,right,2, 1024, 0, 2, 64, 2, 0, 0, 2, 128, 0, 4, 256, 16, 8, 8
380,22.32,105,7,1024,1024,1024,0.58, 0.06, 0.17, 0.19,right,0, 2, 1024, 2, 0, 0, 64, 2, 2, 2, 128, 4, 0, 256, 16, 16
383,21.35,106,7,1024,1024,1024,0, 0.04, 0.72, 0.24,up,0, 2, 1024, 2, 0, 0, 64, 2, 0, 4, 128, 4, 0, 2, 256, 32
385,19.72,80,7,1024,1024,1024,0, 0.1, 0.55, 0.35,up,0, 2, 1024, 4, 0, 4, 64, 4, 0, 2, 128, 32, 0, 0, 256, 2
390,19.12,112,6,1024,1024,1024,0.09, 0.37, 0.36, 0.18,left,0, 2, 1024, 8, 0, 4, 64, 32, 0, 2, 128, 2, 2, 0, 256, 0
392,18.08,93,8,1024,1024,1024,0.12, 0, 0.2, 0.69,down,2, 1024, 8, 0, 4, 64, 32, 2, 2, 128, 2, 0, 2, 256, 0, 0
395,17.86,116,8,1024,1024,1024,0.18, 0.31, 0.45, 0.06,up,0, 1024, 0, 0, 2, 64, 8, 2, 4, 128, 32, 0, 4, 256, 2, 2
396,18.4,89,9,1024,1024,1024,0.5, 0.38, 0, 0.13,right,2, 1024, 8, 4, 8, 64, 32, 2, 0, 128, 2, 0, 0, 256, 0, 0
394,18.32,103,7,1024,1024,1024,0.1, 0.02, 0.44, 0.44,up,2, 1024, 8, 4, 8, 64, 32, 2, 2, 0, 128, 2, 0, 0, 0, 256
395,17.69,104,8,1024,1024,1024,0.04, 0.34, 0.55, 0.08,up,2, 1024, 8, 4, 8, 64, 32, 4, 2, 0, 128, 256, 0, 2, 0, 0
396,18.5,106,8,1024,1024,1024,0.39, 0.39, 0.13, 0.09,left,2, 1024, 8, 8, 8, 64, 32, 256, 2, 2, 128, 0, 0, 0, 0, 2
394,16.81,87,9,1024,1024,1024,0.65, 0.19, 0.11, 0.05,right,2, 1024, 16, 0, 8, 64, 32, 256, 4, 128, 0, 2, 2, 0, 0, 0
399,14.35,82,9,1024,1024,1024,0, 0.27, 0.6, 0.13,up,0, 2, 1024, 16, 8, 64, 32, 256, 2, 4, 128, 2, 0, 0, 0, 2
406,13.53,91,8,1024,1024,1024,0.73, 0.09, 0, 0.18,right,8, 2, 1024, 16, 2, 64, 32, 256, 0, 4, 128, 4, 0, 2, 0, 0
409,13.28,71,8,1024,1024,1024,0.08, 0.19, 0.08, 0.66,down,8, 2, 1024, 16, 2, 64, 32, 256, 0, 4, 128, 4, 2, 0, 0, 2
410,12.8,77,8,1024,1024,1024,0.06, 0.69, 0.25, 0,left,0, 0, 0, 16, 2, 2, 1024, 256, 8, 64, 32, 4, 4, 4, 128, 2
411,12.01,102,8,1024,1024,1024,0.06, 0, 0.74, 0.19,up,16, 2, 0, 0, 4, 1024, 256, 0, 8, 64, 32, 4, 8, 128, 2, 0
413,28,112,16,1024,1024,1024,0.07, 0.09, 0.73, 0.1,up,16, 2, 256, 4, 4, 1024, 32, 0, 16, 64, 2, 0, 0, 128, 0, 2
365,28.05,117,15,1024,1024,1024,0.72, 0.07, 0.17, 0.04,right,16, 2, 256, 4, 4, 1024, 32, 2, 16, 64, 2, 0, 0, 128, 2, 0
365,32.98,108,14,1024,1024,1024,0.03, 0.02, 0.95, 0,up,16, 2, 256, 4, 4, 1024, 32, 2, 0, 16, 64, 2, 2, 0, 128, 2
351,9.98,90,10,1024,1024,1024,0, 0.09, 0.81, 0.1,up,16, 2, 256, 4, 4, 1024, 32, 4, 2, 16, 64, 2, 0, 0, 128, 2
420,40.2,118,14,1024,1024,1024,0.06, 0.93, 0, 0.01,left,16, 2, 256, 8, 4, 1024, 32, 4, 2, 16, 64, 0, 0, 2, 128, 0
329,43.66,132,13,1024,1024,1024,0.01, 0, 0.02, 0.97,down,16, 2, 256, 8, 4, 1024, 32, 4, 2, 16, 64, 2, 2, 128, 0, 0
319,43.5,135,13,1024,1024,1024,0, 0, 0, 0.99,down,0, 2, 2, 0, 16, 1024, 256, 8, 4, 16, 32, 4, 4, 128, 64, 2
319,45.66,121,9,1024,1024,1024,0.99, 0.01, 0, 0,right,0, 2, 2, 2, 0, 1024, 256, 8, 16, 16, 32, 4, 8, 128, 64, 2
313,45.25,104,12,1024,1024,1024,0.99, 0.01, 0, 0,right,0, 0, 2, 4, 0, 1024, 256, 8, 2, 32, 32, 4, 8, 128, 64, 2
314,44.1,95,11,1024,1024,1024,0.01, 0, 0.94, 0.05,up,0, 0, 2, 4, 0, 1024, 256, 8, 2, 2, 64, 4, 8, 128, 64, 2
317,44.73,119,9,1024,1024,1024,0.97, 0.02, 0.01, 0.01,right,2, 1024, 2, 4, 8, 2, 256, 8, 0, 128, 128, 4, 2, 0, 0, 2
315,46.07,130,7,1024,1024,1024,0, 0.02, 0.36, 0.62,down,2, 1024, 2, 4, 8, 2, 256, 8, 0, 0, 256, 4, 0, 0, 2, 4
311,44.21,110,7,1024,1024,1024,0.25, 0.14, 0.21, 0.4,down,0, 0, 0, 2, 0, 0, 2, 4, 2, 1024, 512, 8, 8, 2, 2, 8
317,42.51,126,7,1024,1024,1024,0.58, 0.17, 0.08, 0.17,right,0, 0, 2, 0, 0, 0, 2, 2, 2, 1024, 512, 4, 8, 2, 2, 16
322,44.77,100,9,1024,1024,1024,0.21, 0.05, 0.7, 0.04,up,0, 2, 0, 2, 0, 0, 0, 4, 2, 1024, 512, 4, 0, 8, 4, 16
315,43.83,110,8,1024,1024,1024,0.2, 0.44, 0.08, 0.28,left,2, 2, 512, 2, 0, 1024, 4, 8, 0, 8, 0, 16, 2, 0, 0, 0
318,42.41,113,10,1024,1024,1024,0.7, 0.07, 0.11, 0.11,right,4, 512, 2, 0, 1024, 4, 8, 0, 8, 16, 0, 0, 2, 0, 2, 0
322,42.04,107,10,1024,1024,1024,0, 0.08, 0, 0.92,down,0, 4, 512, 2, 0, 1024, 4, 8, 0, 2, 8, 16, 0, 0, 0, 4
323,42.43,103,9,1024,1024,1024,0, 0.97, 0.01, 0.02,left,0, 0, 0, 2, 0, 4, 512, 8, 2, 1024, 4, 16, 0, 2, 8, 4
322,42.31,103,9,1024,1024,1024,0.01, 0, 0.04, 0.95,down,2, 0, 0, 0, 4, 512, 8, 2, 2, 1024, 4, 16, 2, 8, 4, 0
323,40.23,108,8,1024,1024,1024,0.05, 0.13, 0.04, 0.78,down,0, 2, 0, 0, 2, 512, 0, 0, 4, 1024, 8, 2, 4, 8, 8, 16
329,41.59,105,7,1024,1024,1024,0.41, 0.28, 0.03, 0.28,right,2, 2, 0, 0, 0, 512, 0, 0, 2, 1024, 0, 2, 8, 8, 16, 16
325,40.71,112,6,1024,1024,1024,0.2, 0.11, 0.25, 0.44,down,2, 0, 0, 4, 0, 0, 0, 512, 0, 2, 1024, 2, 0, 0, 16, 32
327,40.66,120,7,1024,1024,1024,0.23, 0.38, 0.23, 0.17,left,0, 0, 0, 4, 0, 0, 0, 512, 2, 0, 1024, 2, 2, 2, 16, 32
328,37.52,103,7,1024,1024,1024,0.93, 0, 0.07, 0,right,4, 0, 0, 0, 512, 2, 0, 0, 2, 1024, 2, 0, 4, 16, 32, 0
337,38.18,116,8,1024,1024,1024,0, 0.03, 0.2, 0.77,down,0, 0, 2, 4, 0, 0, 512, 2, 0, 2, 1024, 2, 0, 4, 16, 32
335,37.43,104,7,1024,1024,1024,0.16, 0.05, 0.43, 0.35,up,0, 0, 2, 2, 0, 0, 512, 4, 0, 2, 1024, 4, 0, 4, 16, 32
337,34.11,93,8,1024,1024,1024,0.13, 0.79, 0, 0.09,left,0, 2, 2, 2, 0, 4, 512, 8, 0, 0, 1024, 32, 0, 0, 16, 2
347,34.74,114,6,1024,1024,1024,0.19, 0.28, 0.22, 0.31,down,4, 2, 0, 0, 4, 512, 8, 0, 1024, 32, 0, 2, 16, 2, 0, 0
345,33.13,89,8,1024,1024,1024,0.13, 0.09, 0.22, 0.57,down,0, 2, 2, 0, 8, 512, 0, 0, 1024, 32, 0, 0, 16, 2, 8, 2
350,31.64,95,7,1024,1024,1024,0.09, 0.1, 0.52, 0.29,up,0, 2, 2, 0, 8, 512, 0, 0, 1024, 32, 2, 0, 16, 2, 8, 2
355,34.72,88,11,1024,1024,1024,0.09, 0.11, 0.69, 0.11,up,8, 2, 4, 2, 1024, 512, 8, 2, 16, 32, 0, 0, 0, 2, 0, 0
345,35.12,92,9,1024,1024,1024,0.11, 0.8, 0, 0.08,left,8, 2, 4, 4, 1024, 512, 8, 0, 16, 32, 0, 0, 2, 2, 0, 0
344,36.29,101,10,1024,1024,1024,0.05, 0.06, 0.04, 0.85,down,8, 2, 8, 0, 1024, 512, 8, 0, 16, 32, 0, 2, 4, 0, 0, 0
341,36.51,91,9,1024,1024,1024,0.92, 0, 0.05, 0.04,right,8, 2, 0, 0, 1024, 2, 0, 0, 16, 512, 0, 0, 4, 32, 16, 2
340,38.17,94,8,1024,1024,1024,0, 0.01, 0.1, 0.89,down,0, 0, 8, 2, 0, 2, 1024, 2, 0, 0, 16, 512, 4, 32, 16, 2
335,38.71,112,8,1024,1024,1024,0.72, 0.09, 0.03, 0.17,right,2, 0, 0, 0, 0, 0, 8, 4, 0, 2, 1024, 512, 4, 32, 32, 2
333,37.69,86,9,1024,1024,1024,0.87, 0.06, 0.07, 0,right,0, 0, 2, 2, 0, 0, 8, 4, 0, 2, 1024, 512, 0, 4, 64, 2
336,36.94,86,6,1024,1024,1024,0.13, 0.02, 0.58, 0.28,up,0, 0, 0, 4, 2, 0, 8, 4, 0, 2, 1024, 512, 0, 4, 64, 2
339,35.45,112,6,1024,1024,1024,0.4, 0.47, 0, 0.12,left,2, 2, 8, 8, 0, 4, 1024, 512, 0, 0, 64, 2, 0, 0, 2, 0
343,34.69,88,6,1024,1024,1024,0.09, 0.22, 0.43, 0.25,up,4, 16, 0, 0, 4, 1024, 512, 0, 64, 2, 0, 0, 2, 0, 2, 0
345,33.84,105,6,1024,1024,1024,0.32, 0.19, 0.24, 0.25,right,8, 16, 512, 0, 64, 1024, 2, 0, 2, 2, 0, 2, 0, 0, 0, 0
348,32.85,90,8,1024,1024,1024,0, 0.8, 0, 0.2,left,0, 8, 16, 512, 0, 64, 1024, 2, 0, 0, 2, 4, 0, 0, 0, 2
351,32.44,102,8,1024,1024,1024,0.22, 0.05, 0.18, 0.55,down,8, 16, 512, 0, 64, 1024, 2, 0, 2, 4, 0, 0, 2, 2, 0, 0
352,32.1,84,10,1024,1024,1024,0.76, 0.09, 0.1, 0.05,right,0, 16, 2, 0, 8, 1024, 0, 0, 64, 4, 512, 0, 4, 2, 2, 0
353,33.42,98,7,1024,1024,1024,0.06, 0.05, 0.41, 0.48,down,2, 0, 16, 2, 0, 0, 8, 1024, 0, 64, 4, 512, 0, 0, 4, 4
349,33.79,88,7,1024,1024,1024,0.19, 0.03, 0.27, 0.51,down,0, 2, 0, 2, 0, 0, 16, 1024, 0, 0, 8, 512, 2, 64, 8, 4
348,31.9,89,7,1024,1024,1024,0.26, 0.06, 0.47, 0.22,up,0, 0, 2, 2, 0, 0, 0, 1024, 0, 2, 16, 512, 2, 64, 16, 4
354,31.98,85,8,1024,1024,1024,0.54, 0.21, 0.11, 0.13,right,2, 2, 2, 2, 2, 64, 32, 1024, 0, 0, 0, 512, 0, 0, 0, 4
354,31.63,89,7,1024,1024,1024,0.18, 0.26, 0.2, 0.36,down,0, 2, 4, 4, 2, 64, 32, 1024, 0, 0, 0, 512, 0, 0, 0, 4
355,30.06,85,7,1024,1024,1024,0.44, 0.07, 0.23, 0.27,right,0, 0, 0, 4, 2, 0, 0, 1024, 0, 2, 4, 512, 2, 64, 32, 4
359,28.78,87,7,1024,1024,1024,0.13, 0.17, 0.6, 0.09,up,0, 0, 0, 4, 2, 0, 2, 1024, 0, 2, 4, 512, 2, 64, 32, 4
363,28.05,93,7,1024,1024,1024,0.84, 0.12, 0.02, 0.03,right,4, 2, 2, 4, 0, 64, 4, 1024, 0, 0, 32, 512, 0, 2, 0, 4
365,28.6,91,7,1024,1024,1024,0.49, 0.36, 0.07, 0.08,right,0, 4, 4, 4, 0, 64, 4, 1024, 0, 0, 32, 512, 0, 2, 2, 4
364,26.63,78,7,1024,1024,1024,0.32, 0.15, 0.43, 0.1,up,0, 0, 4, 8, 0, 64, 4, 1024, 0, 2, 32, 512, 0, 0, 4, 4
370,29.22,80,8,1024,1024,1024,0.19, 0.33, 0.39, 0.09,up,0, 64, 8, 8, 0, 2, 32, 1024, 0, 2, 4, 512, 0, 0, 0, 4
362,30.45,81,12,1024,1024,1024,0.08, 0.21, 0.67, 0.04,up,0, 64, 8, 8, 2, 4, 32, 1024, 0, 0, 4, 512, 0, 0, 0, 4
358,38.39,80,12,1024,1024,1024,0.02, 0.92, 0.01, 0.05,left,2, 64, 8, 8, 2, 4, 32, 1024, 0, 0, 4, 512, 0, 0, 0, 4
334,25.9,75,9,1024,1024,1024,0.02, 0, 0.32, 0.66,down,2, 64, 16, 0, 2, 4, 32, 1024, 4, 512, 2, 0, 4, 0, 0, 0
372,32.18,78,11,1024,1024,1024,0.07, 0.73, 0.13, 0.07,left,2, 0, 0, 0, 0, 64, 16, 0, 4, 4, 32, 0, 8, 512, 2, 1024
353,24.79,83,6,1024,1024,1024,0.07, 0.39, 0.27, 0.26,left,2, 0, 0, 0, 64, 16, 0, 0, 8, 32, 0, 2, 8, 512, 2, 1024
375,31.03,102,10,1024,1024,1024,0.05, 0.63, 0.12, 0.21,left,2, 0, 2, 0, 64, 16, 0, 0, 8, 32, 2, 0, 8, 512, 2, 1024
356,25.74,79,10,1024,1024,1024,0.14, 0.13, 0.11, 0.61,down,4, 0, 0, 0, 64, 16, 0, 2, 8, 32, 2, 0, 8, 512, 2, 1024
372,35.98,105,11,1024,1024,1024,0.04, 0.05, 0.91, 0,up,0, 2, 0, 0, 4, 16, 0, 0, 64, 32, 0, 2, 16, 512, 4, 1024
342,34.58,75,11,1024,1024,1024,0.01, 0.06, 0.04, 0.89,down,4, 2, 4, 2, 64, 16, 0, 1024, 16, 32, 2, 0, 0, 512, 0, 0
346,34.91,78,11,1024,1024,1024,0.02, 0.03, 0.91, 0.04,up,0, 2, 0, 2, 4, 16, 0, 0, 64, 32, 4, 2, 16, 512, 2, 1024
345,31.87,77,9,1024,1024,1024,0.9, 0.04, 0.05, 0.01,right,4, 2, 4, 4, 64, 16, 2, 1024, 16, 32, 0, 0, 0, 512, 2, 0
354,31.35,82,9,1024,1024,1024,0.01, 0.02, 0.96, 0.01,up,0, 4, 2, 8, 64, 16, 2, 1024, 2, 0, 16, 32, 0, 0, 512, 2
355,32.81,87,9,1024,1024,1024,0.08, 0.9, 0.01, 0,left,64, 4, 4, 8, 2, 16, 16, 1024, 0, 0, 512, 32, 0, 2, 0, 2
351,32.64,74,8,1024,1024,1024,0.04, 0.14, 0.78, 0.04,up,64, 8, 8, 0, 2, 32, 1024, 0, 512, 32, 0, 0, 4, 0, 2, 0
352,34.05,94,9,1024,1024,1024,0.89, 0.08, 0, 0.03,right,64, 8, 8, 2, 2, 64, 1024, 0, 512, 0, 2, 0, 4, 0, 0, 0
347,34.49,82,7,1024,1024,1024,0.08, 0.22, 0.13, 0.56,down,0, 64, 16, 2, 0, 2, 64, 1024, 2, 0, 512, 2, 0, 0, 0, 4
346,31.94,94,7,1024,1024,1024,0.25, 0.67, 0.07, 0,left,0, 0, 2, 2, 0, 0, 16, 1024, 0, 64, 64, 2, 2, 2, 512, 4
354,31.23,74,7,1024,1024,1024,0.36, 0.54, 0.1, 0,left,4, 0, 0, 0, 16, 1024, 0, 0, 128, 2, 2, 0, 4, 512, 4, 0
356,32.09,72,6,1024,1024,1024,0.19, 0.24, 0.35, 0.22,up,4, 0, 0, 0, 16, 1024, 0, 0, 128, 4, 0, 2, 4, 512, 4, 0
353,32.19,93,8,1024,1024,1024,0.05, 0, 0.2, 0.75,down,4, 1024, 4, 2, 16, 4, 0, 0, 128, 512, 2, 0, 4, 0, 0, 0
353,29.94,66,8,1024,1024,1024,0.22, 0.7, 0.07, 0,left,4, 2, 0, 0, 16, 1024, 0, 0, 128, 4, 4, 0, 4, 512, 2, 2
360,29.19,72,7,1024,1024,1024,0.31, 0.48, 0.13, 0.08,left,4, 2, 0, 0, 16, 1024, 0, 0, 128, 8, 0, 2, 4, 512, 4, 0
362,28.63,85,8,1024,1024,1024,0.03, 0, 0.49, 0.49,down,4, 2, 0, 0, 16, 1024, 2, 0, 128, 8, 2, 0, 4, 512, 4, 0
364,27.54,70,9,1024,1024,1024,0.03, 0, 0.89, 0.09,up,4, 2, 0, 0, 16, 1024, 0, 0, 128, 8, 4, 0, 4, 512, 4, 2
367,28.64,66,8,1024,1024,1024,0.04, 0, 0.1, 0.86,down,4, 2, 8, 2, 16, 1024, 0, 0, 128, 8, 2, 0, 4, 512, 0, 0
364,27.96,101,7,1024,1024,1024,0.19, 0.67, 0.02, 0.12,left,4, 2, 2, 0, 16, 1024, 0, 0, 128, 8, 8, 0, 4, 512, 2, 2
366,28.62,75,8,1024,1024,1024,0.14, 0.23, 0.26, 0.37,down,4, 4, 0, 0, 16, 1024, 0, 0, 128, 16, 0, 2, 4, 512, 4, 0
364,27.74,98,8,1024,1024,1024,0.23, 0.06, 0.58, 0.13,up,4, 4, 0, 0, 16, 1024, 0, 0, 128, 16, 0, 2, 4, 512, 4, 2
366,28.1,82,6,1024,1024,1024,0.2, 0.7, 0.09, 0.01,left,4, 4, 4, 4, 16, 1024, 0, 0, 128, 16, 0, 0, 4, 512, 2, 0
365,28.38,63,7,1024,1024,1024,0.3, 0.42, 0.15, 0.13,left,8, 8, 0, 0, 16, 1024, 0, 0, 128, 16, 0, 2, 4, 512, 2, 0
364,26.97,60,7,1024,1024,1024,0.07, 0.34, 0.5, 0.08,up,16, 0, 0, 0, 16, 1024, 0, 2, 128, 16, 2, 0, 4, 512, 2, 0
369,25.57,65,6,1024,1024,1024,0.19, 0.18, 0.35, 0.28,up,32, 1024, 4, 2, 128, 16, 0, 2, 4, 512, 0, 0, 0, 0, 0, 0
373,27.73,83,9,1024,1024,1024,0.09, 0.83, 0, 0.08,left,32, 1024, 4, 4, 128, 16, 0, 2, 4, 512, 0, 0, 0, 0, 0, 0
366,27.17,63,9,1024,1024,1024,0.24, 0.16, 0.5, 0.1,up,32, 1024, 8, 0, 128, 16, 2, 0, 4, 512, 0, 2, 0, 0, 0, 0
368,27.88,71,9,1024,1024,1024,0.11, 0.15, 0.56, 0.18,up,32, 1024, 8, 2, 128, 16, 2, 0, 4, 512, 0, 0, 0, 0, 0, 2
366,27.57,74,10,1024,1024,1024,0.04, 0.14, 0, 0.82,down,32, 1024, 8, 4, 128, 16, 2, 0, 4, 512, 0, 0, 0, 2, 0, 0
367,29.97,84,9,1024,1024,1024,0.03, 0.94, 0.01, 0.02,left,0, 1024, 0, 0, 32, 16, 0, 2, 128, 512, 8, 0, 4, 2, 2, 4
360,26.43,87,9,1024,1024,1024,0.08, 0.06, 0.05, 0.81,down,1024, 0, 0, 0, 32, 16, 2, 2, 128, 512, 8, 0, 4, 4, 4, 0
370,25.42,75,10,1024,1024,1024,0.04, 0.04, 0.89, 0.04,up,1024, 0, 2, 0, 32, 16, 2, 0, 128, 512, 8, 0, 4, 4, 4, 2
373,23.89,94,12,1024,1024,1024,0.04, 0.1, 0, 0.87,down,1024, 16, 4, 2, 32, 512, 8, 0, 128, 4, 4, 0, 4, 2, 0, 0
378,23.8,96,11,1024,1024,1024,0.03, 0, 0.97, 0,up,1024, 16, 2, 0, 32, 512, 4, 0, 128, 4, 8, 0, 4, 2, 4, 2
378,21.73,64,9,1024,1024,1024,0.84, 0.12, 0.02, 0.02,right,1024, 16, 2, 2, 32, 512, 4, 0, 128, 4, 8, 0, 4, 2, 4, 2
384,22.3,77,8,1024,1024,1024,0, 0.01, 0.93, 0.07,up,0, 1024, 16, 4, 2, 32, 512, 4, 0, 128, 4, 8, 4, 2, 4, 2
383,22.85,67,9,1024,1024,1024,0.08, 0.15, 0.73, 0.04,up,2, 1024, 16, 8, 4, 32, 512, 8, 0, 128, 8, 2, 0, 2, 0, 2
381,22.63,65,11,1024,1024,1024,0.05, 0.94, 0, 0.01,left,2, 1024, 16, 16, 4, 32, 512, 4, 0, 128, 8, 0, 0, 2, 2, 0
382,23.16,74,10,1024,1024,1024,0.02, 0.06, 0.91, 0.01,up,2, 1024, 32, 0, 4, 32, 512, 4, 128, 8, 0, 0, 4, 0, 2, 0
380,23.87,71,8,1024,1024,1024,0.78, 0.13, 0.04, 0.05,right,2, 1024, 32, 4, 4, 32, 512, 0, 128, 8, 2, 0, 4, 0, 0, 2
378,23.39,83,8,1024,1024,1024,0, 0.01, 0.26, 0.72,down,2, 1024, 32, 4, 0, 4, 32, 512, 2, 128, 8, 2, 0, 0, 4, 2
379,23.16,64,6,1024,1024,1024,0.34, 0.31, 0.28, 0.07,right,2, 0, 0, 0, 0, 1024, 64, 4, 0, 4, 8, 512, 4, 128, 4, 4
380,21.55,88,7,1024,1024,1024,0, 0.57, 0.2, 0.24,left,0, 0, 0, 2, 0, 1024, 64, 4, 2, 4, 8, 512, 0, 4, 128, 8
385,20.71,66,8,1024,1024,1024,0.05, 0, 0.63, 0.32,up,2, 0, 0, 0, 1024, 64, 4, 0, 2, 4, 8, 512, 4, 128, 8, 2
387,21.01,63,11,1024,1024,1024,0.24, 0.06, 0.05, 0.66,down,2, 64, 4, 512, 1024, 4, 16, 2, 2, 128, 0, 0, 4, 0, 2, 0
386,19.44,64,10,1024,1024,1024,0.37, 0.51, 0.12, 0,left,2, 0, 2, 0, 1024, 64, 4, 0, 2, 4, 16, 512, 4, 128, 2, 2
391,17.65,97,9,1024,1024,1024,0.35, 0, 0.09, 0.55,down,4, 0, 0, 0, 1024, 64, 4, 2, 2, 4, 16, 512, 4, 128, 4, 0
397,18.93,66,13,1024,1024,1024,0.02, 0, 0.98, 0,up,4, 2, 0, 0, 1024, 64, 4, 0, 2, 4, 16, 2, 4, 128, 4, 512
393,17.71,86,13,1024,1024,1024,0.97, 0.03, 0, 0,right,4, 2, 4, 2, 1024, 64, 16, 512, 2, 4, 4, 0, 4, 128, 2, 0
396,17.79,64,9,1024,1024,1024,0.01, 0.1, 0, 0.89,down,4, 2, 4, 2, 1024, 64, 16, 512, 0, 2, 2, 8, 0, 4, 128, 2
396,18.88,63,10,1024,1024,1024,0.06, 0.92, 0.01, 0.01,left,2, 2, 4, 2, 0, 64, 16, 512, 4, 2, 2, 8, 1024, 4, 128, 2
393,19.32,72,8,1024,1024,1024,0.11, 0.26, 0.58, 0.06,up,4, 4, 2, 2, 64, 16, 512, 0, 4, 4, 8, 0, 1024, 4, 128, 2
392,18.31,65,10,1024,1024,1024,0.03, 0.92, 0.04, 0.02,left,4, 4, 2, 4, 64, 16, 512, 0, 4, 8, 8, 0, 1024, 0, 128, 2
395,17.19,88,9,1024,1024,1024,0.04, 0, 0.61, 0.36,up,8, 2, 4, 0, 64, 16, 512, 2, 4, 16, 0, 0, 1024, 128, 2, 0
398,16.95,80,7,1024,1024,1024,0.06, 0.26, 0.25, 0.44,down,8, 2, 4, 2, 64, 32, 512, 0, 4, 128, 2, 2, 1024, 0, 0, 0
399,16.48,90,8,1024,1024,1024,0.02, 0, 0.93, 0.05,up,8, 2, 0, 0, 64, 2, 4, 0, 4, 32, 512, 0, 1024, 128, 2, 4
400,16.95,82,7,1024,1024,1024,0.1, 0.49, 0.17, 0.24,left,8, 4, 4, 4, 64, 32, 512, 0, 4, 128, 2, 0, 1024, 0, 2, 0
399,16.49,70,7,1024,1024,1024,0.11, 0.29, 0.24, 0.36,down,8, 8, 4, 0, 64, 32, 512, 0, 4, 128, 2, 0, 1024, 2, 0, 2
400,23.85,83,14,1024,1024,1024,0.05, 0.23, 0.72, 0,up,8, 8, 2, 0, 64, 32, 4, 0, 4, 128, 512, 0, 1024, 2, 2, 2
378,25.95,83,14,1024,1024,1024,0.05, 0.72, 0.05, 0.18,left,8, 8, 2, 2, 64, 32, 4, 2, 4, 128, 512, 0, 1024, 2, 2, 0
372,24.05,79,13,1024,1024,1024,0.06, 0.02, 0.82, 0.09,up,16, 4, 0, 2, 64, 32, 4, 2, 4, 128, 512, 0, 1024, 4, 0, 0
377,31.55,79,13,1024,1024,1024,0.04, 0.88, 0.03, 0.05,left,16, 4, 4, 4, 64, 32, 512, 0, 4, 128, 0, 2, 1024, 4, 0, 0
355,32.66,81,12,1024,1024,1024,0.02, 0, 0.04, 0.93,down,16, 8, 4, 0, 64, 32, 512, 2, 4, 128, 2, 0, 1024, 4, 0, 0
352,30.38,77,12,1024,1024,1024,0.02, 0.02, 0.95, 0.01,up,16, 8, 0, 0, 64, 32, 4, 0, 4, 128, 512, 2, 1024, 4, 2, 2
358,31.96,84,12,1024,1024,1024,0.13, 0.86, 0, 0.01,left,16, 8, 4, 4, 64, 32, 512, 2, 4, 128, 2, 0, 1024, 4, 0, 0
354,34.3,81,10,1024,1024,1024,0.89, 0.06, 0.04, 0.02,right,16, 8, 8, 0, 64, 32, 512, 2, 4, 128, 2, 2, 1024, 4, 0, 0
347,30.07,75,8,1024,1024,1024,0.02, 0.1, 0.87, 0.01,up,0, 0, 16, 16, 64, 32, 512, 2, 0, 4, 128, 4, 0, 2, 1024, 4
359,30.88,81,8,1024,1024,1024,0.62, 0.36, 0.01, 0,right,64, 32, 16, 16, 0, 4, 512, 2, 0, 2, 128, 8, 2, 0, 1024, 0
357,29.78,69,8,1024,1024,1024,0.63, 0.2, 0.13, 0.03,right,0, 64, 32, 32, 0, 4, 512, 2, 0, 2, 128, 8, 0, 2, 2, 1024
360,34.05,76,9,1024,1024,1024,0.05, 0.85, 0.04, 0.05,left,0, 0, 64, 64, 0, 4, 512, 2, 0, 2, 128, 8, 0, 2, 4, 1024
347,31.15,77,7,1024,1024,1024,0.32, 0, 0.27, 0.41,down,128, 2, 0, 0, 4, 512, 2, 0, 2, 128, 8, 0, 2, 4, 1024, 0
356,34.17,72,7,1024,1024,1024,0.1, 0.22, 0.08, 0.6,down,2, 2, 0, 0, 128, 512, 2, 0, 4, 128, 8, 0, 4, 4, 1024, 0
347,31.92,76,8,1024,1024,1024,0.57, 0.3, 0.03, 0.1,right,0, 2, 0, 2, 2, 512, 2, 0, 128, 128, 8, 0, 8, 4, 1024, 0
354,32.91,66,8,1024,1024,1024,0.07, 0.73, 0.11, 0.09,left,0, 2, 0, 4, 0, 2, 512, 2, 0, 0, 256, 8, 0, 8, 4, 1024
351,31.76,81,7,1024,1024,1024,0.11, 0, 0.57, 0.31,up,2, 4, 0, 0, 2, 512, 2, 0, 256, 8, 2, 0, 8, 4, 1024, 0
354,31.83,94,8,1024,1024,1024,0.18, 0.16, 0.08, 0.57,down,4, 4, 4, 0, 256, 512, 1024, 2, 8, 8, 0, 0, 0, 4, 0, 0
354,31.13,73,8,1024,1024,1024,0.01, 0.03, 0.93, 0.04,up,0, 4, 0, 0, 4, 512, 0, 2, 256, 8, 4, 0, 8, 4, 1024, 2
356,31.01,62,7,1024,1024,1024,0.59, 0.29, 0.1, 0.03,right,4, 4, 4, 4, 256, 512, 1024, 0, 8, 8, 0, 2, 0, 4, 0, 0
356,31.64,67,7,1024,1024,1024,0.25, 0.59, 0.07, 0.09,left,0, 0, 8, 8, 2, 256, 512, 1024, 0, 0, 16, 2, 0, 0, 0, 4
355,29.51,92,7,1024,1024,1024,0.19, 0.35, 0.32, 0.14,left,16, 0, 2, 0, 2, 256, 512, 1024, 16, 2, 0, 0, 4, 0, 0, 0
361,28.46,65,7,1024,1024,1024,0.1, 0.06, 0.07, 0.78,down,16, 2, 0, 0, 2, 256, 512, 1024, 16, 2, 0, 0, 4, 0, 2, 0
364,28.04,67,7,1024,1024,1024,0.37, 0.51, 0.03, 0.09,left,16, 0, 0, 0, 2, 2, 0, 2, 16, 256, 512, 0, 4, 2, 2, 1024
365,26.4,74,7,1024,1024,1024,0.1, 0.69, 0.2, 0,left,16, 0, 0, 0, 4, 2, 0, 0, 16, 256, 512, 0, 4, 4, 1024, 2
370,25.16,66,10,1024,1024,1024,0.67, 0.19, 0.14, 0,right,16, 0, 0, 0, 4, 2, 0, 0, 16, 256, 512, 0, 8, 1024, 2, 2
374,25.9,78,10,1024,1024,1024,0, 0.05, 0.95, 0,up,0, 0, 2, 16, 0, 0, 4, 2, 0, 16, 256, 512, 0, 8, 1024, 4
372,25.44,76,10,1024,1024,1024,0, 0.77, 0.12, 0.11,left,0, 16, 2, 16, 2, 8, 4, 2, 0, 0, 256, 512, 0, 0, 1024, 4
373,23.42,63,8,1024,1024,1024,0.04, 0.19, 0.14, 0.63,down,16, 2, 16, 0, 2, 8, 4, 2, 256, 512, 0, 0, 1024, 4, 0, 2
379,27.04,62,11,1024,1024,1024,0.16, 0.15, 0.63, 0.07,up,16, 2, 2, 0, 2, 8, 0, 0, 256, 512, 16, 0, 1024, 4, 4, 4
368,24.17,67,8,1024,1024,1024,0.03, 0.88, 0.08, 0.02,left,16, 2, 2, 4, 2, 8, 16, 0, 256, 512, 4, 0, 1024, 4, 0, 2
377,24.86,80,7,1024,1024,1024,0.08, 0.68, 0.03, 0.21,left,16, 4, 4, 0, 2, 8, 16, 2, 256, 512, 4, 0, 1024, 4, 2, 0
375,25.15,75,8,1024,1024,1024,0.04, 0.05, 0.85, 0.06,up,16, 8, 0, 0, 2, 8, 16, 2, 256, 512, 4, 0, 1024, 4, 2, 2
374,27.58,80,10,1024,1024,1024,0.03, 0.02, 0, 0.95,down,16, 16, 16, 4, 2, 512, 4, 0, 256, 4, 2, 0, 1024, 2, 0, 0
367,27.99,65,8,1024,1024,1024,0.27, 0.7, 0.02, 0.01,left,16, 16, 0, 0, 2, 512, 16, 2, 256, 4, 4, 0, 1024, 2, 2, 4
366,28.55,64,9,1024,1024,1024,0.93, 0.04, 0.01, 0.02,right,32, 2, 0, 0, 2, 512, 16, 2, 256, 8, 0, 0, 1024, 4, 4, 0
364,29.23,60,7,1024,1024,1024,0, 0.02, 0.72, 0.26,up,0, 0, 32, 2, 2, 512, 16, 2, 0, 0, 256, 8, 0, 2, 1024, 8
362,31,65,8,1024,1024,1024,0.13, 0.77, 0.07, 0.03,left,2, 512, 32, 4, 2, 2, 16, 16, 0, 0, 256, 0, 0, 0, 1024, 0
357,30.38,72,7,1024,1024,1024,0.26, 0.31, 0, 0.43,down,2, 512, 32, 4, 4, 32, 0, 2, 256, 0, 0, 0, 1024, 0, 0, 0
358,29.86,75,8,1024,1024,1024,0.59, 0.33, 0.09, 0,right,2, 0, 0, 0, 4, 0, 0, 2, 256, 512, 0, 4, 1024, 32, 32, 2
360,29.62,63,7,1024,1024,1024,0.08, 0.22, 0.26, 0.44,down,2, 0, 0, 2, 0, 0, 4, 2, 0, 256, 512, 4, 0, 1024, 64, 2
361,28,62,5,1024,1024,1024,0.17, 0.29, 0.25, 0.29,left,0, 0, 2, 0, 0, 0, 4, 4, 0, 256, 512, 4, 2, 1024, 64, 2
366,26.97,54,7,1024,1024,1024,0.16, 0.27, 0.11, 0.47,down,2, 0, 0, 2, 8, 0, 0, 0, 256, 512, 4, 0, 2, 1024, 64, 2
369,25.22,60,10,1024,1024,1024,0.84, 0, 0.16, 0,right,2, 0, 0, 0, 8, 0, 0, 0, 256, 512, 4, 2, 2, 1024, 64, 4
374,25.49,70,8,1024,1024,1024,0, 0.11, 0.89, 0,up,0, 0, 0, 2, 0, 0, 2, 8, 256, 512, 4, 2, 2, 1024, 64, 4
373,25.45,75,8,1024,1024,1024,0.23, 0.49, 0.14, 0.14,left,256, 512, 2, 2, 2, 1024, 4, 8, 0, 0, 64, 2, 2, 0, 0, 4
373,25.17,61,9,1024,1024,1024,0.46, 0, 0.49, 0.05,up,256, 512, 4, 0, 2, 1024, 4, 8, 64, 2, 0, 0, 2, 4, 2, 0
374,24.3,70,8,1024,1024,1024,0.84, 0.06, 0.06, 0.03,right,256, 512, 8, 8, 2, 1024, 2, 0, 64, 2, 0, 0, 2, 4, 0, 2
377,24.91,73,9,1024,1024,1024,0, 0.05, 0.69, 0.25,up,0, 256, 512, 16, 0, 2, 1024, 2, 0, 2, 64, 2, 0, 2, 4, 2
375,21.43,58,7,1024,1024,1024,0.08, 0.7, 0.1, 0.12,left,0, 256, 512, 16, 0, 4, 1024, 4, 0, 2, 64, 2, 2, 0, 4, 0
385,22.44,70,9,1024,1024,1024,0.04, 0, 0.1, 0.86,down,256, 512, 16, 2, 4, 1024, 4, 0, 2, 64, 2, 0, 2, 4, 0, 0
382,23.31,61,8,1024,1024,1024,0.87, 0.05, 0.02, 0.06,right,2, 512, 0, 0, 256, 1024, 16, 0, 4, 64, 4, 0, 4, 4, 2, 2
380,22.54,72,7,1024,1024,1024,0.22, 0.04, 0.36, 0.37,down,0, 2, 2, 512, 0, 256, 1024, 16, 0, 4, 64, 4, 0, 0, 8, 4
382,22.6,54,6,1024,1024,1024,0.36, 0.24, 0.05, 0.35,right,0, 2, 2, 0, 0, 2, 1024, 512, 0, 256, 64, 16, 0, 4, 8, 8
382,21.58,58,7,1024,1024,1024,0.22, 0.11, 0.35, 0.32,up,0, 0, 0, 4, 0, 2, 1024, 512, 0, 256, 64, 16, 2, 0, 4, 16
385,21.44,67,7,1024,1024,1024,0.37, 0.13, 0.12, 0.38,down,2, 2, 1024, 4, 0, 256, 64, 512, 0, 0, 4, 32, 0, 2, 0, 0
385,20.28,68,7,1024,1024,1024,0.44, 0.49, 0.07, 0,left,0, 0, 0, 2, 0, 2, 1024, 4, 0, 256, 64, 512, 2, 2, 4, 32
389,19.68,58,7,1024,1024,1024,0.47, 0.17, 0.26, 0.1,right,2, 0, 0, 2, 2, 1024, 4, 0, 256, 64, 512, 0, 4, 4, 32, 0
390,19.05,54,6,1024,1024,1024,0.2, 0.16, 0.36, 0.28,up,2, 0, 0, 4, 0, 2, 1024, 4, 0, 256, 64, 512, 0, 0, 8, 32
392,18.75,58,7,1024,1024,1024,0.16, 0.22, 0, 0.62,down,2, 2, 1024, 8, 0, 256, 64, 512, 0, 0, 8, 32, 0, 0, 2, 0
393,18.2,58,7,1024,1024,1024,0.1, 0.23, 0.28, 0.38,down,0, 2, 1024, 0, 0, 0, 64, 8, 0, 2, 8, 512, 2, 256, 2, 32
395,16.84,64,7,1024,1024,1024,0.23, 0.14, 0.3, 0.33,down,0, 2, 1024, 0, 0, 0, 64, 8, 0, 4, 8, 512, 2, 256, 2, 32
399,17.21,60,7,1024,1024,1024,0.55, 0.22, 0.09, 0.14,right,0, 0, 1024, 0, 0, 2, 64, 8, 2, 4, 8, 512, 2, 256, 2, 32
398,17.28,50,7,1024,1024,1024,0.5, 0.16, 0.24, 0.1,right,0, 0, 0, 1024, 2, 2, 64, 8, 2, 4, 8, 512, 2, 256, 2, 32
398,17.6,58,8,1024,1024,1024,0, 0.05, 0.59, 0.36,up,0, 0, 0, 1024, 2, 4, 64, 8, 2, 4, 8, 512, 2, 256, 2, 32
397,17.52,52,8,1024,1024,1024,0.19, 0.05, 0.7, 0.06,up,4, 8, 64, 1024, 2, 256, 8, 8, 2, 0, 2, 512, 0, 0, 0, 32
397,16.81,51,7,1024,1024,1024,0.09, 0.16, 0.56, 0.19,up,4, 8, 64, 1024, 4, 256, 8, 8, 2, 0, 2, 512, 0, 0, 0, 32
399,16.32,56,7,1024,1024,1024,0.66, 0.29, 0, 0.05,right,8, 8, 64, 1024, 2, 256, 8, 8, 0, 2, 2, 512, 0, 0, 0, 32
401,16.07,54,8,1024,1024,1024,0, 0.42, 0, 0.57,down,2, 16, 64, 1024, 0, 2, 256, 16, 0, 0, 4, 512, 0, 0, 0, 32
401,21.63,60,10,1024,1024,1024,0.19, 0.17, 0.57, 0.07,up,2, 0, 0, 1024, 0, 0, 64, 16, 0, 16, 256, 512, 2, 2, 4, 32
385,21.4,60,13,1024,1024,1024,0.07, 0.02, 0.06, 0.84,down,4, 16, 64, 1024, 0, 2, 256, 16, 0, 0, 4, 512, 0, 2, 0, 32
385,16.67,70,11,1024,1024,1024,0.88, 0.06, 0.06, 0,right,0, 0, 0, 1024, 0, 2, 64, 16, 0, 16, 256, 512, 4, 4, 4, 32
399,20.24,66,13,1024,1024,1024,0.14, 0.03, 0.81, 0.02,up,0, 0, 0, 1024, 2, 2, 64, 16, 0, 16, 256, 512, 0, 4, 8, 32
389,17.94,70,11,1024,1024,1024,0.7, 0.02, 0, 0.27,right,2, 2, 64, 1024, 0, 16, 256, 16, 0, 4, 8, 512, 0, 2, 0, 32
396,18.31,49,12,1024,1024,1024,0, 0.94, 0.02, 0.04,left,0, 4, 64, 1024, 0, 16, 256, 16, 2, 4, 8, 512, 0, 0, 2, 32
395,18.89,52,9,1024,1024,1024,0.01, 0.01, 0.97, 0.01,up,4, 64, 1024, 0, 16, 256, 16, 0, 2, 4, 8, 512, 2, 32, 0, 2
393,18.98,72,12,1024,1024,1024,0.03, 0.93, 0.03, 0.01,left,4, 64, 1024, 512, 16, 256, 16, 2, 4, 4, 8, 0, 0, 32, 0, 2
393,19.09,63,7,1024,1024,1024,0.16, 0.67, 0, 0.18,left,4, 64, 1024, 512, 16, 256, 16, 2, 8, 8, 2, 0, 32, 2, 0, 0
392,20.41,58,7,1024,1024,1024,0.36, 0.03, 0.19, 0.42,down,4, 64, 1024, 512, 16, 256, 16, 2, 16, 2, 0, 0, 32, 2, 2, 0
388,17.43,46,8,1024,1024,1024,0.58, 0.28, 0.05, 0.08,right,2, 0, 0, 0, 4, 64, 1024, 0, 32, 256, 16, 512, 32, 4, 2, 2
397,17.05,46,7,1024,1024,1024,0.05, 0.76, 0.05, 0.14,left,0, 0, 2, 2, 0, 4, 64, 1024, 32, 256, 16, 512, 0, 32, 4, 4
398,19.86,59,8,1024,1024,1024,0.01, 0, 0.34, 0.65,down,4, 2, 0, 0, 4, 64, 1024, 0, 32, 256, 16, 512, 32, 8, 0, 0
390,20.56,49,7,1024,1024,1024,0.58, 0.3, 0.12, 0,right,0, 2, 0, 0, 0, 64, 2, 0, 8, 256, 1024, 0, 64, 8, 16, 512
388,19.09,54,8,1024,1024,1024,0, 0.03, 0.24, 0.73,down,0, 0, 0, 2, 0, 2, 64, 2, 0, 8, 256, 1024, 64, 8, 16, 512
392,21.18,51,8,1024,1024,1024,0.81, 0.15, 0.03, 0,right,0, 0, 0, 2, 0, 0, 64, 4, 0, 2, 256, 1024, 64, 16, 16, 512
386,21.46,49,9,1024,1024,1024,0, 0.96, 0.04, 0,left,0, 0, 0, 2, 0, 0, 64, 4, 0, 2, 256, 1024, 2, 64, 32, 512
385,20.4,56,9,1024,1024,1024,0.78, 0.13, 0.03, 0.06,right,2, 0, 2, 0, 64, 4, 0, 0, 2, 256, 1024, 0, 2, 64, 32, 512
388,19.93,50,9,1024,1024,1024,0.18, 0.03, 0.64, 0.15,up,0, 0, 0, 4, 2, 0, 64, 4, 0, 2, 256, 1024, 2, 64, 32, 512
390,18.14,50,9,1024,1024,1024,0.07, 0.1, 0.31, 0.52,down,4, 2, 64, 8, 0, 64, 256, 1024, 0, 0, 32, 512, 0, 2, 0, 0
395,19.46,52,7,1024,1024,1024,0.34, 0.07, 0.42, 0.17,up,2, 0, 0, 0, 0, 2, 64, 8, 0, 64, 256, 1024, 4, 2, 32, 512
391,18.48,45,8,1024,1024,1024,0.04, 0.93, 0, 0.02,left,2, 2, 64, 8, 4, 64, 256, 1024, 0, 2, 32, 512, 0, 0, 0, 2
394,18.19,54,7,1024,1024,1024,0.11, 0.11, 0.57, 0.22,up,4, 64, 8, 0, 4, 64, 256, 1024, 2, 32, 512, 0, 2, 2, 0, 0
395,16.43,39,7,1024,1024,1024,0.4, 0.13, 0.26, 0.21,right,8, 128, 8, 1024, 4, 32, 256, 0, 0, 2, 512, 2, 0, 0, 0, 0
400,17.59,50,7,1024,1024,1024,0.09, 0.24, 0.22, 0.46,down,8, 128, 8, 1024, 0, 4, 32, 256, 0, 2, 512, 2, 0, 2, 0, 0
397,16.97,47,7,1024,1024,1024,0, 0.17, 0.44, 0.39,up,0, 0, 0, 0, 2, 128, 8, 1024, 0, 4, 32, 256, 8, 4, 512, 2
399,15.79,45,7,1024,1024,1024,0.39, 0.37, 0, 0.24,right,2, 128, 8, 1024, 8, 8, 32, 256, 0, 0, 512, 2, 0, 0, 2, 0
402,14.94,38,7,1024,1024,1024,0.11, 0.5, 0.29, 0.1,left,2, 128, 8, 1024, 0, 16, 32, 256, 0, 0, 512, 2, 0, 0, 2, 2
405,14.3,45,7,1024,1024,1024,0.26, 0.37, 0.28, 0.09,left,2, 128, 8, 1024, 16, 32, 256, 0, 512, 2, 0, 0, 4, 0, 0, 2
407,18.71,48,11,1024,1024,1024,0.02, 0, 0.06, 0.92,down,2, 128, 8, 1024, 16, 32, 256, 2, 512, 2, 0, 0, 4, 2, 0, 0
393,19.13,52,10,1024,1024,1024,0.85, 0.09, 0.02, 0.04,right,2, 0, 2, 0, 16, 128, 0, 0, 512, 32, 8, 1024, 4, 4, 256, 2
392,19.16,47,10,1024,1024,1024,0, 0.85, 0.05, 0.1,left,0, 0, 0, 4, 0, 2, 16, 128, 512, 32, 8, 1024, 0, 8, 256, 2
392,16.81,47,11,1024,1024,1024,0.06, 0.84, 0.05, 0.06,left,4, 0, 0, 2, 2, 16, 128, 0, 512, 32, 8, 1024, 8, 256, 2, 0
399,17.79,41,10,1024,1024,1024,0.97, 0.02, 0.01, 0,right,4, 2, 0, 2, 2, 16, 128, 0, 512, 32, 8, 1024, 8, 256, 2, 0
396,17.97,48,9,1024,1024,1024,0.01, 0.01, 0.97, 0,up,0, 0, 4, 4, 0, 2, 16, 128, 512, 32, 8, 1024, 2, 8, 256, 2
396,17.78,51,8,1024,1024,1024,0.96, 0.02, 0, 0.03,right,512, 2, 4, 4, 2, 32, 16, 128, 0, 8, 8, 1024, 0, 2, 256, 2
396,18.02,49,7,1024,1024,1024,0.23, 0.01, 0.52, 0.25,up,0, 512, 2, 8, 2, 32, 16, 128, 2, 0, 16, 1024, 0, 2, 256, 2
395,17.53,47,6,1024,1024,1024,0.46, 0.11, 0.18, 0.25,right,4, 512, 2, 8, 0, 32, 32, 128, 0, 2, 256, 1024, 2, 0, 0, 2
397,16.83,41,8,1024,1024,1024,0.37, 0.17, 0.22, 0.24,right,4, 512, 2, 8, 0, 0, 64, 128, 2, 2, 256, 1024, 0, 0, 0, 4
399,16.38,39,9,1024,1024,1024,0.21, 0.07, 0.14, 0.58,down,4, 512, 2, 8, 0, 0, 64, 128, 0, 4, 256, 1024, 2, 0, 0, 4
400,15.79,35,8,1024,1024,1024,0.14, 0.17, 0.54, 0.16,up,2, 0, 0, 8, 0, 0, 2, 128, 4, 512, 64, 1024, 2, 4, 256, 4
402,14.61,35,8,1024,1024,1024,0.2, 0.16, 0.16, 0.48,down,2, 512, 2, 8, 4, 4, 64, 128, 2, 0, 256, 1024, 2, 0, 0, 4
406,15.41,43,9,1024,1024,1024,0.21, 0.59, 0.05, 0.14,left,0, 0, 2, 8, 2, 0, 2, 128, 4, 512, 64, 1024, 4, 4, 256, 4
403,14.82,37,10,1024,1024,1024,0.06, 0, 0.28, 0.66,down,2, 8, 2, 0, 4, 128, 0, 0, 4, 512, 64, 1024, 8, 256, 4, 0
405,13.68,53,7,1024,1024,1024,0.46, 0.16, 0.15, 0.22,right,0, 8, 0, 0, 2, 128, 2, 0, 8, 512, 64, 2, 8, 256, 4, 1024
408,14.44,116,8,1026.5,2048,1024,0, 0.2, 0.16, 0.64,down,0, 0, 2, 8, 0, 2, 128, 2, 8, 512, 64, 2, 8, 256, 4, 1024
406,12.32,35,7,1024,1024,1024,0.45, 0.36, 0.19, 0,right,0, 0, 2, 0, 0, 2, 128, 8, 2, 512, 64, 4, 16, 256, 4, 1024
413,10.45,35,8,1021.53,1024,1024,0.36, 0.08, 0.46, 0.1,up,0, 0, 0, 2, 2, 2, 128, 8, 2, 512, 64, 4, 16, 256, 4, 1024
418,10.2,30,8,1024,1024,1024,0.89, 0.07, 0, 0.04,right,4, 2, 128, 2, 16, 512, 64, 8, 0, 256, 4, 4, 0, 2, 0, 1024
419,10.4,28,8,1024,1024,1024,0.16, 0.03, 0.39, 0.42,down,4, 2, 128, 2, 16, 512, 64, 8, 0, 0, 256, 8, 2, 0, 2, 1024
418,9.56,28,9,1024,1024,1024,0.02, 0.02, 0.89, 0.06,up,0, 2, 128, 0, 4, 0, 64, 2, 16, 2, 256, 16, 2, 512, 2, 1024
421,9.15,34,7,1024,1024,1024,0.42, 0.48, 0, 0.1,left,4, 4, 128, 2, 16, 512, 64, 16, 2, 0, 256, 1024, 0, 0, 2, 2
422,8.75,33,8,1021.58,1024,1024,0.69, 0, 0.17, 0.14,right,8, 128, 2, 0, 16, 512, 64, 16, 2, 256, 1024, 0, 4, 2, 0, 0
423,7.55,30,8,1024,1024,1024,0, 0.72, 0, 0.28,left,2, 8, 128, 2, 16, 512, 64, 16, 0, 2, 256, 1024, 0, 0, 4, 2
427,7.27,29,10,1021.61,1024,1024,0.82, 0.12, 0.04, 0.01,right,2, 8, 128, 2, 16, 512, 64, 16, 2, 256, 1024, 0, 4, 2, 0, 2
428,7.18,35,10,1021.61,1024,1024,0.78, 0.06, 0, 0.16,right,2, 8, 128, 2, 16, 512, 64, 16, 2, 2, 256, 1024, 0, 0, 4, 4
428,7.58,31,13,1000.13,1024,1024,0, 0.09, 0, 0.91,down,2, 8, 128, 2, 16, 512, 64, 16, 2, 4, 256, 1024, 0, 0, 0, 8
427,7.47,79,11,1004.86,2048,1024,0.63, 0.07, 0.3, 0,right,0, 2, 0, 2, 2, 8, 128, 16, 16, 512, 64, 1024, 2, 4, 256, 8
427,8.88,72,11,1026.39,2048,1024,0.02, 0.98, 0.01, 0,left,0, 2, 0, 4, 2, 8, 128, 16, 16, 512, 64, 1024, 2, 4, 256, 8
423,7.96,31,9,1019.17,1024,1024,0.02, 0, 0.98, 0.01,up,2, 4, 2, 0, 2, 8, 128, 16, 16, 512, 64, 1024, 2, 4, 256, 8
426,7.81,53,14,1014.41,2048,1024,0.98, 0.02, 0, 0,right,4, 4, 2, 16, 16, 8, 128, 1024, 2, 512, 64, 8, 0, 4, 256, 2
426,8.59,134,14,1035.99,2048,1024,0, 0.43, 0.02, 0.54,down,2, 8, 2, 16, 16, 8, 128, 1024, 2, 512, 64, 8, 0, 4, 256, 2
424,14.92,117,16,1072.19,2048,1024,0.73, 0.06, 0.22, 0,right,0, 2, 2, 16, 2, 16, 128, 1024, 16, 512, 64, 8, 2, 4, 256, 2
405,43.4,166,24,1517.04,2048,1024,0.02, 0.96, 0.01, 0,left,2, 0, 4, 16, 2, 16, 128, 1024, 16, 512, 64, 8, 2, 4, 256, 2
319,19.95,155,18,1088,2048,1024,0, 0, 1, 0,up,2, 4, 16, 2, 2, 16, 128, 1024, 16, 512, 64, 8, 2, 4, 256, 2
390,44.45,175,20,1555.64,2048,1024,0.93, 0.05, 0.01, 0,right,4, 4, 16, 2, 16, 16, 128, 1024, 2, 512, 64, 8, 2, 4, 256, 2
316,17.18,131,16,1101.53,2048,1024,0, 0.92, 0.02, 0.06,left,0, 8, 16, 2, 2, 32, 128, 1024, 2, 512, 64, 8, 2, 4, 256, 2
398,59.65,179,20,1822.16,2048,1024,0.98, 0.01, 0.01, 0.01,right,8, 16, 2, 2, 2, 32, 128, 1024, 2, 512, 64, 8, 2, 4, 256, 2
271,44.03,161,19,1445.65,2048,1024,0, 0, 0.99, 0.01,up,2, 8, 16, 4, 2, 32, 128, 1024, 2, 512, 64, 8, 2, 4, 256, 2
317,20.01,138,15,1104.5,2048,1024,0, 0.06, 0.94, 0,up,4, 8, 16, 4, 4, 32, 128, 1024, 0, 512, 64, 8, 2, 4, 256, 2
389,57.44,160,18,1738.17,2048,1024,0.01, 0.99, 0, 0,left,8, 8, 16, 4, 2, 32, 128, 1024, 0, 512, 64, 8, 2, 4, 256, 2
277,38.28,142,15,1307.63,2048,1024,0.89, 0.04, 0.02, 0.05,right,16, 16, 4, 2, 2, 32, 128, 1024, 512, 64, 8, 0, 2, 4, 256, 2
335,40.7,204,15,1423.24,2048,1024,0, 0.01, 0.02, 0.97,down,0, 32, 4, 2, 2, 32, 128, 1024, 2, 512, 64, 8, 2, 4, 256, 2
327,52.82,181,17,1729.56,2048,1024,0.03, 0.93, 0.01, 0.02,left,0, 0, 4, 2, 2, 64, 128, 1024, 2, 512, 64, 8, 4, 4, 256, 2
291,29.58,140,11,1262.47,2048,1024,0.02, 0.02, 0.06, 0.9,down,4, 2, 2, 0, 2, 64, 128, 1024, 2, 512, 64, 8, 8, 256, 2, 0
361,55.77,185,17,1872.62,2048,1024,0.96, 0.01, 0.01, 0.02,right,2, 2, 2, 0, 4, 64, 128, 0, 4, 512, 64, 1024, 8, 256, 2, 8
282,57.74,175,14,1816.42,2048,1024,0.01, 0.01, 0.04, 0.94,down,0, 2, 2, 4, 0, 4, 64, 128, 4, 512, 64, 1024, 8, 256, 2, 8
276,60.32,149,13,1911.22,2048,1024,0.97, 0.02, 0.01, 0,right,0, 2, 0, 4, 2, 4, 2, 128, 4, 512, 128, 1024, 8, 256, 2, 8
269,58.37,158,11,1752.18,2048,1024,0, 0, 0.96, 0.03,up,2, 0, 2, 4, 2, 4, 2, 128, 4, 512, 128, 1024, 8, 256, 2, 8
274,60.36,138,13,1954.91,2048,1024,0.04, 0.01, 0.94, 0.01,up,4, 4, 4, 4, 4, 512, 128, 128, 8, 256, 2, 1024, 0, 2, 0, 8
268,53.55,140,13,1758.69,2048,1024,0.02, 0.04, 0.09, 0.84,down,8, 4, 4, 4, 8, 512, 128, 128, 0, 256, 2, 1024, 2, 2, 0, 8
289,61.5,146,14,1956.19,2048,1024,0.01, 0.99, 0, 0,left,0, 4, 2, 4, 0, 512, 4, 128, 16, 256, 128, 1024, 2, 2, 2, 8
265,61.64,161,12,1971.01,2048,1024,0, 0, 0.02, 0.98,down,4, 2, 4, 0, 512, 4, 128, 0, 16, 256, 128, 1024, 4, 2, 8, 2
265,65.08,147,10,2013.35,2048,1024,0.98, 0.01, 0, 0,right,4, 2, 2, 0, 512, 4, 4, 0, 16, 256, 256, 1024, 4, 2, 8, 2
254,64.42,189,10,2035.95,2048,1024,0.04, 0.01, 0.01, 0.94,down,0, 2, 4, 4, 0, 0, 512, 8, 0, 16, 512, 1024, 4, 2, 8, 2
256,63.54,189,10,2044.02,2048,1024,0.02, 0.15, 0.01, 0.82,down,0, 2, 0, 4, 0, 2, 4, 8, 0, 16, 1024, 1024, 4, 2, 8, 2
259,63.95,162,9,2044.06,2048,2048,0.91, 0.05, 0.01, 0.03,right,0, 0, 0, 4, 2, 4, 4, 8, 0, 16, 1024, 1024, 4, 2, 8, 2
258,60.1,174,9,2048,2048,2048,0.9, 0.04, 0.01, 0.05,right,0, 0, 0, 4, 2, 2, 8, 8, 0, 0, 16, 2048, 4, 2, 8, 2
269,62.27,158,8,2048,2048,2048,0.04, 0.01, 0.93, 0.02,up,0, 0, 0, 4, 2, 0, 4, 16, 0, 0, 16, 2048, 4, 2, 8, 2
263,59.78,138,7,2048,2048,2048,0.47, 0.49, 0.02, 0.02,left,2, 2, 4, 4, 4, 0, 16, 16, 0, 0, 8, 2048, 2, 0, 0, 2
270,61.51,128,6,2048,2048,2048,0.11, 0.39, 0.25, 0.25,left,4, 8, 0, 0, 4, 32, 0, 0, 8, 2048, 0, 0, 4, 0, 2, 0
265,63.06,179,8,2048,2048,2048,0.01, 0.06, 0.81, 0.12,up,4, 8, 0, 2, 4, 32, 0, 0, 8, 2048, 0, 0, 4, 2, 0, 0
260,61.19,171,8,2048,2048,2048,0.05, 0.89, 0.02, 0.04,left,8, 8, 0, 2, 8, 32, 0, 0, 4, 2048, 0, 0, 0, 2, 0, 2
266,61.73,124,8,2048,2048,2048,0.03, 0.05, 0.29, 0.63,down,16, 2, 0, 0, 8, 32, 0, 2, 4, 2048, 0, 0, 4, 0, 0, 0
264,64.17,150,6,2048,2048,2048,0.06, 0.08, 0.44, 0.42,up,0, 0, 0, 0, 16, 2, 0, 0, 8, 32, 0, 2, 8, 2048, 0, 2
257,61.53,186,6,2048,2048,2048,0.1, 0.19, 0.25, 0.46,down,16, 2, 0, 4, 16, 32, 0, 0, 0, 2048, 0, 2, 0, 0, 0, 0
265,62.85,144,7,2048,2048,2048,0.09, 0.06, 0.85, 0,up,0, 0, 0, 0, 0, 2, 0, 0, 2, 32, 0, 4, 32, 2048, 0, 2
261,61.06,161,8,2048,2048,2048,0.29, 0.66, 0, 0.06,left,2, 2, 2, 4, 32, 32, 0, 2, 0, 2048, 0, 0, 0, 0, 0, 0
266,62.7,188,6,2048,2048,2048,0.15, 0.05, 0.3, 0.5,down,4, 2, 4, 0, 64, 2, 0, 2, 2048, 0, 0, 0, 0, 0, 0, 0
261,59.19,179,6,2048,2048,2048,0.19, 0.58, 0.24, 0,left,2, 0, 0, 0, 4, 0, 0, 0, 64, 0, 0, 0, 2048, 4, 4, 2
272,61.95,141,7,2048,2048,2048,0.43, 0, 0.23, 0.34,right,2, 0, 0, 0, 4, 2, 0, 0, 64, 0, 0, 0, 2048, 8, 2, 0
264,58.15,155,7,2048,2048,2048,0.08, 0.74, 0.05, 0.12,left,0, 0, 2, 2, 0, 0, 4, 2, 0, 0, 0, 64, 0, 2048, 8, 2
275,56.67,138,6,2048,2048,2048,0.13, 0.3, 0.3, 0.27,left,4, 0, 2, 0, 4, 2, 0, 0, 64, 0, 0, 0, 2048, 8, 2, 0
279,57.22,164,6,2048,2048,2048,0.22, 0.22, 0.47, 0.08,up,4, 2, 0, 0, 4, 2, 0, 0, 64, 0, 0, 0, 2048, 8, 2, 2
278,56.71,161,6,2048,2048,2048,0.42, 0.34, 0.11, 0.14,right,8, 4, 2, 2, 64, 8, 0, 0, 2048, 0, 0, 0, 0, 0, 0, 2
279,56.42,186,6,2048,2048,2048,0.53, 0.33, 0.08, 0.06,right,0, 8, 4, 4, 0, 0, 64, 8, 0, 0, 0, 2048, 0, 2, 0, 2
280,53.09,139,6,2048,2048,2048,0.21, 0.1, 0.32, 0.37,down,0, 0, 8, 8, 0, 0, 64, 8, 0, 2, 0, 2048, 0, 0, 0, 4
290,51.17,197,7,2048,2048,2048,0, 0.19, 0.81, 0,up,0, 0, 0, 0, 0, 0, 2, 16, 0, 0, 8, 2048, 0, 2, 64, 4
296,51.76,111,8,2048,2048,2048,0.76, 0.12, 0, 0.12,right,2, 2, 2, 16, 0, 0, 8, 2048, 0, 0, 64, 4, 0, 0, 0, 0
294,53.6,165,7,2048,2048,2048,0.05, 0.03, 0.87, 0.05,up,0, 2, 4, 16, 0, 0, 8, 2048, 0, 0, 64, 4, 0, 2, 0, 0
289,50.78,112,7,2048,2048,2048,0.73, 0.11, 0.11, 0.06,right,0, 4, 4, 16, 2, 0, 8, 2048, 0, 0, 64, 4, 0, 0, 0, 0
297,53.73,151,7,2048,2048,2048,0.25, 0.07, 0.62, 0.06,up,0, 0, 8, 16, 0, 2, 8, 2048, 2, 0, 64, 4, 0, 0, 0, 0
288,49.39,120,7,2048,2048,2048,0.4, 0.56, 0, 0.04,left,2, 2, 16, 16, 0, 0, 64, 2048, 0, 0, 0, 4, 0, 0, 0, 2
301,48.97,163,7,2048,2048,2048,0.57, 0, 0, 0.43,right,4, 32, 0, 0, 64, 2048, 0, 0, 4, 2, 0, 0, 2, 0, 0, 0
303,48.47,135,6,2048,2048,2048,0.25, 0.07, 0.29, 0.39,down,2, 0, 4, 32, 0, 0, 64, 2048, 0, 0, 4, 2, 0, 0, 0, 2
304,49.65,151,6,2048,2048,2048,0.11, 0.38, 0.3, 0.21,left,0, 0, 0, 0, 0, 0, 4, 32, 0, 2, 64, 2048, 2, 0, 4, 4
301,49.37,151,7,2048,2048,2048,0.05, 0, 0.43, 0.52,down,0, 0, 0, 0, 4, 32, 0, 0, 2, 64, 2048, 0, 2, 8, 2, 0
301,48.61,136,7,2048,2048,2048,0.12, 0.16, 0.21, 0.51,down,0, 2, 0, 0, 0, 32, 0, 0, 4, 64, 2048, 0, 4, 8, 2, 0
304,46.85,155,6,2048,2048,2048,0.26, 0.44, 0.13, 0.17,left,2, 2, 0, 0, 0, 32, 0, 0, 0, 64, 2048, 0, 8, 8, 2, 0
309,45.2,162,6,2048,2048,2048,0.13, 0.33, 0.25, 0.28,left,4, 0, 0, 0, 32, 0, 0, 2, 64, 2048, 0, 0, 16, 2, 0, 0
314,44.7,144,6,2048,2048,2048,0.12, 0.42, 0.46, 0,up,4, 0, 0, 0, 32, 2, 0, 0, 64, 2048, 0, 0, 16, 2, 0, 2
315,42.17,106,6,2048,2048,2048,0.31, 0.39, 0.14, 0.16,left,4, 2, 0, 2, 32, 2048, 0, 0, 64, 2, 2, 0, 16, 0, 0, 0
323,46.46,133,9,2048,2048,2048,0.14, 0.54, 0.23, 0.09,left,4, 4, 0, 0, 32, 2048, 0, 2, 64, 4, 0, 0, 16, 0, 0, 0
310,50.61,151,9,2048,2048,2048,0.74, 0.06, 0.04, 0.16,right,8, 0, 2, 0, 32, 2048, 2, 0, 64, 4, 0, 0, 16, 0, 0, 0
298,56.41,157,10,2048,2048,2048,0.02, 0.02, 0.94, 0.02,up,0, 0, 8, 2, 0, 32, 2048, 2, 0, 0, 64, 4, 0, 2, 0, 16
280,56.23,139,9,2048,2048,2048,0.03, 0.04, 0.89, 0.04,up,0, 32, 8, 4, 2, 2, 2048, 4, 0, 0, 64, 16, 0, 0, 0, 0
281,60.01,147,8,2048,2048,2048,0.11, 0.87, 0, 0.02,left,2, 32, 8, 8, 0, 2, 2048, 16, 0, 0, 64, 2, 0, 0, 0, 0
269,56.32,153,8,2048,2048,2048,0.31, 0, 0.66, 0.02,up,2, 32, 16, 0, 2, 2048, 16, 0, 64, 2, 0, 0, 2, 0, 0, 0
281,58.83,145,6,2048,2048,2048,0.35, 0.44, 0.18, 0.02,left,4, 32, 32, 0, 64, 2048, 0, 0, 2, 2, 0, 2, 0, 0, 0, 0
273,57.68,155,6,2048,2048,2048,0.21, 0.22, 0.31, 0.26,up,4, 64, 0, 0, 64, 2048, 0, 0, 4, 2, 0, 0, 0, 2, 0, 0
276,53.74,143,6,2048,2048,2048,0.19, 0.26, 0.32, 0.23,up,4, 64, 0, 0, 64, 2048, 0, 0, 4, 4, 0, 0, 0, 0, 0, 2
288,55.3,119,7,2048,2048,2048,0.58, 0.12, 0, 0.3,right,4, 64, 0, 2, 64, 2048, 0, 0, 4, 4, 0, 0, 2, 0, 0, 0
284,55.35,139,7,2048,2048,2048,0, 0.05, 0.19, 0.76,down,0, 4, 64, 2, 0, 0, 64, 2048, 0, 0, 2, 8, 0, 0, 0, 2
283,53.97,129,6,2048,2048,2048,0.49, 0.15, 0.15, 0.21,right,0, 0, 0, 2, 0, 0, 0, 2048, 2, 0, 128, 8, 0, 4, 2, 2
288,52.39,150,6,2048,2048,2048,0.64, 0.08, 0.06, 0.22,right,0, 0, 0, 2, 2, 0, 0, 2048, 0, 2, 128, 8, 0, 0, 4, 4
292,53.22,121,6,2048,2048,2048,0.2, 0.08, 0.43, 0.29,up,0, 0, 0, 2, 2, 0, 2, 2048, 0, 2, 128, 8, 0, 0, 0, 8
290,54.07,153,6,2048,2048,2048,0.38, 0.42, 0.07, 0.14,left,2, 2, 2, 2, 2, 0, 128, 2048, 0, 0, 0, 16, 0, 0, 0, 0
287,50.68,140,6,2048,2048,2048,0.48, 0.26, 0.21, 0.05,right,4, 4, 0, 0, 2, 128, 2048, 0, 16, 0, 0, 2, 0, 0, 0, 0
297,50.46,135,6,2048,2048,2048,0.21, 0.4, 0.22, 0.16,left,0, 0, 0, 8, 0, 2, 128, 2048, 0, 0, 16, 2, 0, 0, 2, 0
298,48.28,125,6,2048,2048,2048,0.41, 0.2, 0.18, 0.21,right,8, 0, 0, 0, 2, 128, 2048, 0, 16, 2, 0, 2, 2, 0, 0, 0
305,49.2,137,6,2048,2048,2048,0.52, 0.18, 0.15, 0.15,right,0, 0, 0, 8, 0, 2, 128, 2048, 0, 0, 16, 4, 0, 2, 0, 2
302,47.49,117,6,2048,2048,2048,0.24, 0.13, 0.4, 0.23,up,2, 0, 0, 8, 0, 2, 128, 2048, 0, 0, 16, 4, 0, 0, 0, 4
307,45.42,115,7,2048,2048,2048,0.2, 0.41, 0.15, 0.24,left,2, 2, 128, 8, 0, 0, 16, 2048, 0, 2, 0, 8, 0, 0, 0, 0
313,44.62,142,8,2048,2048,2048,0.16, 0, 0.23, 0.6,down,4, 128, 8, 0, 16, 2048, 0, 0, 2, 8, 0, 0, 2, 0, 0, 0
316,43.87,149,7,2048,2048,2048,0.31, 0.63, 0.06, 0,left,0, 2, 0, 0, 4, 128, 0, 0, 16, 2048, 0, 0, 4, 8, 8, 0
318,45.29,150,6,2048,2048,2048,0.14, 0.37, 0.32, 0.17,left,2, 0, 2, 0, 4, 128, 0, 0, 16, 2048, 0, 0, 4, 16, 0, 0
314,43.95,130,6,2048,2048,2048,0.19, 0.23, 0.17, 0.41,down,4, 0, 2, 0, 4, 128, 0, 0, 16, 2048, 0, 0, 4, 16, 0, 0
318,43.01,130,6,2048,2048,2048,0.14, 0.1, 0.31, 0.45,down,0, 0, 0, 0, 8, 128, 0, 0, 16, 2048, 0, 2, 4, 16, 2, 0
320,40.62,116,6,2048,2048,2048,0.1, 0.23, 0.36, 0.31,up,0, 0, 0, 0, 8, 128, 0, 0, 16, 2048, 0, 2, 4, 16, 2, 2
328,42.01,111,7,2048,2048,2048,0.14, 0.21, 0, 0.65,down,8, 128, 2, 4, 16, 2048, 0, 2, 4, 16, 0, 0, 0, 0, 0, 0
323,40.13,136,8,2048,2048,2048,0.14, 0.31, 0.55, 0,up,0, 2, 0, 0, 8, 128, 0, 0, 16, 2048, 0, 4, 4, 16, 2, 2
329,40.47,132,8,2048,2048,2048,0.75, 0.19, 0.04, 0.02,right,8, 2, 2, 4, 16, 128, 2, 2, 4, 2048, 0, 0, 0, 16, 0, 0
328,36.13,116,8,2048,2048,2048,0.78, 0.11, 0.02, 0.09,right,0, 8, 4, 4, 2, 16, 128, 4, 0, 0, 4, 2048, 0, 0, 0, 16
341,38.45,121,7,2048,2048,2048,0.13, 0.68, 0.16, 0.03,left,2, 0, 8, 8, 2, 16, 128, 4, 0, 0, 4, 2048, 0, 0, 0, 16
334,38.27,116,7,2048,2048,2048,0.02, 0, 0.68, 0.3,up,2, 16, 0, 0, 2, 16, 128, 4, 4, 2048, 2, 0, 16, 0, 0, 0
335,37.78,136,6,2048,2048,2048,0.21, 0.19, 0.36, 0.24,up,4, 32, 128, 4, 4, 2048, 2, 0, 16, 0, 0, 2, 0, 0, 0, 0
336,35.71,133,7,2048,2048,2048,0.4, 0.24, 0.13, 0.23,right,8, 32, 128, 4, 16, 2048, 2, 2, 0, 0, 0, 0, 0, 0, 2, 0
342,34.89,130,8,2048,2048,2048,0.3, 0.12, 0.41, 0.17,up,8, 32, 128, 4, 0, 16, 2048, 4, 0, 0, 0, 0, 0, 0, 2, 2
345,35.27,121,8,2048,2048,2048,0.23, 0.57, 0.13, 0.07,left,8, 32, 128, 8, 0, 16, 2048, 2, 0, 0, 2, 0, 0, 2, 0, 0
344,34.57,131,7,2048,2048,2048,0.17, 0.08, 0.13, 0.61,down,8, 32, 128, 8, 16, 2048, 2, 0, 2, 0, 0, 0, 2, 2, 0, 0
346,35.78,101,7,2048,2048,2048,0.75, 0.22, 0.03, 0,right,0, 0, 0, 0, 8, 32, 2, 0, 16, 2048, 128, 0, 4, 2, 2, 8
342,36.35,118,8,2048,2048,2048,0.24, 0.73, 0.03, 0,left,0, 0, 2, 0, 0, 8, 32, 2, 0, 16, 2048, 128, 0, 4, 4, 8
340,36.5,118,6,2048,2048,2048,0.24, 0.45, 0.07, 0.23,left,2, 0, 2, 0, 8, 32, 2, 0, 16, 2048, 128, 0, 8, 8, 0, 0
340,34.74,115,7,2048,2048,2048,0.1, 0, 0.52, 0.38,up,4, 0, 0, 0, 8, 32, 2, 0, 16, 2048, 128, 2, 16, 0, 0, 0
345,35.71,138,10,2048,2048,2048,0.73, 0.15, 0.06, 0.06,right,4, 32, 2, 2, 8, 2048, 128, 0, 32, 0, 0, 0, 0, 0, 0, 2
342,36.76,108,7,2048,2048,2048,0.11, 0.07, 0.06, 0.75,down,0, 4, 32, 4, 0, 8, 2048, 128, 0, 0, 0, 32, 0, 2, 0, 2
339,38.03,144,7,2048,2048,2048,0.48, 0.36, 0.16, 0,right,0, 2, 0, 4, 0, 4, 0, 128, 0, 8, 32, 32, 0, 2, 2048, 2
335,39.15,151,8,2048,2048,2048,0.63, 0.29, 0.05, 0.03,right,0, 2, 2, 4, 0, 0, 4, 128, 0, 0, 8, 64, 0, 2, 2048, 2
332,37.56,128,6,2048,2048,2048,0.23, 0.04, 0.4, 0.32,up,0, 0, 4, 4, 2, 0, 4, 128, 0, 0, 8, 64, 0, 2, 2048, 2
337,37.32,103,6,2048,2048,2048,0.2, 0.27, 0.33, 0.21,up,2, 2, 8, 4, 0, 0, 8, 128, 0, 0, 2048, 64, 2, 0, 0, 2
338,33.98,131,6,2048,2048,2048,0.14, 0.09, 0.45, 0.32,up,4, 2, 16, 4, 0, 0, 2048, 128, 0, 2, 0, 64, 0, 0, 0, 2
348,34.8,126,7,2048,2048,2048,0.48, 0.33, 0, 0.19,right,4, 4, 16, 4, 0, 0, 2048, 128, 0, 0, 2, 64, 0, 0, 0, 2
345,34.99,121,9,2048,2048,2048,0.12, 0.15, 0.65, 0.08,up,0, 8, 16, 4, 0, 0, 2048, 128, 0, 2, 2, 64, 0, 0, 0, 2
345,33.31,104,9,2048,2048,2048,0.08, 0.58, 0.04, 0.3,left,0, 8, 16, 4, 0, 2, 2048, 128, 0, 0, 2, 64, 0, 2, 0, 2
350,35.52,136,8,2048,2048,2048,0.02, 0.1, 0.74, 0.14,up,8, 16, 4, 0, 2, 2048, 128, 0, 2, 64, 0, 2, 4, 0, 0, 0
343,34.15,115,8,2048,2048,2048,0.03, 0, 0.21, 0.77,down,8, 16, 4, 2, 4, 2048, 128, 0, 4, 64, 0, 0, 2, 0, 0, 0
347,34.03,107,7,2048,2048,2048,0.11, 0.1, 0.54, 0.25,up,0, 2, 0, 0, 8, 16, 0, 0, 8, 2048, 4, 0, 2, 64, 128, 2
347,32.7,100,7,2048,2048,2048,0.3, 0.09, 0.21, 0.4,down,16, 2, 4, 2, 2, 16, 128, 2, 0, 2048, 0, 0, 0, 64, 0, 0
351,30.72,103,7,2048,2048,2048,0.14, 0.12, 0.65, 0.08,up,2, 2, 0, 0, 0, 16, 0, 0, 16, 2048, 4, 0, 2, 64, 128, 4
357,33.27,108,7,2048,2048,2048,0.27, 0.39, 0.34, 0.01,left,2, 2, 4, 4, 16, 16, 128, 0, 2, 2048, 0, 0, 0, 64, 2, 0
350,32.64,115,6,2048,2048,2048,0.5, 0.33, 0.17, 0,right,4, 8, 0, 0, 32, 128, 0, 0, 2, 2048, 0, 0, 64, 2, 0, 2
352,30.48,102,8,2048,2048,2048,0, 0.48, 0, 0.52,down,0, 2, 4, 8, 0, 0, 32, 128, 0, 0, 2, 2048, 0, 0, 64, 4
358,30.1,94,7,2048,2048,2048,0.29, 0.06, 0.33, 0.32,up,2, 0, 4, 8, 0, 0, 32, 128, 0, 0, 2, 2048, 0, 2, 64, 4
359,29.15,125,8,2048,2048,2048,0.25, 0.51, 0.14, 0.11,left,2, 2, 4, 8, 0, 0, 32, 128, 0, 2, 2, 2048, 0, 0, 64, 4
362,28.7,102,6,2048,2048,2048,0.37, 0.44, 0.11, 0.08,left,4, 4, 8, 0, 32, 128, 0, 0, 4, 2048, 0, 0, 64, 4, 0, 2
363,29.1,94,6,2048,2048,2048,0.37, 0.3, 0.33, 0,right,8, 8, 0, 0, 32, 128, 0, 0, 4, 2048, 0, 0, 64, 4, 2, 2
362,28.71,114,6,2048,2048,2048,0.25, 0.18, 0.29, 0.28,up,2, 0, 0, 16, 0, 0, 32, 128, 0, 0, 4, 2048, 0, 64, 4, 4
363,26.99,99,7,2048,2048,2048,0, 0.33, 0.39, 0.28,up,2, 64, 32, 16, 0, 0, 8, 128, 0, 0, 0, 2048, 0, 0, 2, 4
369,26.27,117,7,2048,2048,2048,0.17, 0.6, 0.12, 0.12,left,2, 64, 32, 16, 0, 0, 8, 128, 0, 2, 2, 2048, 0, 0, 0, 4
371,25.36,144,8,2048,2048,2048,0.07, 0, 0.58, 0.35,up,2, 64, 32, 16, 8, 128, 0, 0, 4, 2048, 2, 0, 4, 0, 0, 0
373,22.83,87,7,2048,2048,2048,0.17, 0, 0.71, 0.12,up,2, 64, 32, 16, 8, 128, 2, 0, 8, 2048, 0, 0, 2, 0, 0, 0
381,23.15,111,7,2048,2048,2048,0.53, 0, 0.15, 0.32,right,2, 64, 32, 16, 16, 128, 2, 0, 2, 2048, 2, 0, 0, 0, 0, 0
380,22.39,90,6,2048,2048,2048,0.34, 0.33, 0.14, 0.18,right,2, 64, 32, 16, 0, 16, 128, 2, 0, 2, 2048, 2, 2, 0, 0, 0
382,25.36,118,10,2048,2048,2048,0.27, 0.07, 0.52, 0.14,up,2, 64, 32, 16, 0, 16, 128, 2, 0, 2, 2048, 2, 0, 0, 2, 2
373,22.09,91,9,2048,2048,2048,0.07, 0.09, 0.77, 0.07,up,2, 64, 32, 16, 2, 16, 128, 4, 0, 2, 2048, 2, 0, 0, 2, 0
383,20.63,88,7,2048,2048,2048,0.45, 0.06, 0.25, 0.24,right,4, 64, 32, 16, 0, 16, 128, 4, 2, 2, 2048, 2, 0, 0, 2, 0
388,36.83,111,14,2048,2048,2048,0.03, 0.07, 0.13, 0.77,down,4, 64, 32, 16, 0, 16, 128, 4, 0, 4, 2048, 2, 2, 0, 0, 2
339,29.1,122,13,2048,2048,2048,0.1, 0.07, 0.05, 0.78,down,0, 2, 0, 0, 0, 64, 32, 16, 4, 16, 128, 4, 2, 4, 2048, 4
362,34.79,167,12,2048,2048,2048,0.05, 0.1, 0.81, 0.04,up,2, 2, 0, 0, 0, 64, 32, 0, 4, 16, 128, 16, 2, 4, 2048, 8
345,36.88,101,16,2048,2048,2048,0.94, 0.05, 0, 0.01,right,2, 2, 32, 16, 4, 64, 128, 8, 2, 16, 2048, 2, 0, 4, 0, 0
339,39.87,104,13,2048,2048,2048,0, 0.96, 0.04, 0,left,0, 4, 32, 16, 4, 64, 128, 8, 2, 16, 2048, 2, 0, 0, 2, 4
330,44.48,122,12,2048,2048,2048,0, 0, 0, 0.99,down,4, 32, 16, 0, 4, 64, 128, 8, 2, 16, 2048, 2, 2, 4, 0, 2
316,35.42,120,12,2048,2048,2048,0.03, 0.95, 0.01, 0.01,left,0, 32, 0, 2, 0, 64, 16, 0, 8, 16, 128, 8, 4, 4, 2048, 4
343,40.92,127,10,2048,2048,2048,0.02, 0.06, 0.02, 0.89,down,32, 2, 0, 0, 64, 16, 0, 2, 8, 16, 128, 8, 8, 2048, 4, 0
327,41.67,106,10,2048,2048,2048,0.02, 0.9, 0.02, 0.06,left,0, 0, 0, 2, 32, 2, 0, 0, 64, 32, 128, 2, 16, 2048, 4, 8
324,45.42,123,9,2048,2048,2048,0.01, 0, 0.99, 0,up,2, 0, 0, 0, 32, 2, 2, 0, 64, 32, 128, 2, 16, 2048, 4, 8
313,44.43,114,9,2048,2048,2048,0.96, 0.03, 0, 0.01,right,2, 2, 2, 2, 32, 32, 128, 8, 64, 2048, 4, 0, 16, 2, 0, 0
316,41.79,119,7,2048,2048,2048,0.08, 0.63, 0.27, 0.02,left,2, 0, 4, 4, 0, 64, 128, 8, 0, 64, 2048, 4, 0, 0, 16, 2
324,40.87,103,7,2048,2048,2048,0.02, 0.03, 0.57, 0.38,up,2, 8, 0, 2, 64, 128, 8, 0, 64, 2048, 4, 0, 16, 2, 0, 0
327,44.04,119,6,2048,2048,2048,0.19, 0.46, 0.34, 0.02,left,2, 8, 8, 2, 128, 128, 4, 2, 16, 2048, 0, 0, 0, 2, 0, 0
317,40.69,111,7,2048,2048,2048,0.23, 0.33, 0.25, 0.19,left,2, 16, 2, 0, 256, 4, 2, 2, 16, 2048, 0, 0, 2, 0, 0, 0
327,41.71,112,8,2048,2048,2048,0.15, 0.11, 0.12, 0.61,down,2, 16, 2, 0, 256, 4, 4, 0, 16, 2048, 0, 0, 2, 0, 2, 0
324,42.25,99,7,2048,2048,2048,0.72, 0.23, 0.04, 0,right,2, 0, 0, 0, 256, 16, 2, 0, 16, 4, 4, 0, 2, 2048, 2, 2
323,42.31,123,8,2048,2048,2048,0.15, 0.07, 0.2, 0.58,down,0, 0, 2, 2, 0, 256, 16, 2, 0, 0, 16, 8, 0, 2, 2048, 4
323,40.82,95,7,2048,2048,2048,0, 0.3, 0.2, 0.5,down,0, 0, 0, 0, 0, 0, 2, 4, 2, 256, 32, 8, 0, 2, 2048, 4
327,41.19,127,7,2048,2048,2048,0.45, 0.29, 0.09, 0.17,right,0, 0, 0, 0, 2, 0, 2, 4, 0, 256, 32, 8, 2, 2, 2048, 4
326,39.4,100,6,2048,2048,2048,0.28, 0.08, 0.39, 0.26,up,0, 0, 0, 0, 2, 0, 4, 4, 0, 256, 32, 8, 0, 4, 2048, 4
331,40.71,113,6,2048,2048,2048,0.23, 0.39, 0.15, 0.23,left,2, 256, 4, 4, 2, 4, 32, 8, 0, 0, 2048, 4, 0, 0, 0, 0
327,37.78,113,6,2048,2048,2048,0.2, 0.23, 0.47, 0.11,up,2, 256, 8, 0, 2, 4, 32, 8, 2048, 4, 0, 0, 0, 0, 2, 0
336,39.11,104,6,2048,2048,2048,0.33, 0.23, 0.41, 0.03,up,4, 256, 8, 8, 2048, 8, 32, 0, 0, 0, 2, 0, 2, 0, 0, 0
332,38.06,112,7,2048,2048,2048,0.29, 0.48, 0.17, 0.05,left,4, 256, 8, 8, 2048, 8, 32, 0, 2, 0, 2, 2, 0, 0, 0, 0
335,39.27,104,10,2048,2048,2048,0.26, 0, 0.66, 0.08,up,4, 256, 16, 0, 2048, 8, 32, 2, 4, 2, 0, 0, 0, 0, 0, 0
332,38.56,110,8,2048,2048,2048,0.13, 0.17, 0.62, 0.08,up,4, 256, 16, 2, 2048, 8, 32, 0, 4, 2, 0, 0, 0, 0, 0, 2
334,39.95,117,11,2048,2048,2048,0.15, 0.79, 0, 0.07,left,4, 256, 16, 4, 2048, 8, 32, 0, 4, 2, 2, 0, 0, 0, 0, 0
330,40.28,97,10,2048,2048,2048,0.03, 0.02, 0.01, 0.94,down,4, 256, 16, 4, 2048, 8, 32, 0, 4, 4, 0, 0, 0, 0, 0, 2
329,39.3,100,10,2048,2048,2048,0.96, 0.02, 0.02, 0,right,0, 2, 0, 0, 4, 256, 0, 0, 2048, 8, 16, 4, 4, 4, 32, 2
332,41.21,93,8,2048,2048,2048,0.03, 0.02, 0.82, 0.13,up,0, 2, 0, 2, 0, 0, 4, 256, 2048, 8, 16, 4, 0, 8, 32, 2
326,38.14,83,7,2048,2048,2048,0.96, 0.03, 0, 0.01,right,2048, 2, 4, 2, 2, 16, 16, 256, 0, 0, 32, 4, 0, 0, 0, 2
335,39.04,109,7,2048,2048,2048,0.01, 0.06, 0.32, 0.61,down,2048, 2, 4, 2, 0, 2, 32, 256, 0, 0, 32, 4, 0, 0, 2, 2
332,38.51,92,8,2048,2048,2048,0.52, 0.36, 0.04, 0.08,right,0, 0, 0, 2, 2, 0, 4, 256, 0, 0, 64, 4, 2048, 4, 2, 2
334,39.65,112,7,2048,2048,2048,0.11, 0.76, 0.09, 0.04,left,0, 0, 2, 2, 0, 2, 4, 256, 0, 0, 64, 4, 0, 2048, 4, 4
331,37.78,85,7,2048,2048,2048,0.05, 0, 0.54, 0.41,up,4, 0, 0, 0, 2, 4, 256, 2, 64, 4, 0, 0, 2048, 8, 0, 0
336,37.97,99,7,2048,2048,2048,0.08, 0.13, 0.43, 0.36,up,4, 8, 256, 2, 2, 8, 0, 0, 64, 0, 0, 0, 2048, 0, 0, 2
336,36.84,89,9,2048,2048,2048,0.05, 0.14, 0.74, 0.07,up,4, 16, 256, 4, 2, 0, 0, 0, 64, 0, 2, 0, 2048, 0, 0, 0
339,35.29,92,6,2048,2048,2048,0.15, 0.41, 0.16, 0.28,left,4, 16, 256, 4, 2, 0, 2, 0, 64, 2, 0, 0, 2048, 0, 0, 0
344,32.9,130,6,2048,2048,2048,0.14, 0.32, 0.42, 0.13,up,4, 16, 256, 4, 4, 0, 0, 0, 64, 2, 0, 2, 2048, 0, 0, 0
351,33.33,80,7,2048,2048,2048,0.29, 0.17, 0.3, 0.24,up,8, 16, 256, 4, 64, 2, 0, 2, 2048, 0, 0, 0, 0, 0, 0, 2
350,31.75,92,7,2048,2048,2048,0.24, 0.06, 0.49, 0.21,up,8, 16, 256, 4, 64, 2, 0, 4, 2048, 0, 0, 0, 0, 0, 2, 0
354,31.66,100,8,2048,2048,2048,0.08, 0.24, 0.59, 0.09,up,8, 16, 256, 8, 64, 2, 2, 0, 2048, 2, 0, 0, 0, 0, 0, 0
355,33.28,91,7,2048,2048,2048,0.05, 0.08, 0.15, 0.72,down,8, 16, 256, 8, 64, 4, 2, 0, 2048, 0, 2, 0, 0, 0, 0, 0
350,33.49,84,7,2048,2048,2048,0.56, 0.42, 0.02, 0,right,0, 0, 0, 0, 8, 0, 2, 0, 64, 16, 256, 0, 2048, 4, 4, 8
349,33.27,82,8,2048,2048,2048,0.6, 0.37, 0.04, 0,right,0, 0, 2, 0, 0, 0, 8, 2, 0, 64, 16, 256, 0, 2048, 8, 8
350,32.23,92,6,2048,2048,2048,0.33, 0.3, 0.16, 0.21,right,0, 0, 0, 2, 0, 0, 8, 2, 0, 64, 16, 256, 2, 0, 2048, 16
353,29.53,94,7,2048,2048,2048,0.23, 0.16, 0.41, 0.2,up,0, 0, 0, 2, 2, 0, 8, 2, 0, 64, 16, 256, 0, 2, 2048, 16
361,30.25,98,7,2048,2048,2048,0.19, 0.39, 0.25, 0.18,left,2, 64, 8, 4, 0, 2, 16, 256, 0, 0, 2048, 16, 0, 2, 0, 0
359,28.51,86,8,2048,2048,2048,0.38, 0, 0.53, 0.09,up,2, 64, 8, 4, 2, 16, 256, 0, 2048, 16, 2, 0, 2, 0, 0, 0
364,27.36,83,7,2048,2048,2048,0.31, 0.48, 0.14, 0.08,left,4, 64, 8, 4, 2048, 32, 256, 0, 2, 0, 2, 0, 2, 0, 0, 0
367,26.53,91,9,2048,2048,2048,0.92, 0, 0, 0.08,right,4, 64, 8, 4, 2048, 32, 256, 2, 4, 0, 0, 0, 2, 0, 0, 0
370,25.72,84,7,2048,2048,2048,0.16, 0.71, 0, 0.13,left,4, 64, 8, 4, 2048, 32, 256, 2, 2, 0, 0, 4, 0, 0, 0, 2
372,26.58,90,8,2048,2048,2048,0.05, 0.08, 0.17, 0.7,down,4, 64, 8, 4, 2048, 32, 256, 2, 2, 4, 0, 0, 2, 0, 2, 0
370,28.18,83,9,2048,2048,2048,0.93, 0.05, 0.01, 0,right,2, 0, 0, 0, 4, 64, 8, 0, 2048, 32, 256, 4, 4, 4, 2, 2
365,35.05,82,12,2048,2048,2048,0.83, 0.02, 0.07, 0.08,right,0, 2, 0, 2, 0, 4, 64, 8, 2048, 32, 256, 4, 0, 0, 8, 4
344,25.2,83,8,2048,2048,2048,0, 0.02, 0.22, 0.76,down,0, 0, 0, 4, 2, 4, 64, 8, 2048, 32, 256, 4, 0, 0, 8, 4
374,27.51,87,10,2048,2048,2048,0.05, 0.74, 0.03, 0.18,left,0, 0, 2, 0, 0, 0, 64, 4, 2, 4, 256, 8, 2048, 32, 8, 8
367,36.24,78,10,2048,2048,2048,0.95, 0.02, 0.01, 0.01,right,2, 2, 0, 0, 64, 4, 0, 0, 2, 4, 256, 8, 2048, 32, 16, 0
341,37.58,97,10,2048,2048,2048,0.02, 0.01, 0.91, 0.06,up,2, 0, 0, 4, 0, 0, 64, 4, 2, 4, 256, 8, 0, 2048, 32, 16
337,37.46,83,9,2048,2048,2048,0.05, 0.04, 0.84, 0.07,up,4, 4, 64, 8, 0, 2048, 256, 8, 0, 0, 32, 16, 0, 0, 0, 2
337,37.7,93,9,2048,2048,2048,0.07, 0.03, 0.08, 0.82,down,4, 4, 64, 16, 2, 2048, 256, 16, 0, 0, 32, 2, 0, 0, 0, 0
336,35.99,79,7,2048,2048,2048,0.22, 0.64, 0.02, 0.12,left,2, 0, 0, 0, 0, 0, 64, 0, 4, 4, 256, 32, 2, 2048, 32, 2
342,37.19,165,8,2048,2048,2048,0.01, 0.51, 0.35, 0.13,left,2, 0, 0, 0, 64, 0, 0, 2, 8, 256, 32, 0, 2, 2048, 32, 2
338,35.01,87,7,2048,2048,2048,0.11, 0.46, 0.36, 0.07,left,2, 0, 0, 0, 64, 2, 0, 2, 8, 256, 32, 0, 2, 2048, 32, 2
344,28.32,89,6,2048,2048,2048,0.13, 0.25, 0.4, 0.23,up,2, 0, 2, 0, 64, 4, 0, 0, 8, 256, 32, 0, 2, 2048, 32, 2
365,29.61,80,7,2048,2048,2048,0.34, 0.58, 0, 0.08,left,2, 4, 2, 2, 64, 256, 64, 0, 8, 2048, 0, 0, 2, 2, 0, 0
361,30.65,79,10,2048,2048,2048,0.08, 0.79, 0.06, 0.07,left,2, 4, 4, 0, 64, 256, 64, 2, 8, 2048, 0, 0, 4, 0, 0, 0
358,25.45,64,7,2048,2048,2048,0.27, 0, 0.24, 0.49,down,2, 8, 2, 0, 64, 256, 64, 2, 8, 2048, 0, 0, 4, 0, 0, 0
373,25.42,82,7,2048,2048,2048,0.19, 0.35, 0.25, 0.21,left,2, 0, 0, 2, 64, 8, 0, 0, 8, 256, 2, 0, 4, 2048, 64, 2
373,24.56,97,8,2048,2048,2048,0.09, 0.66, 0.12, 0.13,left,4, 0, 0, 2, 64, 8, 0, 0, 8, 256, 2, 0, 4, 2048, 64, 2
376,24.1,70,8,2048,2048,2048,0.15, 0.62, 0.03, 0.2,left,4, 2, 2, 0, 64, 8, 0, 0, 8, 256, 2, 0, 4, 2048, 64, 2
377,27.18,97,11,2048,2048,2048,0.08, 0.85, 0.05, 0.02,left,4, 4, 0, 0, 64, 8, 0, 0, 8, 256, 2, 2, 4, 2048, 64, 2
368,21.25,75,9,2048,2048,2048,0.17, 0, 0.83, 0,up,8, 0, 0, 0, 64, 8, 2, 0, 8, 256, 4, 0, 4, 2048, 64, 2
386,22.41,77,12,2048,2048,2048,0.24, 0.67, 0, 0.09,left,8, 8, 2, 2, 64, 256, 4, 0, 8, 2048, 64, 0, 4, 0, 2, 0
382,23.54,62,10,2048,2048,2048,0.03, 0.84, 0.08, 0.05,left,16, 4, 0, 2, 64, 256, 4, 0, 8, 2048, 64, 0, 4, 2, 0, 0
379,26.48,123,11,2048,2048,2048,0.86, 0, 0.1, 0.03,right,16, 4, 2, 0, 64, 256, 4, 0, 8, 2048, 64, 2, 4, 2, 0, 0
370,22.56,99,10,2048,2048,2048,0, 0.1, 0.76, 0.14,up,0, 16, 4, 2, 0, 64, 256, 4, 8, 2048, 64, 2, 0, 2, 4, 2
382,22.84,74,11,2048,2048,2048,0.1, 0.08, 0.03, 0.8,down,8, 16, 4, 2, 2, 64, 256, 4, 0, 2048, 64, 4, 0, 2, 4, 0
381,23.13,60,8,2048,2048,2048,0.5, 0.5, 0.01, 0,left,0, 16, 4, 0, 2, 64, 256, 0, 8, 2048, 64, 2, 2, 2, 4, 8
380,23.37,70,7,2048,2048,2048,0.6, 0.05, 0.3, 0.05,right,16, 4, 0, 0, 2, 64, 256, 0, 8, 2048, 64, 2, 4, 4, 8, 2
379,22.84,65,7,2048,2048,2048,0.27, 0.06, 0.26, 0.41,down,0, 2, 16, 4, 0, 2, 64, 256, 8, 2048, 64, 2, 0, 8, 8, 2
381,25.82,61,9,2048,2048,2048,0.06, 0.9, 0.02, 0.02,left,0, 0, 0, 0, 2, 4, 16, 4, 0, 2048, 128, 256, 8, 8, 8, 4
372,27.32,67,7,2048,2048,2048,0.02, 0.04, 0.01, 0.92,down,0, 0, 0, 2, 2, 4, 16, 4, 2048, 128, 256, 0, 16, 8, 4, 0
368,26.18,74,7,2048,2048,2048,0.32, 0.49, 0.01, 0.18,left,0, 0, 0, 0, 2, 4, 16, 2, 2048, 128, 256, 2, 16, 8, 4, 4
371,27.39,66,8,2048,2048,2048,0.1, 0.88, 0.02, 0.01,left,0, 2, 0, 0, 2, 4, 16, 2, 2048, 128, 256, 2, 16, 8, 8, 0
367,26.89,68,7,2048,2048,2048,0.48, 0.09, 0.13, 0.31,right,2, 2, 0, 0, 2, 4, 16, 2, 2048, 128, 256, 2, 16, 16, 0, 0
369,27.55,94,10,2048,2048,2048,0.04, 0.13, 0.09, 0.75,down,0, 2, 0, 4, 2, 4, 16, 2, 2048, 128, 256, 2, 0, 0, 0, 32
367,28.88,80,11,2048,2048,2048,0.07, 0.04, 0.04, 0.85,down,0, 0, 0, 2, 0, 2, 0, 4, 2, 4, 16, 4, 2048, 128, 256, 32
363,28.65,97,9,2048,2048,2048,0.05, 0.03, 0.04, 0.88,down,0, 0, 0, 2, 0, 2, 0, 2, 2, 4, 16, 8, 2048, 128, 256, 32
364,30.06,94,10,2048,2048,2048,0.95, 0.02, 0.03, 0,right,0, 0, 0, 0, 0, 2, 2, 4, 2, 4, 16, 8, 2048, 128, 256, 32
359,31.8,103,8,2048,2048,2048,0.93, 0.02, 0.04, 0.02,right,0, 2, 0, 0, 0, 0, 4, 4, 2, 4, 16, 8, 2048, 128, 256, 32
354,30.4,96,9,2048,2048,2048,0.29, 0.01, 0.04, 0.65,down,0, 0, 0, 2, 2, 0, 0, 8, 2, 4, 16, 8, 2048, 128, 256, 32
358,29.58,84,8,2048,2048,2048,0.29, 0.08, 0.03, 0.61,down,0, 0, 0, 2, 0, 0, 0, 2, 4, 4, 16, 16, 2048, 128, 256, 32
361,30.67,102,8,2048,2048,2048,0.17, 0.79, 0.01, 0.03,left,2, 0, 0, 0, 0, 0, 0, 4, 4, 4, 16, 16, 2048, 128, 256, 32
357,29.74,135,7,2048,2048,2048,0.81, 0.14, 0.02, 0.03,right,2, 0, 2, 0, 4, 0, 0, 0, 8, 32, 0, 0, 2048, 128, 256, 32
360,29.32,76,6,2048,2048,2048,0.18, 0.02, 0.28, 0.53,down,0, 0, 0, 4, 2, 0, 0, 4, 0, 0, 8, 32, 2048, 128, 256, 32
362,30.63,118,6,2048,2048,2048,0.36, 0.29, 0.06, 0.28,right,0, 0, 0, 2, 0, 0, 0, 0, 2, 0, 8, 8, 2048, 128, 256, 64
358,27.79,96,6,2048,2048,2048,0, 0.35, 0.24, 0.41,down,0, 0, 0, 2, 0, 0, 0, 2, 0, 0, 2, 16, 2048, 128, 256, 64
366,27.99,105,7,2048,2048,2048,0.59, 0.06, 0.12, 0.23,right,2, 0, 0, 0, 0, 0, 0, 4, 0, 0, 2, 16, 2048, 128, 256, 64
366,27.95,113,8,2048,2048,2048,0, 0.37, 0.15, 0.48,down,0, 0, 0, 2, 0, 0, 2, 4, 0, 0, 2, 16, 2048, 128, 256, 64
366,26.47,88,10,2048,2048,2048,0.67, 0.29, 0.04, 0,right,0, 0, 0, 2, 0, 0, 0, 4, 2, 0, 4, 16, 2048, 128, 256, 64
370,26.15,79,7,2048,2048,2048,0.68, 0.09, 0.09, 0.14,right,0, 0, 2, 2, 0, 0, 0, 4, 0, 2, 4, 16, 2048, 128, 256, 64
371,27.17,92,7,2048,2048,2048,0.04, 0.03, 0.5, 0.43,up,0, 2, 0, 4, 0, 0, 0, 4, 0, 2, 4, 16, 2048, 128, 256, 64
368,27.24,96,7,2048,2048,2048,0.37, 0.5, 0.1, 0.03,left,2048, 4, 4, 8, 0, 128, 256, 16, 0, 0, 0, 64, 0, 0, 2, 0
368,26.31,91,7,2048,2048,2048,0.66, 0.19, 0.11, 0.04,right,2048, 8, 8, 0, 128, 256, 16, 0, 64, 0, 0, 0, 2, 2, 0, 0
371,25.2,84,6,2048,2048,2048,0, 0.08, 0.3, 0.62,down,0, 0, 2048, 16, 2, 128, 256, 16, 0, 0, 0, 64, 0, 0, 0, 4
374,25.33,115,6,2048,2048,2048,0.2, 0.32, 0.21, 0.27,left,0, 0, 2, 0, 0, 0, 0, 32, 0, 0, 2048, 64, 2, 128, 256, 4
374,23.97,119,6,2048,2048,2048,0.26, 0.26, 0.22, 0.27,down,2, 2, 0, 0, 32, 0, 0, 0, 2048, 64, 0, 0, 2, 128, 256, 4
378,23.08,84,6,2048,2048,2048,0.31, 0.24, 0.21, 0.24,right,2, 0, 0, 0, 32, 2, 2, 0, 2048, 64, 0, 0, 2, 128, 256, 4
380,21.56,112,7,2048,2048,2048,0, 0.62, 0.21, 0.17,left,0, 0, 0, 2, 0, 2, 32, 4, 0, 0, 2048, 64, 2, 128, 256, 4
385,20.33,101,9,2048,2048,2048,0.13, 0, 0.28, 0.59,down,2, 0, 0, 0, 2, 32, 4, 0, 2048, 64, 2, 0, 2, 128, 256, 4
389,20.71,107,10,2048,2048,2048,0.05, 0.05, 0.04, 0.86,down,0, 0, 0, 2, 4, 32, 4, 0, 2048, 64, 2, 0, 2, 128, 256, 4
387,20.96,111,9,2048,2048,2048,0.94, 0.06, 0.01, 0,right,0, 2, 0, 0, 4, 32, 4, 0, 2048, 64, 2, 2, 2, 128, 256, 4
387,18.85,95,8,2048,2048,2048,0, 0.04, 0.23, 0.72,down,0, 0, 0, 2, 0, 4, 32, 4, 2, 2048, 64, 4, 2, 128, 256, 4
393,24.26,120,12,2048,2048,2048,0, 0.17, 0.03, 0.8,down,0, 0, 0, 0, 2, 4, 32, 2, 0, 2048, 64, 4, 4, 128, 256, 8
377,17.13,55,7,2048,2048,2048,0.7, 0.05, 0.14, 0.11,right,2, 0, 0, 0, 0, 4, 32, 2, 2, 2048, 64, 4, 4, 128, 256, 8
398,18.17,114,8,2048,2048,2048,0, 0.01, 0.11, 0.88,down,0, 0, 0, 2, 2, 4, 32, 2, 2, 2048, 64, 4, 4, 128, 256, 8
395,48.94,144,14,2048,2048,2048,0.02, 0.01, 0.05, 0.92,down,0, 0, 2, 0, 0, 4, 32, 4, 4, 2048, 64, 4, 4, 128, 256, 8
303,47.68,120,12,2048,2048,2048,0.02, 0.03, 0.93, 0.02,up,0, 0, 2, 2, 0, 4, 32, 0, 0, 2048, 64, 8, 8, 128, 256, 8
306,47.91,113,13,2048,2048,2048,0.05, 0.93, 0, 0.01,left,8, 4, 2, 2, 0, 2048, 32, 16, 0, 128, 64, 2, 0, 0, 256, 0
306,50,124,12,2048,2048,2048,0.95, 0.03, 0, 0.02,right,8, 4, 4, 0, 2048, 32, 16, 0, 128, 64, 2, 0, 256, 2, 0, 0
299,50.43,121,11,2048,2048,2048,0.98, 0.01, 0.01, 0.01,right,0, 0, 8, 8, 0, 2048, 32, 16, 0, 128, 64, 2, 0, 2, 256, 2
298,53.11,125,11,2048,2048,2048,0, 0.01, 0.96, 0.02,up,0, 0, 2, 16, 0, 2048, 32, 16, 0, 128, 64, 2, 0, 2, 256, 2
290,51.43,113,11,2048,2048,2048,0.02, 0.04, 0.01, 0.93,down,0, 2048, 2, 32, 0, 128, 32, 4, 0, 2, 64, 0, 2, 0, 256, 0
295,52.74,121,9,2048,2048,2048,0.98, 0.01, 0.01, 0,right,0, 2, 2, 0, 0, 2048, 32, 0, 0, 128, 64, 32, 2, 2, 256, 4
291,55.31,118,8,2048,2048,2048,0, 0.02, 0.01, 0.97,down,0, 0, 2, 4, 0, 0, 2048, 32, 0, 128, 64, 32, 0, 4, 256, 4
284,53.49,140,7,2048,2048,2048,0.82, 0.15, 0.01, 0.03,right,0, 2, 2, 0, 0, 0, 2048, 4, 0, 128, 64, 64, 0, 4, 256, 4
289,52.07,112,6,2048,2048,2048,0.31, 0.2, 0.15, 0.34,down,0, 0, 0, 4, 0, 2, 2048, 4, 0, 0, 128, 128, 0, 4, 256, 4
293,53.64,136,7,2048,2048,2048,0.09, 0.21, 0.43, 0.28,up,0, 2, 0, 0, 0, 0, 2048, 8, 0, 2, 128, 128, 0, 4, 256, 4
289,51.04,137,8,2048,2048,2048,0.07, 0.8, 0.1, 0.03,left,0, 4, 2048, 8, 0, 4, 128, 128, 0, 0, 256, 4, 0, 0, 0, 2
296,51.63,112,6,2048,2048,2048,0.6, 0, 0.31, 0.1,right,4, 2048, 8, 0, 4, 256, 2, 0, 256, 4, 0, 0, 2, 0, 0, 0
295,51,135,7,2048,2048,2048,0.52, 0.26, 0.12, 0.1,right,0, 4, 2048, 8, 0, 4, 256, 2, 0, 0, 256, 4, 0, 2, 0, 2
296,49.12,128,6,2048,2048,2048,0.09, 0.18, 0.28, 0.45,down,0, 4, 2048, 8, 0, 4, 256, 2, 0, 0, 256, 4, 0, 2, 0, 4
302,48.27,111,7,2048,2048,2048,0.2, 0.57, 0.1, 0.12,left,0, 0, 2, 0, 0, 0, 0, 8, 0, 8, 2048, 2, 0, 2, 512, 8
305,49.68,123,7,2048,2048,2048,0.07, 0.06, 0.2, 0.66,down,2, 0, 0, 0, 8, 0, 2, 0, 8, 2048, 2, 0, 2, 512, 8, 0
300,48.48,122,6,2048,2048,2048,0.49, 0.12, 0.13, 0.26,right,0, 0, 0, 2, 2, 0, 0, 0, 16, 2048, 4, 0, 2, 512, 8, 0
304,47.3,115,7,2048,2048,2048,0.52, 0.08, 0.13, 0.27,right,0, 0, 0, 2, 0, 0, 2, 2, 0, 16, 2048, 4, 0, 2, 512, 8
308,45.45,130,6,2048,2048,2048,0.16, 0.08, 0.42, 0.34,up,0, 2, 0, 2, 0, 0, 0, 4, 0, 16, 2048, 4, 0, 2, 512, 8
313,46.21,132,6,2048,2048,2048,0.12, 0.09, 0.31, 0.48,down,0, 2, 2048, 2, 2, 16, 512, 8, 0, 2, 0, 8, 0, 0, 0, 0
311,44.04,102,7,2048,2048,2048,0.59, 0.21, 0.04, 0.16,right,2, 0, 0, 0, 0, 2, 0, 0, 0, 16, 2048, 2, 2, 2, 512, 16
317,44.84,111,6,2048,2048,2048,0.14, 0.33, 0.1, 0.43,down,0, 0, 0, 2, 0, 2, 0, 2, 0, 16, 2048, 2, 0, 4, 512, 16
315,41.91,121,6,2048,2048,2048,0.18, 0.2, 0.37, 0.25,up,0, 0, 0, 2, 0, 2, 0, 2, 0, 16, 2048, 4, 0, 4, 512, 16
324,41.02,106,6,2048,2048,2048,0.31, 0.24, 0.23, 0.22,right,0, 2, 2048, 4, 0, 16, 512, 4, 0, 4, 0, 16, 0, 2, 0, 0
326,42.24,128,7,2048,2048,2048,0.29, 0.57, 0.09, 0.05,left,0, 2, 2048, 4, 0, 16, 512, 4, 0, 0, 4, 16, 0, 2, 0, 2
323,37.15,103,7,2048,2048,2048,0.11, 0, 0.41, 0.49,down,2, 2048, 4, 0, 16, 512, 4, 0, 4, 16, 2, 0, 4, 0, 0, 0
338,39.76,107,9,2048,2048,2048,0.11, 0, 0.89, 0,up,0, 0, 0, 0, 2, 2048, 2, 0, 16, 512, 8, 0, 8, 16, 2, 0
330,37.84,92,8,2048,2048,2048,0.06, 0.11, 0.51, 0.32,up,2, 2048, 2, 0, 16, 512, 8, 0, 8, 16, 2, 0, 0, 0, 2, 0
336,37.72,109,9,2048,2048,2048,0.95, 0, 0, 0.05,right,2, 2048, 2, 0, 16, 512, 8, 0, 8, 16, 4, 0, 2, 0, 0, 0
336,39.24,106,11,2048,2048,2048,0.89, 0.03, 0.05, 0.03,right,0, 2, 2048, 2, 0, 16, 512, 8, 0, 8, 16, 4, 2, 0, 0, 2
332,42.2,99,10,2048,2048,2048,0.03, 0.02, 0.04, 0.91,down,0, 2, 2048, 2, 0, 16, 512, 8, 0, 8, 16, 4, 2, 0, 0, 4
323,41.1,99,10,2048,2048,2048,0.05, 0.03, 0.03, 0.89,down,0, 0, 2, 0, 0, 2, 2048, 2, 0, 16, 512, 8, 2, 8, 16, 8
326,35.12,93,7,2048,2048,2048,0.49, 0.12, 0.05, 0.33,right,2, 0, 2, 0, 0, 2, 2048, 0, 0, 16, 512, 2, 2, 8, 16, 16
344,34.86,109,7,2048,2048,2048,0.51, 0.27, 0.05, 0.17,right,0, 0, 0, 4, 2, 0, 2, 2048, 0, 16, 512, 2, 0, 2, 8, 32
345,35.84,90,10,2048,2048,2048,0.11, 0.13, 0.76, 0,up,0, 0, 0, 4, 0, 0, 4, 2048, 0, 16, 512, 2, 2, 2, 8, 32
342,34.65,84,10,2048,2048,2048,0.11, 0.47, 0.34, 0.08,left,2, 16, 4, 4, 0, 2, 512, 2048, 0, 0, 8, 2, 2, 0, 0, 32
346,35.69,81,11,2048,2048,2048,0.1, 0.03, 0.81, 0.06,up,2, 16, 8, 0, 2, 512, 2048, 0, 8, 2, 0, 0, 2, 32, 0, 2
342,34.87,98,10,2048,2048,2048,0.16, 0.06, 0.7, 0.08,up,4, 16, 8, 2, 8, 512, 2048, 0, 2, 2, 0, 0, 2, 32, 0, 0
345,32.64,92,9,2048,2048,2048,0.26, 0.6, 0.1, 0.04,left,4, 16, 8, 2, 8, 512, 2048, 0, 4, 2, 0, 2, 0, 32, 0, 0
352,33.29,89,10,2048,2048,2048,0.05, 0.84, 0.07, 0.03,left,4, 16, 8, 2, 8, 512, 2048, 0, 4, 4, 0, 2, 32, 0, 0, 0
350,33.53,76,9,2048,2048,2048,0.58, 0.11, 0.17, 0.14,right,4, 16, 8, 2, 8, 512, 2048, 0, 8, 2, 2, 0, 32, 0, 0, 0
349,34.32,97,11,2048,2048,2048,0.02, 0.02, 0.08, 0.88,down,4, 16, 8, 2, 0, 8, 512, 2048, 2, 0, 8, 4, 0, 0, 0, 32
347,35.74,88,8,2048,2048,2048,0.01, 0.98, 0.01, 0,left,0, 0, 0, 2, 2, 0, 8, 2048, 4, 16, 512, 4, 2, 8, 8, 32
342,37.42,107,8,2048,2048,2048,0.02, 0.04, 0.14, 0.8,down,2, 2, 0, 0, 2, 8, 2048, 0, 4, 16, 512, 4, 2, 16, 32, 0
337,38.11,102,7,2048,2048,2048,0.2, 0.2, 0.09, 0.51,down,0, 2, 0, 0, 4, 2, 2048, 0, 4, 8, 512, 0, 2, 32, 32, 4
335,35.7,100,6,2048,2048,2048,0.33, 0.42, 0.06, 0.19,left,0, 0, 0, 0, 0, 4, 2048, 2, 8, 8, 512, 0, 2, 32, 32, 4
342,33.97,99,7,2048,2048,2048,0.11, 0, 0.59, 0.3,up,0, 0, 0, 0, 4, 2048, 2, 0, 16, 512, 0, 0, 2, 64, 4, 2
348,33.25,88,6,2048,2048,2048,0.43, 0.3, 0.05, 0.21,right,4, 2048, 2, 2, 16, 512, 4, 0, 2, 64, 0, 2, 0, 0, 0, 0
350,31.46,108,6,2048,2048,2048,0.36, 0.26, 0.22, 0.17,right,0, 4, 2048, 4, 0, 16, 512, 4, 0, 2, 64, 2, 0, 2, 0, 0
355,31.63,134,7,2048,2048,2048,0.28, 0.39, 0.24, 0.1,left,0, 4, 2048, 4, 0, 16, 512, 4, 0, 2, 64, 2, 2, 0, 0, 2
355,29.7,98,7,2048,2048,2048,0.84, 0.05, 0.05, 0.06,right,4, 2048, 4, 0, 16, 512, 4, 0, 2, 64, 2, 2, 4, 0, 0, 0
360,31,107,7,2048,2048,2048,0, 0.16, 0.2, 0.65,down,0, 4, 2048, 4, 2, 16, 512, 4, 0, 2, 64, 4, 0, 0, 0, 4
357,30.83,76,8,2048,2048,2048,0.22, 0.09, 0.59, 0.1,up,0, 0, 0, 0, 2, 4, 2048, 0, 0, 16, 512, 8, 2, 2, 64, 8
357,29.63,92,8,2048,2048,2048,0.2, 0.61, 0.15, 0.03,left,4, 4, 2048, 16, 0, 16, 512, 0, 0, 2, 64, 0, 0, 0, 0, 2
361,28.59,73,6,2048,2048,2048,0.32, 0.2, 0.4, 0.09,up,8, 2048, 16, 0, 16, 512, 0, 0, 2, 64, 0, 0, 2, 2, 0, 0
364,29.53,83,7,2048,2048,2048,0.07, 0.24, 0.22, 0.47,down,8, 2048, 16, 0, 16, 512, 0, 2, 4, 64, 0, 0, 0, 2, 0, 0
361,29.54,81,8,2048,2048,2048,0.3, 0.59, 0.07, 0.04,left,0, 2048, 0, 2, 8, 512, 0, 0, 16, 64, 0, 0, 4, 2, 16, 2
361,25.04,83,11,2048,2048,2048,0.23, 0, 0.77, 0,up,2048, 2, 0, 0, 8, 512, 0, 0, 16, 64, 2, 0, 4, 2, 16, 2
374,26.08,98,9,2048,2048,2048,0.05, 0.07, 0.82, 0.06,up,2048, 2, 2, 2, 8, 512, 16, 2, 16, 64, 0, 0, 4, 2, 0, 0
371,23.96,81,11,2048,2048,2048,0.1, 0.73, 0.11, 0.05,left,2048, 2, 2, 4, 8, 512, 16, 0, 16, 64, 0, 2, 4, 2, 0, 0
378,24.8,77,9,2048,2048,2048,0.12, 0.75, 0.1, 0.03,left,2048, 4, 4, 0, 8, 512, 16, 0, 16, 64, 2, 0, 4, 2, 2, 0
375,25.29,95,8,2048,2048,2048,0.06, 0.06, 0.71, 0.17,up,2048, 8, 0, 0, 8, 512, 16, 0, 16, 64, 2, 0, 4, 4, 2, 0
374,29.22,97,10,2048,2048,2048,0.13, 0.05, 0, 0.82,down,2048, 8, 16, 2, 8, 512, 4, 0, 16, 64, 0, 0, 4, 4, 0, 0
362,26.37,83,8,2048,2048,2048,0.02, 0.03, 0.05, 0.9,down,2048, 8, 0, 0, 8, 512, 0, 0, 16, 64, 16, 2, 4, 4, 4, 2
370,36.08,88,11,2048,2048,2048,0.07, 0.93, 0.01, 0,left,2048, 8, 0, 0, 8, 512, 2, 0, 16, 64, 16, 0, 4, 4, 4, 4
341,26.7,71,9,2048,2048,2048,0.12, 0.13, 0.69, 0.05,up,2048, 8, 0, 0, 8, 512, 2, 2, 16, 64, 16, 0, 8, 8, 0, 0
369,22.62,83,6,2048,2048,2048,0.13, 0.32, 0.09, 0.46,down,2048, 8, 2, 2, 8, 512, 16, 0, 16, 64, 0, 0, 8, 8, 0, 2
382,25.51,82,9,2048,2048,2048,0.07, 0.05, 0.79, 0.1,up,2048, 8, 2, 0, 8, 512, 0, 0, 16, 64, 2, 0, 8, 8, 16, 4
373,27.05,71,9,2048,2048,2048,0.63, 0.35, 0.01, 0.01,right,2048, 8, 4, 4, 8, 512, 16, 0, 16, 64, 0, 0, 8, 8, 2, 0
368,25.93,70,7,2048,2048,2048,0.47, 0.07, 0.39, 0.06,right,0, 2048, 8, 8, 0, 8, 512, 16, 0, 2, 16, 64, 0, 0, 16, 2
372,23.94,70,7,2048,2048,2048,0, 0.05, 0.46, 0.49,down,0, 2, 2048, 16, 0, 8, 512, 16, 0, 2, 16, 64, 0, 0, 16, 2
378,24.99,66,7,2048,2048,2048,0, 0.1, 0.62, 0.28,up,0, 0, 0, 0, 0, 2, 2048, 32, 2, 8, 512, 64, 0, 2, 32, 2
375,23.78,80,7,2048,2048,2048,0.33, 0.35, 0.24, 0.08,left,2, 2, 2048, 32, 0, 8, 512, 64, 0, 2, 32, 2, 2, 0, 0, 0
378,22.3,70,7,2048,2048,2048,0.33, 0.13, 0.31, 0.22,right,4, 2048, 32, 0, 8, 512, 64, 0, 2, 32, 2, 2, 2, 0, 0, 0
383,22.95,70,8,2048,2048,2048,0.6, 0.08, 0, 0.32,right,0, 4, 2048, 32, 0, 8, 512, 64, 0, 2, 32, 4, 0, 0, 2, 2
381,34.31,100,9,2048,2048,2048,0, 0.01, 0.02, 0.97,down,0, 4, 2048, 32, 0, 8, 512, 64, 0, 2, 32, 4, 0, 0, 2, 4
347,33.85,86,10,2048,2048,2048,0.98, 0.01, 0.01, 0,right,0, 0, 2048, 0, 0, 4, 512, 32, 0, 8, 32, 64, 2, 2, 2, 8
348,33.32,86,10,2048,2048,2048,0, 0.01, 0.02, 0.97,down,0, 0, 0, 2048, 2, 4, 512, 32, 0, 8, 32, 64, 0, 2, 4, 8
350,34.05,81,9,2048,2048,2048,0.05, 0.02, 0.92, 0.01,up,2, 0, 0, 2048, 0, 4, 512, 32, 0, 8, 32, 64, 2, 2, 4, 8
347,34.24,73,9,2048,2048,2048,0.05, 0.93, 0.01, 0.01,left,4, 4, 512, 2048, 0, 8, 32, 32, 0, 2, 4, 64, 0, 2, 0, 8
347,33.8,73,9,2048,2048,2048,0.02, 0, 0.94, 0.03,up,8, 512, 2048, 0, 8, 64, 0, 0, 2, 4, 64, 0, 2, 8, 2, 0
348,34.42,87,8,2048,2048,2048,0.73, 0.14, 0, 0.13,right,16, 512, 2048, 0, 4, 64, 64, 0, 2, 4, 2, 0, 0, 8, 0, 0
346,31,73,8,2048,2048,2048,0, 0.67, 0.12, 0.21,left,0, 16, 512, 2048, 0, 0, 4, 128, 0, 2, 4, 2, 0, 0, 2, 8
357,32.22,100,8,2048,2048,2048,0.17, 0, 0.22, 0.61,down,16, 512, 2048, 0, 4, 128, 0, 0, 2, 4, 2, 0, 2, 8, 2, 0
353,32.4,69,7,2048,2048,2048,0.04, 0.29, 0.03, 0.63,down,0, 512, 0, 0, 16, 128, 0, 0, 4, 4, 2048, 0, 4, 8, 4, 2
352,30.88,68,7,2048,2048,2048,0.49, 0.41, 0.03, 0.08,right,2, 512, 0, 0, 0, 128, 0, 0, 16, 4, 2048, 0, 8, 8, 4, 2
357,31.95,102,7,2048,2048,2048,0.3, 0.19, 0.29, 0.22,right,0, 0, 2, 512, 0, 2, 0, 128, 0, 16, 4, 2048, 0, 16, 4, 2
354,30.82,68,7,2048,2048,2048,0.13, 0.05, 0.13, 0.69,down,0, 2, 2, 512, 0, 0, 2, 128, 0, 16, 4, 2048, 0, 16, 4, 2
357,31.68,113,7,2048,2048,2048,0.35, 0.23, 0.27, 0.14,right,0, 0, 0, 512, 2, 0, 0, 128, 0, 2, 4, 2048, 0, 32, 8, 2
354,29.3,69,8,2048,2048,2048,0, 0.05, 0.95, 0,up,0, 0, 0, 512, 0, 0, 2, 128, 0, 2, 4, 2048, 2, 32, 8, 2
362,28.9,68,8,2048,2048,2048,0.87, 0.07, 0, 0.06,right,2, 2, 2, 512, 0, 32, 4, 128, 0, 2, 8, 2048, 0, 0, 0, 2
363,29.03,62,6,2048,2048,2048,0.34, 0.17, 0.29, 0.19,right,2, 2, 4, 512, 0, 32, 4, 128, 0, 2, 8, 2048, 0, 0, 0, 2
362,26.31,70,6,2048,2048,2048,0.28, 0.1, 0.36, 0.27,up,0, 4, 4, 512, 0, 32, 4, 128, 2, 2, 8, 2048, 0, 0, 0, 2
371,27.87,69,8,2048,2048,2048,0.18, 0.04, 0.58, 0.2,up,2, 4, 8, 512, 0, 32, 8, 128, 0, 2, 0, 2048, 0, 2, 0, 2
366,26.37,85,10,2048,2048,2048,0.08, 0.82, 0, 0.11,left,2, 4, 16, 512, 0, 32, 0, 128, 0, 4, 0, 2048, 0, 2, 0, 2
370,26.01,89,9,2048,2048,2048,0.48, 0, 0.24, 0.28,right,2, 4, 16, 512, 32, 128, 2, 0, 4, 2048, 0, 0, 4, 0, 0, 0
371,24.17,56,13,2048,2048,2048,0, 0.08, 0, 0.92,down,2, 4, 16, 512, 0, 32, 128, 2, 0, 0, 4, 2048, 0, 0, 2, 4
377,22.09,54,8,2048,2048,2048,0.51, 0.16, 0.25, 0.09,right,0, 0, 16, 512, 2, 0, 128, 2, 0, 4, 4, 2048, 2, 32, 2, 4
383,25.23,95,10,2048,2048,2048,0, 0.58, 0.11, 0.31,left,0, 2, 16, 512, 0, 2, 128, 2, 0, 0, 8, 2048, 2, 32, 2, 4
374,28.11,91,9,2048,2048,2048,0.95, 0, 0.03, 0.02,right,2, 16, 512, 0, 2, 128, 2, 0, 8, 2048, 2, 0, 2, 32, 2, 4
365,27.31,80,9,2048,2048,2048,0, 0.01, 0.97, 0.01,up,2, 2, 16, 512, 0, 2, 128, 2, 0, 8, 2048, 2, 2, 32, 2, 4
368,25.68,84,8,2048,2048,2048,0.43, 0.41, 0.13, 0.02,right,4, 4, 16, 512, 0, 8, 128, 4, 2, 32, 2048, 4, 0, 0, 2, 0
372,24.69,69,7,2048,2048,2048,0.25, 0.06, 0.67, 0.03,up,0, 8, 16, 512, 0, 8, 128, 4, 2, 32, 2048, 4, 0, 0, 2, 2
375,27,75,8,2048,2048,2048,0.08, 0.77, 0.1, 0.05,left,2, 16, 16, 512, 0, 32, 128, 8, 0, 0, 2048, 2, 0, 2, 2, 0
369,25.64,82,8,2048,2048,2048,0.07, 0.18, 0.67, 0.09,up,2, 32, 512, 0, 32, 128, 8, 0, 2048, 2, 0, 0, 4, 0, 0, 2
373,26.25,78,8,2048,2048,2048,0.09, 0, 0.84, 0.06,up,2, 32, 512, 2, 32, 128, 8, 2, 2048, 2, 0, 0, 4, 0, 0, 0
371,26.46,71,7,2048,2048,2048,0.17, 0, 0.1, 0.73,down,2, 32, 512, 4, 32, 128, 8, 0, 2048, 2, 0, 0, 4, 2, 0, 0
370,26.02,88,7,2048,2048,2048,0.23, 0.76, 0.02, 0,left,2, 0, 0, 0, 32, 32, 0, 0, 2048, 128, 512, 2, 4, 4, 8, 4
371,24.2,60,6,2048,2048,2048,0.5, 0.15, 0.08, 0.26,right,2, 0, 0, 0, 64, 0, 0, 0, 2048, 128, 512, 2, 8, 8, 4, 2
377,24.78,70,7,2048,2048,2048,0.16, 0.17, 0.19, 0.49,down,0, 0, 0, 2, 0, 2, 0, 64, 2048, 128, 512, 2, 0, 16, 4, 2
375,23.12,72,6,2048,2048,2048,0.37, 0.45, 0.06, 0.12,left,2, 0, 0, 0, 0, 2, 0, 2, 0, 128, 512, 64, 2048, 16, 4, 4
380,24.09,74,6,2048,2048,2048,0.29, 0.28, 0.19, 0.25,right,2, 2, 0, 0, 4, 0, 0, 0, 128, 512, 64, 0, 2048, 16, 8, 0
377,21.6,76,6,2048,2048,2048,0, 0.3, 0.44, 0.26,up,0, 0, 0, 4, 0, 0, 0, 4, 2, 128, 512, 64, 0, 2048, 16, 8
385,21.83,77,9,2048,2048,2048,0, 0.2, 0.63, 0.17,up,2, 128, 512, 8, 2, 2048, 16, 64, 0, 0, 0, 8, 0, 0, 0, 0
384,21.03,67,8,2048,2048,2048,0.17, 0.05, 0.67, 0.11,up,4, 128, 512, 8, 0, 2048, 16, 64, 0, 0, 0, 8, 0, 2, 0, 0
386,22.43,81,8,2048,2048,2048,0.11, 0.09, 0, 0.8,down,4, 128, 512, 8, 0, 2048, 16, 64, 0, 2, 2, 8, 0, 0, 0, 0
382,22.75,60,8,2048,2048,2048,0.84, 0.14, 0.02, 0,right,0, 2, 0, 0, 0, 128, 512, 8, 0, 2048, 16, 64, 4, 2, 2, 8
381,23.02,77,9,2048,2048,2048,0.13, 0.86, 0.01, 0,left,0, 2, 0, 2, 0, 128, 512, 8, 0, 2048, 16, 64, 0, 4, 4, 8
380,21.03,80,10,2048,2048,2048,0.67, 0.21, 0.05, 0.06,right,4, 0, 0, 0, 128, 512, 8, 2, 2048, 16, 64, 0, 8, 8, 0, 0
386,20.1,97,7,2048,2048,2048,0.17, 0.5, 0.21, 0.13,left,0, 0, 0, 4, 128, 512, 8, 2, 0, 2048, 16, 64, 0, 2, 0, 16
389,20.06,61,7,2048,2048,2048,0.08, 0.17, 0.21, 0.53,down,4, 0, 0, 0, 128, 512, 8, 2, 2048, 16, 64, 0, 2, 16, 0, 2
389,19.96,62,8,2048,2048,2048,0.2, 0.41, 0.16, 0.23,left,4, 0, 0, 0, 128, 0, 0, 2, 2048, 512, 8, 0, 2, 32, 64, 4
390,18.89,69,8,2048,2048,2048,0.64, 0.2, 0.05, 0.1,right,4, 0, 0, 0, 128, 2, 0, 2, 2048, 512, 8, 0, 2, 32, 64, 4
393,18.13,74,7,2048,2048,2048,0, 0.03, 0.35, 0.62,down,0, 0, 0, 4, 0, 2, 128, 4, 0, 2048, 512, 8, 2, 32, 64, 4
395,18.14,74,6,2048,2048,2048,0, 0.27, 0.37, 0.36,up,0, 0, 0, 2, 0, 2, 128, 8, 0, 2048, 512, 8, 2, 32, 64, 4
395,16.43,79,8,2048,2048,2048,0.4, 0.44, 0, 0.16,left,2, 2, 128, 2, 0, 2048, 512, 16, 0, 32, 64, 4, 0, 0, 0, 2
400,15.97,89,7,2048,2048,2048,0.55, 0.15, 0, 0.31,right,4, 128, 2, 0, 2048, 512, 16, 0, 32, 64, 4, 0, 2, 0, 2, 0
402,15.43,62,8,2048,2048,2048,0, 0.21, 0.31, 0.48,down,0, 4, 128, 2, 0, 2048, 512, 16, 0, 32, 64, 4, 0, 0, 2, 4
403,16.96,85,12,2048,2048,2048,0.05, 0.49, 0.3, 0.15,left,0, 0, 128, 0, 0, 4, 512, 2, 2, 2048, 64, 16, 0, 32, 2, 8
399,13.98,63,8,2048,2048,2048,0.24, 0.27, 0.37, 0.11,up,128, 0, 0, 0, 4, 512, 2, 2, 2, 2048, 64, 16, 32, 2, 8, 0
408,15.58,79,8,2048,2048,2048,0.11, 0.67, 0.19, 0.03,left,128, 512, 2, 2, 4, 2048, 64, 16, 2, 2, 8, 0, 32, 0, 0, 2
403,29.01,73,15,2048,2048,2048,0.01, 0.04, 0.04, 0.91,down,128, 512, 4, 0, 4, 2048, 64, 16, 4, 8, 0, 0, 32, 2, 2, 0
362,24.74,77,13,2048,2048,2048,0.14, 0.84, 0.02, 0,left,0, 512, 2, 0, 128, 2048, 4, 0, 8, 8, 64, 0, 32, 2, 2, 16
375,33.01,76,12,2048,2048,2048,0.96, 0.02, 0.01, 0.01,right,512, 2, 2, 0, 128, 2048, 4, 0, 16, 64, 0, 0, 32, 4, 16, 0
350,28.22,83,10,2048,2048,2048,0, 0.01, 0.97, 0.02,up,0, 2, 512, 4, 0, 128, 2048, 4, 0, 0, 16, 64, 0, 32, 4, 16
365,28.47,73,8,2048,2048,2048,0.8, 0.2, 0, 0.01,right,2, 2, 512, 8, 0, 128, 2048, 64, 0, 32, 16, 16, 0, 0, 4, 0
364,28.84,74,7,2048,2048,2048,0.77, 0.12, 0.09, 0.02,right,0, 4, 512, 8, 0, 128, 2048, 64, 0, 0, 32, 32, 0, 2, 0, 4
363,28.18,77,8,2048,2048,2048,0, 0.03, 0.83, 0.14,up,2, 4, 512, 8, 0, 128, 2048, 64, 0, 0, 0, 64, 0, 0, 2, 4
365,26.51,65,6,2048,2048,2048,0.29, 0.11, 0.28, 0.32,down,2, 4, 512, 8, 0, 128, 2048, 128, 0, 0, 2, 4, 0, 2, 0, 0
370,26.47,75,7,2048,2048,2048,0.26, 0.04, 0.52, 0.18,up,2, 0, 0, 0, 0, 4, 512, 8, 0, 128, 2048, 128, 2, 2, 2, 4
370,26.28,68,6,2048,2048,2048,0.65, 0.31, 0, 0.04,right,4, 4, 512, 8, 2, 128, 2048, 128, 0, 2, 2, 4, 0, 0, 0, 0
371,26.22,81,6,2048,2048,2048,0.24, 0.42, 0.14, 0.2,left,0, 8, 512, 8, 2, 128, 2048, 128, 0, 0, 4, 4, 0, 2, 0, 0
371,24.68,63,9,2048,2048,2048,0.2, 0.5, 0.13, 0.17,left,8, 512, 8, 0, 2, 128, 2048, 128, 8, 0, 0, 0, 2, 0, 0, 2
375,25.48,68,10,2048,2048,2048,0.12, 0.04, 0.06, 0.77,down,8, 512, 8, 0, 2, 128, 2048, 128, 8, 0, 0, 2, 4, 0, 0, 0
373,22.29,69,7,2048,2048,2048,0.54, 0.14, 0.14, 0.19,right,8, 0, 2, 0, 2, 0, 0, 0, 8, 512, 8, 128, 4, 128, 2048, 2
383,22.76,69,9,2048,2048,2048,0.04, 0.09, 0.04, 0.82,down,0, 0, 8, 2, 0, 0, 2, 2, 8, 512, 8, 128, 4, 128, 2048, 2
381,19.9,58,10,2048,2048,2048,0.37, 0.07, 0.02, 0.54,down,2, 0, 8, 0, 0, 0, 2, 4, 8, 512, 8, 128, 4, 128, 2048, 2
390,26.22,81,12,2048,2048,2048,0.95, 0.04, 0, 0,right,0, 2, 8, 0, 2, 0, 2, 4, 8, 512, 8, 128, 4, 128, 2048, 2
371,21.09,69,9,2048,2048,2048,0.8, 0.15, 0.05, 0,right,0, 0, 2, 8, 2, 0, 4, 4, 8, 512, 8, 128, 4, 128, 2048, 2
386,20.18,66,10,2048,2048,2048,0.63, 0.03, 0.09, 0.24,right,0, 0, 2, 8, 2, 0, 2, 8, 8, 512, 8, 128, 4, 128, 2048, 2
389,20.73,59,12,2048,2048,2048,0.6, 0.27, 0.02, 0.11,right,0, 0, 2, 8, 2, 0, 4, 8, 8, 512, 8, 128, 4, 128, 2048, 2
387,23.54,79,11,2048,2048,2048,0.06, 0.01, 0.01, 0.92,down,0, 2, 2, 8, 0, 2, 4, 8, 8, 512, 8, 128, 4, 128, 2048, 2
379,22.79,72,11,2048,2048,2048,0.95, 0.03, 0.01, 0,right,0, 0, 2, 0, 2, 4, 4, 16, 8, 512, 8, 128, 4, 128, 2048, 2
381,25.19,74,9,2048,2048,2048,0.04, 0.01, 0.77, 0.18,up,0, 2, 0, 2, 0, 2, 8, 16, 8, 512, 8, 128, 4, 128, 2048, 2
374,25.68,65,9,2048,2048,2048,0.11, 0.82, 0.05, 0.02,left,8, 4, 16, 2, 4, 512, 2048, 16, 0, 128, 0, 128, 2, 0, 0, 2
372,25.39,69,8,2048,2048,2048,0.2, 0, 0.17, 0.63,down,8, 4, 16, 2, 4, 512, 2048, 16, 256, 0, 0, 0, 4, 2, 0, 0
373,24.5,63,9,2048,2048,2048,0.05, 0.88, 0.03, 0.04,left,8, 0, 0, 0, 4, 4, 0, 2, 256, 512, 16, 2, 4, 2, 2048, 16
376,25.36,81,9,2048,2048,2048,0.71, 0, 0.21, 0.08,right,8, 2, 0, 0, 8, 2, 0, 0, 256, 512, 16, 2, 4, 2, 2048, 16
373,23.97,68,9,2048,2048,2048,0, 0.01, 0.91, 0.07,up,0, 2, 8, 2, 0, 0, 8, 2, 256, 512, 16, 2, 4, 2, 2048, 16
378,25.07,76,10,2048,2048,2048,0.06, 0.78, 0.1, 0.05,left,256, 2, 16, 4, 4, 512, 16, 2, 0, 2, 2048, 16, 0, 0, 2, 0
374,23.75,65,7,2048,2048,2048,0.03, 0.04, 0.27, 0.66,down,256, 2, 16, 4, 4, 512, 16, 2, 2, 2048, 16, 0, 2, 0, 0, 2
378,22.28,59,7,2048,2048,2048,0.13, 0.21, 0.26, 0.4,down,0, 0, 2, 0, 256, 2, 0, 0, 4, 512, 16, 4, 4, 2048, 32, 4
383,22,76,7,2048,2048,2048,0.42, 0.19, 0.05, 0.34,right,0, 0, 0, 0, 0, 2, 2, 2, 256, 512, 16, 0, 8, 2048, 32, 8
384,20.91,67,7,2048,2048,2048,0.41, 0.3, 0.05, 0.24,right,0, 0, 0, 0, 2, 0, 2, 4, 0, 256, 512, 16, 8, 2048, 32, 8
387,19.35,54,6,2048,2048,2048,0.34, 0.22, 0.14, 0.3,right,0, 0, 0, 0, 2, 0, 4, 4, 0, 256, 512, 16, 8, 2048, 32, 8
391,21.25,54,11,2048,2048,2048,0.06, 0.12, 0.13, 0.69,down,0, 0, 2, 0, 0, 0, 2, 8, 0, 256, 512, 16, 8, 2048, 32, 8
386,24.57,82,11,2048,2048,2048,0, 0.97, 0.03, 0,left,0, 0, 0, 0, 0, 2, 4, 8, 0, 256, 512, 16, 8, 2048, 32, 8
376,23.61,55,9,2048,2048,2048,0.02, 0.93, 0.05, 0,left,0, 0, 2, 0, 2, 4, 8, 0, 256, 512, 16, 0, 8, 2048, 32, 8
379,23.66,66,9,2048,2048,2048,0.01, 0, 0.14, 0.84,down,2, 0, 0, 0, 2, 4, 8, 0, 256, 512, 16, 2, 8, 2048, 32, 8
379,23.57,72,8,2048,2048,2048,0.06, 0.45, 0.5, 0,up,0, 0, 2, 0, 4, 4, 8, 0, 256, 512, 16, 2, 8, 2048, 32, 8
379,18.69,52,9,2048,2048,2048,0.18, 0.79, 0, 0.03,left,4, 4, 2, 2, 256, 512, 8, 8, 8, 2048, 16, 2, 0, 0, 32, 0
393,17.44,61,7,2048,2048,2048,0.04, 0.61, 0.12, 0.24,left,8, 4, 0, 2, 256, 512, 16, 0, 8, 2048, 16, 2, 32, 0, 0, 0
397,20.23,77,7,2048,2048,2048,0.25, 0.08, 0.54, 0.13,up,8, 4, 2, 0, 256, 512, 16, 0, 8, 2048, 16, 2, 32, 0, 2, 0
389,17.72,72,8,2048,2048,2048,0.19, 0.71, 0, 0.11,left,8, 4, 2, 2, 256, 512, 32, 0, 8, 2048, 2, 0, 32, 2, 0, 0
396,16.78,47,7,2048,2048,2048,0.09, 0.55, 0.34, 0.02,left,8, 4, 4, 0, 256, 512, 32, 2, 8, 2048, 2, 0, 32, 2, 0, 0
399,16.77,52,6,2048,2048,2048,0.29, 0.28, 0.26, 0.17,right,8, 8, 0, 0, 256, 512, 32, 2, 8, 2048, 2, 0, 32, 2, 2, 0
399,15.56,51,7,2048,2048,2048,0, 0.13, 0.63, 0.24,up,0, 0, 0, 16, 256, 512, 32, 2, 2, 8, 2048, 2, 0, 0, 32, 4
403,19.02,64,10,2048,2048,2048,0.07, 0.04, 0.12, 0.77,down,256, 512, 32, 16, 2, 8, 2048, 4, 0, 0, 32, 4, 0, 2, 0, 0
392,19.54,50,10,2048,2048,2048,0.05, 0.91, 0.03, 0,left,0, 2, 0, 0, 0, 512, 32, 0, 256, 8, 2048, 16, 2, 2, 32, 8
391,16.41,56,11,2048,2048,2048,0.13, 0, 0.67, 0.2,up,2, 0, 0, 0, 512, 32, 2, 0, 256, 8, 2048, 16, 4, 32, 8, 0
400,16.34,67,12,2048,2048,2048,0.05, 0, 0, 0.95,down,2, 32, 2, 16, 512, 8, 2048, 0, 256, 32, 8, 0, 4, 2, 0, 0
400,17.08,58,13,2048,2048,2048,0.02, 0, 0.96, 0.02,up,2, 32, 2, 0, 512, 8, 2, 0, 256, 32, 2048, 0, 4, 2, 8, 16
398,16.42,50,12,2048,2048,2048,0.98, 0, 0.01, 0,right,2, 32, 4, 16, 512, 8, 2048, 0, 256, 32, 8, 2, 4, 2, 0, 0
400,18.63,57,11,2048,2048,2048,0, 0.03, 0.07, 0.9,down,2, 32, 4, 16, 2, 512, 8, 2048, 256, 32, 8, 2, 0, 0, 4, 2
394,17.79,53,9,2048,2048,2048,0.07, 0.89, 0.04, 0,left,0, 2, 0, 0, 0, 32, 4, 16, 4, 512, 16, 2048, 256, 32, 4, 4
396,18.46,63,9,2048,2048,2048,0.06, 0.04, 0.86, 0.04,up,2, 2, 0, 0, 32, 4, 16, 0, 4, 512, 16, 2048, 256, 32, 8, 0
394,17.58,65,9,2048,2048,2048,0.86, 0.07, 0, 0.07,right,2, 2, 32, 2048, 32, 4, 8, 0, 4, 512, 2, 0, 256, 32, 0, 0
397,16.7,48,8,2048,2048,2048,0, 0.58, 0.02, 0.4,left,0, 4, 32, 2048, 0, 32, 4, 8, 2, 4, 512, 2, 0, 0, 256, 32
399,15.84,52,8,2048,2048,2048,0.05, 0, 0.49, 0.46,up,4, 32, 2048, 0, 32, 4, 8, 0, 2, 4, 512, 2, 256, 32, 2, 0
402,16.44,61,7,2048,2048,2048,0.63, 0.22, 0, 0.14,right,4, 32, 2048, 2, 32, 8, 8, 0, 2, 32, 512, 0, 256, 2, 2, 0
400,16.32,62,8,2048,2048,2048,0.09, 0.15, 0.54, 0.22,up,4, 32, 2048, 2, 0, 0, 32, 16, 0, 2, 32, 512, 2, 0, 256, 4
401,15.34,57,9,2048,2048,2048,0.51, 0.16, 0.15, 0.18,right,4, 32, 2048, 2, 2, 2, 64, 16, 2, 0, 256, 512, 0, 0, 0, 4
403,15.16,48,9,2048,2048,2048,0, 0.9, 0, 0.1,left,4, 32, 2048, 2, 2, 4, 64, 16, 0, 2, 256, 512, 0, 0, 0, 4
404,14.37,57,9,2048,2048,2048,0.05, 0.06, 0.27, 0.62,down,4, 32, 2048, 2, 2, 4, 64, 16, 2, 256, 512, 0, 4, 0, 0, 2
406,19.43,65,12,2048,2048,2048,0.16, 0.01, 0.64, 0.18,up,0, 0, 2, 0, 4, 32, 2048, 2, 4, 4, 64, 16, 4, 256, 512, 2
391,13.61,61,7,2048,2048,2048,0.23, 0.51, 0.22, 0.03,left,8, 32, 2, 2, 4, 4, 2048, 16, 0, 256, 64, 2, 0, 0, 512, 2
409,15.76,54,10,2048,2048,2048,0.06, 0.28, 0.13, 0.53,down,8, 32, 4, 0, 8, 2048, 16, 0, 256, 64, 2, 2, 512, 2, 0, 0
402,21.73,55,12,2048,2048,2048,0.02, 0.05, 0.87, 0.06,up,0, 32, 0, 0, 16, 2048, 4, 2, 256, 64, 16, 0, 512, 2, 2, 2
384,21.9,60,12,2048,2048,2048,0.03, 0.06, 0.88, 0.03,up,16, 32, 4, 4, 256, 2048, 16, 0, 512, 64, 2, 0, 0, 2, 0, 2
384,25.9,61,10,2048,2048,2048,0.98, 0.01, 0, 0.01,right,16, 32, 4, 4, 256, 2048, 16, 2, 512, 64, 2, 0, 2, 2, 0, 0
372,22.67,61,11,2048,2048,2048,0, 0.01, 0.04, 0.95,down,0, 16, 32, 8, 256, 2048, 16, 2, 2, 512, 64, 2, 0, 0, 0, 4
381,22.91,56,10,2048,2048,2048,0.03, 0.01, 0.88, 0.07,up,0, 0, 2, 0, 0, 16, 32, 8, 256, 2048, 16, 4, 2, 512, 64, 4
381,23.03,51,9,2048,2048,2048,0.01, 0.01, 0.02, 0.96,down,256, 16, 2, 8, 2, 2048, 32, 8, 0, 512, 16, 2, 0, 0, 64, 0
380,21.84,54,8,2048,2048,2048,0.81, 0.16, 0.01, 0.02,right,0, 0, 2, 2, 0, 16, 32, 0, 256, 2048, 16, 16, 2, 512, 64, 2
384,22.94,59,8,2048,2048,2048,0.13, 0.03, 0.14, 0.69,down,2, 0, 0, 4, 0, 0, 16, 32, 0, 256, 2048, 32, 2, 512, 64, 2
381,22.79,51,9,2048,2048,2048,0, 0.91, 0.09, 0,left,0, 0, 0, 0, 0, 2, 16, 4, 0, 256, 2048, 64, 4, 512, 64, 2
381,23.22,69,6,2048,2048,2048,0.05, 0.37, 0.29, 0.3,left,0, 0, 2, 0, 2, 16, 4, 0, 256, 2048, 64, 0, 4, 512, 64, 2
380,21.41,56,8,2048,2048,2048,0.06, 0, 0.49, 0.44,up,2, 0, 0, 0, 2, 16, 4, 2, 256, 2048, 64, 0, 4, 512, 64, 2
385,21.29,48,6,2048,2048,2048,0.48, 0.1, 0.29, 0.13,right,4, 16, 4, 4, 256, 2048, 128, 0, 4, 512, 0, 0, 0, 0, 0, 2
386,20.35,48,7,2048,2048,2048,0.28, 0.19, 0.27, 0.25,right,0, 4, 16, 8, 0, 256, 2048, 128, 2, 0, 4, 512, 0, 0, 0, 2
388,19.3,55,7,2048,2048,2048,0, 0.25, 0.4, 0.35,up,0, 4, 16, 8, 2, 256, 2048, 128, 0, 2, 4, 512, 0, 0, 0, 2
392,18.27,55,7,2048,2048,2048,0.61, 0.05, 0.14, 0.2,right,2, 4, 16, 8, 0, 256, 2048, 128, 0, 2, 4, 512, 0, 2, 0, 2
395,19.02,54,8,2048,2048,2048,0.05, 0.06, 0.55, 0.34,up,2, 4, 16, 8, 0, 256, 2048, 128, 0, 2, 4, 512, 0, 2, 0, 4
392,17.96,47,7,2048,2048,2048,0.35, 0.13, 0, 0.52,down,2, 4, 16, 8, 0, 256, 2048, 128, 0, 4, 4, 512, 0, 2, 0, 4
396,18.05,51,9,2048,2048,2048,0.17, 0.15, 0.67, 0.02,up,0, 4, 0, 8, 2, 256, 16, 128, 0, 4, 2048, 512, 2, 2, 4, 4
395,15.6,52,7,2048,2048,2048,0.42, 0.39, 0.09, 0.1,right,4, 4, 16, 8, 0, 256, 2048, 128, 2, 4, 4, 512, 0, 2, 0, 4
403,16.16,53,10,2048,2048,2048,0, 0.06, 0.1, 0.84,down,0, 8, 16, 8, 2, 256, 2048, 128, 0, 2, 8, 512, 0, 0, 2, 4
401,17.15,54,10,2048,2048,2048,0.06, 0.04, 0.02, 0.88,down,2, 0, 16, 8, 0, 8, 2048, 128, 0, 256, 8, 512, 2, 2, 2, 4
398,14.47,46,11,2048,2048,2048,0.78, 0.19, 0.03, 0,right,0, 2, 16, 8, 0, 8, 2048, 128, 0, 256, 8, 512, 4, 2, 2, 4
406,15.18,44,9,2048,2048,2048,0.07, 0.07, 0.86, 0,up,0, 2, 16, 8, 0, 8, 2048, 128, 0, 256, 8, 512, 2, 4, 4, 4
404,14.97,42,10,2048,2048,2048,0.05, 0.02, 0.01, 0.92,down,2, 2, 16, 8, 0, 8, 2048, 128, 2, 256, 8, 512, 0, 4, 4, 4
405,14.2,50,10,2048,2048,2048,0.15, 0.84, 0.01, 0,left,0, 2, 16, 8, 0, 8, 2048, 128, 2, 256, 8, 512, 4, 4, 4, 4
407,15.44,47,11,2048,2048,2048,0.95, 0.02, 0.02, 0.01,right,2, 16, 8, 0, 8, 2048, 128, 0, 2, 256, 8, 512, 8, 8, 0, 2
403,15.52,43,10,2048,2048,2048,0, 0.03, 0.03, 0.95,down,0, 2, 16, 8, 2, 8, 2048, 128, 2, 256, 8, 512, 0, 0, 16, 2
403,15.56,46,11,2048,2048,2048,0.93, 0.05, 0.01, 0.02,right,0, 0, 16, 8, 2, 2, 2048, 128, 0, 8, 8, 512, 4, 256, 16, 2
403,14.18,43,10,2048,2048,2048,0, 0.31, 0.41, 0.28,up,0, 0, 16, 8, 0, 4, 2048, 128, 0, 2, 16, 512, 4, 256, 16, 2
407,15.73,53,10,2048,2048,2048,0.91, 0.05, 0, 0.04,right,4, 4, 16, 8, 2, 2, 2048, 128, 0, 256, 32, 512, 0, 0, 0, 2
402,11.74,44,7,2048,2048,2048,0.53, 0.18, 0, 0.28,right,0, 8, 16, 8, 0, 4, 2048, 128, 0, 256, 32, 512, 0, 0, 2, 2
414,13.31,41,10,2048,2048,2048,0, 0.06, 0.79, 0.16,up,0, 8, 16, 8, 2, 4, 2048, 128, 0, 256, 32, 512, 0, 0, 0, 4
410,13.81,41,9,2048,2048,2048,0, 0.06, 0.08, 0.86,down,2, 8, 16, 8, 2, 4, 2048, 128, 0, 256, 32, 512, 0, 0, 0, 4
408,13.2,37,8,2048,2048,2048,0, 0.44, 0.5, 0.05,up,0, 0, 0, 8, 2, 8, 16, 128, 0, 4, 2048, 512, 4, 256, 32, 4
410,13.89,35,8,2048,2048,2048,0.66, 0.03, 0.02, 0.28,right,2, 8, 16, 8, 4, 4, 2048, 128, 0, 256, 32, 512, 2, 0, 0, 4
408,12.05,36,7,2048,2048,2048,0, 0.01, 0.53, 0.46,up,2, 8, 16, 8, 0, 8, 2048, 128, 2, 256, 32, 512, 0, 0, 2, 4
413,12.11,56,7,2048,2048,2048,0.38, 0.26, 0.35, 0.02,right,4, 16, 16, 8, 0, 256, 2048, 128, 2, 0, 32, 512, 0, 0, 2, 4
413,11.74,36,7,2048,2048,2048,0.19, 0.24, 0.28, 0.29,down,0, 4, 32, 8, 0, 256, 2048, 128, 0, 2, 32, 512, 2, 0, 2, 4
414,11.07,38,7,2048,2048,2048,0.15, 0.04, 0.71, 0.11,up,0, 0, 32, 8, 0, 4, 2048, 128, 2, 256, 32, 512, 2, 2, 2, 4
416,10.68,35,8,2048,2048,2048,0.5, 0.18, 0.28, 0.04,right,4, 4, 32, 8, 0, 256, 2048, 128, 0, 2, 32, 512, 2, 0, 2, 4
417,9.86,30,8,2048,2048,2048,0.22, 0.16, 0.44, 0.18,up,0, 8, 32, 8, 0, 256, 2048, 128, 0, 2, 32, 512, 2, 0, 4, 4
420,10.14,37,9,2048,2048,2048,0.48, 0.36, 0.08, 0.07,right,2, 8, 32, 8, 0, 256, 2048, 128, 2, 2, 32, 512, 0, 0, 4, 4
419,7.99,32,8,2048,2048,2048,0, 0.03, 0.47, 0.5,down,2, 8, 32, 8, 0, 256, 2048, 128, 2, 4, 32, 512, 0, 0, 0, 8
426,10.72,31,10,2048,2048,2048,0.64, 0.15, 0.04, 0.17,right,0, 0, 0, 8, 2, 8, 32, 128, 0, 256, 2048, 512, 4, 4, 32, 8
417,8.58,62,11,2048,2048,2048,0, 0.75, 0.07, 0.18,left,0, 0, 2, 8, 2, 8, 32, 128, 0, 256, 2048, 512, 0, 8, 32, 8
424,10.14,30,10,2048,2048,2048,0.03, 0, 0.54, 0.43,up,2, 8, 2, 0, 2, 8, 32, 128, 256, 2048, 512, 0, 8, 32, 8, 0
419,10.74,41,9,2048,2048,2048,0.13, 0.82, 0, 0.05,left,4, 16, 2, 128, 256, 2048, 32, 2, 8, 32, 512, 0, 0, 0, 8, 0
417,10.4,35,8,2048,2048,2048,0.13, 0, 0.2, 0.67,down,4, 16, 2, 128, 256, 2048, 32, 2, 8, 32, 512, 0, 8, 2, 0, 0
418,9.6,29,8,2048,2048,2048,0.43, 0.46, 0.11, 0,left,0, 16, 0, 0, 4, 2048, 2, 2, 256, 32, 32, 128, 16, 2, 512, 2
421,8.66,28,8,2043.15,2048,2048,0.45, 0, 0.55, 0,up,16, 2, 0, 0, 4, 2048, 4, 0, 256, 64, 128, 0, 16, 2, 512, 2
424,8.35,47,8,2048,2048,2048,0.27, 0.31, 0, 0.41,down,16, 2, 4, 2, 4, 2048, 128, 0, 256, 64, 512, 0, 16, 2, 2, 0
424,10.97,31,11,2048,2048,2048,0.02, 0.05, 0.87, 0.07,up,16, 2, 4, 0, 4, 2048, 128, 2, 256, 64, 512, 0, 16, 2, 2, 2
417,8.83,27,11,2038.2,2048,2048,0.07, 0.87, 0.05, 0.02,left,16, 2, 4, 4, 4, 2048, 128, 0, 256, 64, 512, 2, 16, 2, 2, 0
423,8.24,30,9,2043.17,2048,2048,0.21, 0.1, 0.16, 0.53,down,16, 2, 8, 0, 4, 2048, 128, 0, 256, 64, 512, 2, 16, 4, 0, 2
425,6.28,34,10,2023.96,2048,2048,0.03, 0, 0.11, 0.86,down,16, 2, 0, 0, 4, 2048, 8, 2, 256, 64, 128, 0, 16, 4, 512, 4
431,8.02,31,10,2038.52,2048,2048,0.01, 0.05, 0.1, 0.85,down,16, 2, 0, 2, 4, 2048, 8, 0, 256, 64, 128, 2, 16, 4, 512, 4
425,6.33,22,10,2033.58,2048,2048,0.32, 0.59, 0.03, 0.06,left,16, 2, 0, 2, 4, 2048, 8, 0, 256, 64, 128, 4, 16, 4, 512, 4
431,6.37,53,14,2014.81,2048,2048,0.02, 0, 0.04, 0.94,down,16, 4, 0, 0, 4, 2048, 8, 2, 256, 64, 128, 4, 16, 4, 512, 4
430,7.23,27,16,2033.74,2048,2048,0, 0, 1, 0,up,16, 4, 2, 0, 4, 2048, 8, 0, 256, 64, 128, 2, 16, 4, 512, 8
428,6.81,26,10,2043.23,2048,2048,0.04, 0.85, 0.09, 0.02,left,16, 4, 2, 2, 4, 2048, 8, 8, 256, 64, 128, 0, 16, 4, 512, 2
429,7.44,25,9,2038.47,2048,2048,0.03, 0.87, 0.05, 0.05,left,16, 4, 4, 0, 4, 2048, 16, 0, 256, 64, 128, 2, 16, 4, 512, 2
427,5.37,51,12,1985.79,2048,2048,0.91, 0, 0.01, 0.08,right,16, 8, 2, 0, 4, 2048, 16, 0, 256, 64, 128, 2, 16, 4, 512, 2
433,4.7,18,17,1938.71,2048,2048,0, 0.05, 0.02, 0.93,down,0, 16, 8, 2, 2, 4, 2048, 16, 256, 64, 128, 2, 16, 4, 512, 2
435,4.67,22,17,1930.3,2048,2048,0.02, 0, 0.03, 0.95,down,2, 16, 8, 0, 2, 4, 2048, 2, 256, 64, 128, 16, 16, 4, 512, 4
436,8.19,38,14,2001.03,2048,2048,0.08, 0.9, 0.01, 0.01,left,0, 16, 8, 2, 4, 4, 2048, 2, 256, 64, 128, 16, 16, 4, 512, 4
425,3.73,17,11,1902.06,2048,2048,0.05, 0.84, 0.01, 0.09,left,16, 8, 2, 2, 8, 2048, 2, 0, 256, 64, 128, 16, 16, 4, 512, 4
438,4.22,29,13,1963.64,2048,2048,0.29, 0, 0.01, 0.7,down,16, 8, 4, 2, 8, 2048, 2, 0, 256, 64, 128, 16, 16, 4, 512, 4
437,3.49,21,11,1882.84,2048,2048,0.02, 0.37, 0.6, 0.01,up,16, 8, 4, 2, 8, 2048, 2, 2, 256, 64, 128, 16, 16, 4, 512, 4
439,3.93,17,13,1935.52,2048,2048,0.06, 0.94, 0, 0,left,16, 8, 4, 4, 8, 2048, 2, 16, 256, 64, 128, 4, 16, 4, 512, 2
438,3.35,14,10,1921.46,2048,2048,0.03, 0.97, 0, 0,left,16, 8, 8, 2, 8, 2048, 2, 16, 256, 64, 128, 4, 16, 4, 512, 2
439,3.66,20,12,1930.3,2048,2048,0.01, 0.35, 0.57, 0.07,up,16, 16, 2, 2, 8, 2048, 2, 16, 256, 64, 128, 4, 16, 4, 512, 2
439,4.92,75,11,2006.11,2048,2048,0.02, 0.98, 0, 0,left,16, 16, 4, 2, 8, 2048, 128, 16, 256, 64, 512, 4, 16, 4, 2, 2
435,19.4,95,18,2001.03,2048,2048,0.04, 0.89, 0, 0.06,left,32, 4, 2, 2, 8, 2048, 128, 16, 256, 64, 512, 4, 16, 4, 4, 0
391,5.73,21,17,1979.91,2048,2048,0.03, 0.92, 0, 0.05,left,32, 4, 4, 2, 8, 2048, 128, 16, 256, 64, 512, 4, 16, 8, 0, 0
432,14.24,83,20,1981.63,2048,2048,0.02, 0.03, 0, 0.95,down,32, 8, 2, 2, 8, 2048, 128, 16, 256, 64, 512, 4, 16, 8, 0, 0
407,9.74,69,15,2012.86,2048,2048,0.01, 0.02, 0.97, 0,up,32, 8, 0, 2, 8, 2048, 2, 2, 256, 64, 128, 16, 16, 8, 512, 4
420,20.31,111,20,2028.5,2048,2048,0.01, 0, 0, 0.99,down,32, 8, 2, 4, 8, 2048, 128, 16, 256, 64, 512, 4, 16, 8, 2, 0
389,10.78,43,13,2037.5,2048,2048,1, 0, 0, 0,right,32, 8, 2, 2, 8, 2048, 128, 4, 256, 64, 512, 16, 16, 8, 2, 4
417,20.28,104,18,2038.2,2048,2048,0, 0, 1, 0,up,2, 32, 8, 4, 8, 2048, 128, 4, 256, 64, 512, 16, 16, 8, 2, 4
389,9.76,48,12,2032.25,2048,2048,0.99, 0.01, 0, 0,right,2, 32, 8, 8, 8, 2048, 128, 16, 256, 64, 512, 4, 16, 8, 2, 2
420,25.61,111,15,2048,2048,2048,0, 0, 0.01, 0.99,down,0, 2, 32, 16, 8, 2048, 128, 16, 256, 64, 512, 4, 2, 16, 8, 4
373,14.57,86,14,2048,2048,2048,0.95, 0.04, 0, 0,right,0, 2, 32, 0, 8, 2048, 128, 2, 256, 64, 512, 32, 2, 16, 8, 8
406,22.15,97,15,2048,2048,2048,0.9, 0.03, 0.07, 0,right,0, 0, 2, 32, 8, 2048, 128, 2, 256, 64, 512, 32, 2, 2, 16, 16
383,22.2,92,14,2048,2048,2048,0.02, 0.02, 0.92, 0.04,up,0, 0, 2, 32, 8, 2048, 128, 2, 256, 64, 512, 32, 2, 0, 4, 32
383,8.58,63,9,2048,2048,2048,0.31, 0.63, 0, 0.06,left,8, 2048, 2, 32, 256, 64, 128, 2, 2, 0, 512, 64, 0, 0, 4, 2
424,30,99,13,2048,2048,2048,0.01, 0, 0.98, 0.01,up,8, 2048, 2, 32, 256, 64, 128, 2, 2, 512, 64, 2, 4, 2, 0, 0
359,33.32,107,13,2042.31,2048,2048,0.99, 0, 0, 0.01,right,8, 2048, 2, 32, 256, 64, 128, 4, 2, 512, 64, 2, 4, 2, 0, 0
350,34.44,104,12,2048,2048,2048,0, 0, 0.01, 0.98,down,8, 2048, 2, 32, 256, 64, 128, 4, 2, 512, 64, 2, 2, 0, 4, 2
346,34.65,99,9,2048,2048,2048,0.97, 0.03, 0, 0,right,0, 2, 2, 0, 8, 2048, 128, 32, 256, 64, 64, 4, 4, 512, 4, 4
346,34.51,112,10,2048,2048,2048,0, 0, 0.01, 0.98,down,2, 0, 0, 4, 8, 2048, 128, 32, 0, 256, 128, 4, 0, 4, 512, 8
346,33.74,97,8,2048,2048,2048,0.83, 0.05, 0.02, 0.1,right,2, 0, 0, 4, 0, 2048, 0, 32, 2, 256, 256, 4, 8, 4, 512, 8
348,33.71,87,10,2048,2048,2048,0.14, 0.05, 0.06, 0.76,down,2, 0, 2, 4, 0, 0, 2048, 32, 0, 2, 512, 4, 8, 4, 512, 8
348,33.8,114,7,2048,2048,2048,0.36, 0.36, 0.1, 0.17,left,0, 0, 0, 4, 0, 2, 2, 32, 2, 2, 2048, 4, 8, 4, 1024, 8
348,32.32,90,8,2048,2048,2048,0.12, 0, 0.06, 0.82,down,4, 0, 0, 0, 4, 32, 2, 0, 4, 2048, 4, 0, 8, 4, 1024, 8
353,32.05,104,7,2048,2048,2048,0.15, 0.18, 0.55, 0.13,up,0, 0, 0, 2, 4, 32, 2, 0, 8, 2048, 4, 0, 8, 4, 1024, 8
353,30.92,90,8,2048,2048,2048,0.49, 0.47, 0, 0.04,right,4, 32, 2, 2, 16, 2048, 4, 8, 0, 4, 1024, 0, 0, 0, 2, 0
357,30.82,90,7,2048,2048,2048,0.09, 0.38, 0.35, 0.18,left,0, 4, 32, 4, 16, 2048, 4, 8, 0, 0, 4, 1024, 2, 0, 0, 2
357,29.83,83,7,2048,2048,2048,0.03, 0.18, 0.49, 0.3,up,4, 32, 4, 0, 16, 2048, 4, 8, 4, 1024, 0, 0, 4, 0, 0, 2
360,29.09,93,7,2048,2048,2048,0.4, 0.35, 0.21, 0.05,right,4, 32, 8, 8, 16, 2048, 0, 2, 8, 1024, 0, 2, 0, 0, 0, 0
362,27.82,108,8,2048,2048,2048,0, 0.47, 0.22, 0.31,left,2, 4, 32, 16, 0, 16, 2048, 2, 0, 8, 1024, 2, 0, 0, 0, 0
366,29.66,78,9,2048,2048,2048,0.08, 0.15, 0.08, 0.69,down,2, 4, 32, 16, 16, 2048, 2, 0, 8, 1024, 2, 2, 0, 0, 0, 0
361,24.35,95,7,2048,2048,2048,0.35, 0.27, 0.38, 0,up,0, 0, 0, 0, 2, 4, 0, 2, 16, 2048, 32, 16, 8, 1024, 4, 2
376,27.99,103,10,2048,2048,2048,0.02, 0.08, 0.11, 0.79,down,2, 4, 32, 2, 16, 2048, 4, 16, 8, 1024, 0, 2, 0, 0, 0, 2
366,23.9,103,10,2048,2048,2048,0.08, 0.41, 0.07, 0.43,down,2, 0, 0, 0, 2, 4, 0, 2, 16, 2048, 32, 16, 8, 1024, 4, 4
378,28.42,85,10,2048,2048,2048,0.08, 0.78, 0.07, 0.07,left,0, 0, 2, 0, 4, 4, 0, 2, 16, 2048, 32, 16, 8, 1024, 4, 4
364,29.59,134,11,2048,2048,2048,0.05, 0.85, 0.03, 0.07,left,2, 2, 0, 0, 8, 2, 0, 0, 16, 2048, 32, 16, 8, 1024, 8, 0
361,29.73,91,12,2048,2048,2048,0.87, 0.07, 0.01, 0.05,right,4, 0, 0, 2, 8, 2, 0, 0, 16, 2048, 32, 16, 8, 1024, 8, 0
360,32.4,107,10,2048,2048,2048,0.01, 0.01, 0.96, 0.02,up,0, 0, 4, 2, 2, 0, 8, 2, 16, 2048, 32, 16, 0, 8, 1024, 8
352,33.16,91,8,2048,2048,2048,0.28, 0.69, 0.02, 0.01,left,2, 2048, 4, 4, 16, 8, 8, 16, 0, 0, 32, 8, 0, 2, 1024, 0
350,33.64,92,9,2048,2048,2048,0.02, 0.18, 0.05, 0.75,down,2, 2048, 8, 0, 16, 16, 16, 0, 32, 8, 0, 2, 2, 1024, 0, 0
349,33.2,116,8,2048,2048,2048,0.02, 0.89, 0.01, 0.08,left,2, 2048, 2, 0, 16, 16, 0, 0, 32, 8, 8, 0, 2, 1024, 16, 2
350,32.91,92,7,2048,2048,2048,0.09, 0.16, 0.37, 0.37,up,2, 2048, 2, 0, 32, 0, 2, 0, 32, 16, 0, 0, 2, 1024, 16, 2
351,32.16,98,7,2048,2048,2048,0.48, 0.18, 0.29, 0.05,right,2, 2048, 4, 2, 64, 16, 16, 0, 2, 1024, 0, 0, 2, 0, 0, 0
353,32.75,91,6,2048,2048,2048,0.19, 0.29, 0.25, 0.27,left,2, 2048, 4, 2, 0, 0, 64, 32, 0, 0, 2, 1024, 0, 0, 2, 2
351,30.84,83,8,2048,2048,2048,0.63, 0, 0.13, 0.23,right,2, 2048, 4, 2, 64, 32, 0, 0, 2, 1024, 2, 0, 4, 0, 0, 0
357,30.27,88,8,2048,2048,2048,0.09, 0.41, 0.05, 0.46,down,2, 2048, 4, 2, 0, 0, 64, 32, 0, 2, 1024, 2, 0, 2, 0, 4
359,27.48,81,7,2048,2048,2048,0, 0.76, 0.07, 0.17,left,0, 0, 0, 2, 0, 0, 4, 32, 2, 2048, 64, 2, 2, 4, 1024, 4
367,26.98,84,7,2048,2048,2048,0.27, 0, 0.15, 0.57,down,2, 0, 0, 0, 4, 32, 2, 0, 2, 2048, 64, 2, 2, 4, 1024, 4
369,27.29,93,8,2048,2048,2048,0.06, 0.5, 0.36, 0.08,left,0, 2, 0, 0, 2, 32, 2, 0, 4, 2048, 64, 2, 4, 4, 1024, 4
368,26.78,78,7,2048,2048,2048,0.04, 0.02, 0.68, 0.25,up,2, 2, 0, 0, 2, 32, 2, 0, 4, 2048, 64, 2, 8, 1024, 4, 0
369,27.29,84,7,2048,2048,2048,0.06, 0.09, 0.25, 0.6,down,4, 2, 2, 2, 4, 32, 64, 0, 8, 2048, 4, 0, 0, 1024, 2, 0
368,27.76,87,7,2048,2048,2048,0.3, 0.44, 0.16, 0.11,left,2, 2, 2, 0, 0, 32, 64, 0, 8, 2048, 4, 0, 8, 1024, 2, 2
366,26.82,86,6,2048,2048,2048,0.24, 0.43, 0.22, 0.11,left,4, 2, 2, 0, 32, 64, 0, 0, 8, 2048, 4, 0, 8, 1024, 4, 0
369,26.01,83,7,2048,2048,2048,0.11, 0.11, 0.52, 0.26,up,4, 4, 0, 0, 32, 64, 0, 2, 8, 2048, 4, 0, 8, 1024, 4, 0
371,27.01,81,7,2048,2048,2048,0.2, 0.65, 0.12, 0.03,left,4, 4, 8, 2, 32, 64, 0, 2, 16, 2048, 0, 0, 0, 1024, 0, 0
368,26.76,86,6,2048,2048,2048,0.3, 0.33, 0.23, 0.15,left,8, 8, 2, 0, 32, 64, 2, 0, 16, 2048, 0, 0, 1024, 0, 2, 0
369,34.21,79,11,2048,2048,2048,0.07, 0.09, 0.76, 0.08,up,16, 2, 0, 0, 32, 64, 2, 0, 16, 2048, 0, 0, 1024, 2, 0, 2
347,34.95,85,12,2048,2048,2048,0.88, 0.04, 0.06, 0.03,right,16, 2, 2, 2, 32, 64, 0, 0, 16, 2048, 0, 2, 1024, 2, 0, 0
345,38.75,85,10,2048,2048,2048,0, 0.01, 0.84, 0.15,up,0, 16, 2, 4, 0, 0, 32, 64, 2, 16, 2048, 2, 0, 0, 1024, 2
333,38.84,112,10,2048,2048,2048,0, 0.04, 0, 0.96,down,2, 32, 2, 4, 0, 0, 32, 64, 0, 0, 2048, 4, 0, 0, 1024, 2
333,37.17,79,10,2048,2048,2048,0.92, 0.03, 0.03, 0.03,right,0, 0, 2, 4, 2, 0, 32, 64, 0, 0, 2048, 4, 2, 32, 1024, 2
338,36.93,88,9,2048,2048,2048,0.01, 0.01, 0.97, 0.02,up,0, 0, 2, 4, 0, 2, 32, 64, 2, 0, 2048, 4, 2, 32, 1024, 2
339,38.06,81,8,2048,2048,2048,0.29, 0.7, 0, 0.01,left,4, 2, 2, 4, 0, 32, 32, 64, 0, 2, 2048, 4, 0, 0, 1024, 2
335,38.25,124,8,2048,2048,2048,0.56, 0.08, 0.27, 0.09,right,4, 4, 4, 0, 64, 64, 0, 0, 2, 2048, 4, 0, 1024, 2, 2, 0
335,36.77,91,7,2048,2048,2048,0, 0.38, 0.51, 0.1,up,0, 0, 4, 8, 0, 0, 2, 128, 0, 2, 2048, 4, 0, 0, 1024, 4
339,35.86,74,7,2048,2048,2048,0, 0.63, 0, 0.37,left,0, 2, 4, 8, 0, 0, 2, 128, 0, 0, 2048, 8, 0, 0, 1024, 2
342,35.08,75,7,2048,2048,2048,0.04, 0, 0.4, 0.56,down,2, 4, 8, 0, 2, 128, 2, 0, 2048, 8, 0, 0, 1024, 2, 0, 0
344,33.65,88,7,2048,2048,2048,0.25, 0.41, 0.08, 0.26,left,0, 4, 2, 0, 4, 128, 0, 0, 2048, 8, 8, 0, 1024, 2, 2, 0
349,34.19,86,6,2048,2048,2048,0.24, 0.32, 0.11, 0.34,down,4, 2, 2, 0, 4, 128, 0, 0, 2048, 16, 0, 0, 1024, 4, 0, 0
347,31.9,70,6,2048,2048,2048,0.1, 0.23, 0.22, 0.45,down,0, 2, 2, 0, 8, 128, 0, 0, 2048, 16, 0, 0, 1024, 4, 2, 0
354,31.26,82,7,2048,2048,2048,0.14, 0.54, 0.15, 0.17,left,0, 2, 0, 0, 8, 128, 0, 0, 2048, 16, 0, 2, 1024, 4, 4, 0
356,32.47,124,9,2048,2048,2048,0.12, 0.19, 0.51, 0.18,up,2, 0, 0, 2, 8, 128, 0, 0, 2048, 16, 2, 0, 1024, 8, 0, 0
352,32.09,102,8,2048,2048,2048,0.18, 0.55, 0, 0.27,left,2, 128, 2, 2, 8, 16, 0, 0, 2048, 8, 0, 0, 1024, 2, 0, 0
353,30.88,70,9,2048,2048,2048,0.93, 0, 0, 0.07,right,2, 128, 4, 2, 8, 16, 0, 0, 2048, 8, 0, 0, 1024, 2, 0, 0
357,29.02,84,11,2048,2048,2048,0.06, 0.02, 0.82, 0.09,up,2, 128, 4, 2, 0, 0, 8, 16, 2, 0, 2048, 8, 0, 0, 1024, 2
362,27.92,78,9,2048,2048,2048,0, 0.07, 0.88, 0.04,up,4, 128, 4, 2, 0, 0, 8, 16, 0, 2, 2048, 8, 0, 0, 1024, 2
366,27.68,96,8,2048,2048,2048,0, 0.21, 0.09, 0.7,down,4, 128, 4, 2, 0, 2, 8, 16, 0, 2, 2048, 8, 0, 0, 1024, 2
366,27.01,70,8,2048,2048,2048,0.16, 0.36, 0.48, 0,up,0, 0, 4, 2, 0, 0, 8, 16, 2, 128, 2048, 8, 4, 4, 1024, 2
368,27.05,100,8,2048,2048,2048,0.1, 0.89, 0.01, 0.01,left,2, 128, 4, 2, 4, 4, 8, 16, 0, 0, 2048, 8, 2, 0, 1024, 2
368,27.1,67,7,2048,2048,2048,0.06, 0.26, 0.62, 0.06,up,2, 128, 4, 2, 8, 8, 16, 2, 2048, 8, 0, 0, 2, 1024, 2, 0
368,25.51,74,8,2048,2048,2048,0.15, 0.15, 0, 0.7,down,2, 128, 4, 4, 8, 16, 16, 2, 2048, 1024, 2, 0, 2, 0, 0, 0
373,25.27,65,7,2048,2048,2048,0.84, 0.08, 0.04, 0.05,right,2, 0, 0, 2, 8, 128, 4, 0, 2048, 16, 16, 4, 2, 1024, 2, 2
374,24.31,60,7,2048,2048,2048,0, 0.05, 0.29, 0.66,down,0, 0, 2, 4, 0, 8, 128, 4, 0, 2048, 32, 4, 0, 2, 1024, 4
377,24.54,98,6,2048,2048,2048,0.25, 0.21, 0.2, 0.34,down,0, 0, 2, 0, 0, 8, 128, 0, 0, 2048, 32, 8, 2, 2, 1024, 8
376,23.16,58,7,2048,2048,2048,0.39, 0.21, 0.13, 0.27,right,0, 0, 2, 0, 0, 8, 128, 2, 0, 2048, 32, 0, 2, 2, 1024, 16
380,23.51,87,7,2048,2048,2048,0.26, 0.19, 0.15, 0.39,down,0, 2, 0, 2, 0, 8, 128, 2, 0, 0, 2048, 32, 0, 4, 1024, 16
379,22.9,78,8,2048,2048,2048,0, 0.34, 0.18, 0.48,down,0, 0, 0, 0, 0, 2, 128, 4, 2, 8, 2048, 32, 0, 4, 1024, 16
381,21.43,66,8,2048,2048,2048,0.32, 0.03, 0.06, 0.59,down,0, 0, 0, 0, 2, 2, 128, 4, 0, 8, 2048, 32, 2, 4, 1024, 16
385,21.25,62,8,2048,2048,2048,0.56, 0.33, 0.04, 0.07,right,2, 0, 0, 0, 0, 2, 128, 4, 0, 8, 2048, 32, 4, 4, 1024, 16
386,21.11,71,7,2048,2048,2048,0.61, 0.06, 0.15, 0.17,right,0, 2, 0, 2, 0, 2, 128, 4, 0, 8, 2048, 32, 0, 8, 1024, 16
386,20.81,54,7,2048,2048,2048,0.29, 0.07, 0.24, 0.39,down,0, 2, 0, 4, 0, 2, 128, 4, 0, 8, 2048, 32, 0, 8, 1024, 16
387,20.9,67,10,2048,2048,2048,0, 0.86, 0.14, 0,left,0, 0, 0, 0, 0, 0, 128, 8, 0, 4, 2048, 32, 2, 16, 1024, 16
387,17.55,63,9,2048,2048,2048,0.12, 0, 0.88, 0,up,0, 0, 0, 0, 128, 8, 0, 0, 4, 2048, 32, 2, 2, 16, 1024, 16
397,15.65,65,8,2048,2048,2048,0.61, 0, 0, 0.39,right,128, 8, 32, 2, 4, 2048, 1024, 16, 2, 16, 2, 0, 0, 0, 0, 0
403,17.06,67,9,2048,2048,2048,0.12, 0.7, 0.09, 0.09,left,128, 8, 32, 2, 4, 2048, 1024, 16, 0, 2, 16, 2, 2, 0, 0, 0
398,15.76,70,8,2048,2048,2048,0.11, 0.05, 0.18, 0.67,down,128, 8, 32, 2, 4, 2048, 1024, 16, 2, 16, 2, 0, 2, 2, 0, 0
402,16.11,55,11,2048,2048,2048,0.11, 0.17, 0.65, 0.07,up,0, 8, 0, 0, 128, 2048, 32, 2, 4, 16, 1024, 2, 4, 2, 2, 16
401,16.77,84,9,2048,2048,2048,0.07, 0.24, 0.66, 0.03,up,128, 8, 32, 4, 8, 2048, 1024, 16, 0, 16, 2, 0, 0, 2, 2, 0
399,18.5,96,11,2048,2048,2048,0.18, 0.05, 0.03, 0.74,down,128, 8, 32, 4, 8, 2048, 1024, 16, 0, 16, 4, 0, 2, 2, 0, 0
394,18.91,59,11,2048,2048,2048,0.69, 0.3, 0.01, 0,right,0, 8, 0, 0, 128, 2048, 32, 2, 8, 16, 1024, 4, 2, 2, 4, 16
393,16.51,73,10,2048,2048,2048,0.01, 0.94, 0.05, 0,left,0, 0, 0, 8, 128, 2048, 32, 2, 8, 16, 1024, 4, 2, 4, 4, 16
400,17.74,55,12,2048,2048,2048,0.03, 0, 0.02, 0.95,down,8, 2, 0, 0, 128, 2048, 32, 2, 8, 16, 1024, 4, 2, 8, 16, 0
396,12,48,9,2048,2048,2048,0.01, 0, 0.9, 0.1,up,8, 2, 0, 0, 128, 2048, 32, 2, 8, 16, 1024, 2, 2, 8, 16, 4
414,12.52,70,7,2048,2048,2048,0.87, 0.03, 0.09, 0.02,right,8, 2, 32, 4, 128, 2048, 1024, 4, 8, 16, 16, 0, 2, 8, 0, 2
412,11.65,75,8,2048,2048,2048,0.39, 0.1, 0.36, 0.15,right,8, 2, 32, 4, 128, 2048, 1024, 4, 2, 0, 8, 32, 0, 2, 8, 2
415,14.88,81,13,2048,2048,2048,0.04, 0.03, 0.88, 0.06,up,8, 2, 32, 4, 128, 2048, 1024, 4, 0, 2, 8, 32, 2, 2, 8, 2
405,13.52,39,11,2048,2048,2048,0.09, 0.08, 0, 0.83,down,8, 2, 32, 8, 128, 2048, 1024, 32, 2, 4, 16, 2, 0, 2, 0, 0
409,14.64,63,12,2048,2048,2048,0.9, 0.09, 0.01, 0,right,0, 2, 0, 2, 8, 2048, 32, 8, 128, 4, 1024, 32, 2, 2, 16, 2
406,16.28,60,12,2048,2048,2048,0, 0.9, 0.08, 0.02,left,0, 0, 0, 4, 8, 2048, 32, 8, 128, 4, 1024, 32, 2, 4, 16, 2
401,15.53,72,11,2048,2048,2048,0.01, 0.01, 0.97, 0.01,up,4, 0, 0, 2, 8, 2048, 32, 8, 128, 4, 1024, 32, 2, 4, 16, 2
403,15.78,60,10,2048,2048,2048,0.86, 0.13, 0, 0,right,4, 2048, 32, 2, 8, 8, 1024, 8, 128, 0, 16, 32, 2, 0, 2, 2
402,15.73,86,10,2048,2048,2048,0.84, 0.05, 0.01, 0.09,right,4, 2048, 32, 2, 0, 16, 1024, 8, 0, 128, 16, 32, 2, 0, 2, 4
402,16.25,81,8,2048,2048,2048,0.03, 0.02, 0.54, 0.41,up,4, 2048, 32, 2, 0, 16, 1024, 8, 0, 128, 16, 32, 2, 0, 4, 4
401,16,78,8,2048,2048,2048,0.03, 0.02, 0.04, 0.91,down,4, 2048, 32, 2, 2, 16, 1024, 8, 0, 128, 16, 32, 2, 0, 4, 4
402,14.82,54,8,2048,2048,2048,0.32, 0.64, 0.01, 0.03,left,0, 0, 32, 2, 2, 2048, 1024, 8, 4, 16, 16, 32, 4, 128, 4, 4
405,14.23,78,8,2048,2048,2048,0.03, 0.21, 0.15, 0.61,down,32, 2, 0, 0, 2, 2048, 1024, 8, 4, 32, 32, 0, 4, 128, 8, 2
407,15.72,71,9,2048,2048,2048,0.84, 0.15, 0.01, 0,right,2, 2, 0, 0, 32, 2048, 1024, 0, 2, 32, 32, 8, 8, 128, 8, 2
402,12.47,74,8,2048,2048,2048,0, 0.72, 0.28, 0,left,0, 0, 2, 4, 0, 32, 2048, 1024, 0, 2, 64, 8, 8, 128, 8, 2
412,12.2,46,6,2048,2048,2048,0.16, 0.3, 0.27, 0.27,left,2, 4, 0, 2, 32, 2048, 1024, 0, 2, 64, 8, 0, 8, 128, 8, 2
413,11.88,65,9,2048,2048,2048,0.01, 0, 0.17, 0.83,down,2, 4, 2, 0, 32, 2048, 1024, 2, 2, 64, 8, 0, 8, 128, 8, 2
414,11.68,66,8,2048,2048,2048,0.18, 0, 0.67, 0.15,up,2, 4, 2, 0, 32, 2048, 2, 0, 2, 64, 1024, 0, 8, 128, 16, 4
414,12.21,56,9,2048,2048,2048,0.81, 0.07, 0.09, 0.03,right,2, 4, 4, 4, 32, 2048, 1024, 0, 2, 64, 16, 0, 8, 128, 0, 2
413,11.31,45,7,2048,2048,2048,0.41, 0.45, 0, 0.14,left,2, 2, 4, 8, 0, 32, 2048, 1024, 0, 2, 64, 16, 0, 8, 128, 2
416,10.95,56,8,2048,2048,2048,0.31, 0.34, 0.2, 0.14,left,4, 4, 8, 0, 32, 2048, 1024, 2, 2, 64, 16, 0, 8, 128, 2, 0
417,16.99,81,13,2048,2048,2048,0.69, 0.13, 0.06, 0.13,right,8, 8, 2, 0, 32, 2048, 1024, 2, 2, 64, 16, 0, 8, 128, 2, 0
399,7.89,63,8,2048,2048,2048,0.14, 0.19, 0.15, 0.51,down,2, 0, 16, 2, 32, 2048, 1024, 2, 0, 2, 64, 16, 0, 8, 128, 2
426,9.69,54,11,2048,2048,2048,0.78, 0.2, 0.02, 0,right,0, 2, 16, 0, 0, 2048, 1024, 4, 2, 2, 64, 16, 32, 8, 128, 2
420,10.08,61,11,2048,2048,2048,0, 0.87, 0.03, 0.1,left,0, 0, 2, 16, 2, 2048, 1024, 4, 0, 4, 64, 16, 32, 8, 128, 2
419,15.67,64,15,2048,2048,2048,0.01, 0.04, 0.91, 0.03,up,2, 16, 0, 2, 2, 2048, 1024, 4, 4, 64, 16, 0, 32, 8, 128, 2
402,9.67,47,9,2048,2048,2048,0.06, 0.03, 0.61, 0.3,up,4, 16, 1024, 2, 4, 2048, 16, 4, 32, 64, 128, 2, 0, 8, 0, 2
420,12.34,48,11,2043.14,2048,2048,0.94, 0.02, 0.02, 0.02,right,8, 16, 1024, 2, 32, 2048, 16, 4, 0, 64, 128, 4, 2, 8, 0, 0
412,11.25,50,9,2048,2048,2048,0.11, 0.03, 0.45, 0.41,up,8, 16, 1024, 2, 32, 2048, 16, 4, 0, 64, 128, 4, 2, 0, 2, 8
416,19.03,62,14,2048,2048,2048,0.02, 0.04, 0.91, 0.03,up,8, 16, 1024, 2, 32, 2048, 16, 8, 2, 64, 128, 8, 2, 0, 2, 0
392,16.53,72,12,2048,2048,2048,0.73, 0.16, 0, 0.11,right,8, 16, 1024, 2, 32, 2048, 16, 16, 4, 64, 128, 2, 0, 0, 2, 0
400,22.76,65,15,2048,2048,2048,0.02, 0.06, 0.9, 0.02,up,8, 16, 1024, 2, 0, 32, 2048, 32, 4, 64, 128, 2, 0, 2, 0, 2
381,8.43,45,10,2048,2048,2048,0.72, 0.11, 0, 0.17,right,8, 16, 1024, 2, 4, 32, 2048, 32, 0, 64, 128, 4, 0, 2, 0, 2
424,22.99,71,17,2048,2048,2048,0, 0.01, 0.96, 0.03,up,8, 16, 1024, 2, 4, 32, 2048, 32, 2, 64, 128, 4, 0, 0, 0, 4
381,23.84,61,12,2048,2048,2048,0.02, 0, 0.95, 0.03,up,8, 16, 1024, 2, 4, 32, 2048, 32, 2, 64, 128, 8, 2, 0, 0, 0
378,26.13,86,11,2048,2048,2048,0.01, 0.03, 0.95, 0.01,up,8, 16, 1024, 2, 4, 32, 2048, 32, 4, 64, 128, 8, 0, 0, 2, 0
371,26.11,78,9,2048,2048,2048,0, 0.02, 0.97, 0.01,up,8, 16, 1024, 2, 8, 32, 2048, 32, 0, 64, 128, 8, 0, 0, 2, 2
371,25.81,70,9,2048,2048,2048,0.97, 0.02, 0, 0,right,16, 16, 1024, 2, 2, 32, 2048, 32, 0, 64, 128, 8, 0, 0, 2, 2
372,26.05,93,10,2048,2048,2048,0.05, 0.01, 0.5, 0.44,up,0, 32, 1024, 2, 2, 32, 2048, 32, 0, 64, 128, 8, 2, 0, 0, 4
371,26.66,68,9,2048,2048,2048,0.84, 0.03, 0.07, 0.06,right,4, 64, 1024, 2, 0, 64, 2048, 32, 0, 0, 128, 8, 0, 2, 0, 4
370,24.53,73,10,2048,2048,2048,0, 0.05, 0.26, 0.69,down,4, 64, 1024, 2, 2, 64, 2048, 32, 0, 0, 128, 8, 0, 0, 2, 4
376,25.83,84,9,2048,2048,2048,0.82, 0.11, 0.04, 0.02,right,0, 0, 1024, 2, 0, 2, 2048, 32, 4, 0, 128, 8, 2, 128, 2, 4
372,25.38,83,8,2048,2048,2048,0.08, 0.08, 0.49, 0.35,up,0, 0, 1024, 2, 2, 2, 2048, 32, 0, 4, 128, 8, 2, 128, 2, 4
373,23.67,87,7,2048,2048,2048,0.36, 0.61, 0.01, 0.02,left,4, 2, 1024, 2, 0, 4, 2048, 32, 0, 128, 128, 8, 2, 0, 2, 4
378,24.06,66,7,2048,2048,2048,0.11, 0.26, 0.08, 0.55,down,4, 2, 1024, 2, 4, 2048, 32, 0, 256, 8, 0, 2, 4, 4, 0, 0
377,23.4,76,7,2048,2048,2048,0.13, 0.28, 0.01, 0.58,down,0, 2, 0, 0, 8, 2048, 0, 2, 256, 8, 1024, 0, 4, 4, 32, 4
379,23.64,67,10,2048,2048,2048,0.55, 0.14, 0.03, 0.28,right,0, 2, 0, 0, 8, 2048, 0, 2, 256, 8, 1024, 2, 4, 4, 32, 4
379,22.73,58,7,2048,2048,2048,0.4, 0.14, 0.09, 0.37,right,0, 2, 0, 2, 0, 8, 2048, 2, 256, 8, 1024, 2, 0, 8, 32, 4
381,21.49,58,7,2048,2048,2048,0, 0.17, 0.59, 0.24,up,0, 0, 0, 4, 0, 8, 2048, 2, 256, 8, 1024, 2, 2, 8, 32, 4
385,21.58,79,7,2048,2048,2048,0.14, 0.48, 0.23, 0.14,left,256, 16, 2048, 4, 2, 8, 1024, 4, 2, 0, 32, 4, 0, 0, 0, 0
385,22.66,76,10,2048,2048,2048,0.81, 0.08, 0.06, 0.05,right,256, 16, 2048, 4, 2, 8, 1024, 4, 2, 32, 4, 0, 0, 0, 0, 2
382,25.38,69,10,2048,2048,2048,0.86, 0.04, 0.08, 0.02,right,256, 16, 2048, 4, 2, 8, 1024, 4, 2, 2, 32, 4, 0, 0, 0, 2
373,23.56,81,9,2048,2048,2048,0.93, 0.02, 0.03, 0.03,right,256, 16, 2048, 4, 2, 8, 1024, 4, 0, 4, 32, 4, 0, 0, 2, 2
379,23.49,71,10,2048,2048,2048,0.76, 0, 0.19, 0.05,right,256, 16, 2048, 4, 2, 8, 1024, 4, 0, 4, 32, 4, 0, 2, 0, 4
379,23.67,70,9,2048,2048,2048,0.05, 0.01, 0.08, 0.85,down,256, 16, 2048, 4, 2, 8, 1024, 4, 0, 4, 32, 4, 2, 0, 2, 4
378,24.8,76,9,2048,2048,2048,0.94, 0.01, 0.02, 0.03,right,0, 0, 2048, 2, 0, 16, 1024, 0, 256, 8, 32, 8, 4, 4, 2, 8
375,23.56,62,9,2048,2048,2048,0, 0.04, 0.92, 0.04,up,0, 0, 2048, 2, 0, 0, 16, 1024, 256, 8, 32, 8, 2, 8, 2, 8
379,22.73,50,7,2048,2048,2048,0.4, 0.38, 0.17, 0.05,right,256, 16, 2048, 2, 2, 0, 16, 1024, 0, 0, 32, 16, 0, 2, 2, 0
381,24.35,73,11,2048,2048,2048,0.06, 0.74, 0.08, 0.11,left,256, 16, 2048, 2, 0, 2, 16, 1024, 0, 0, 32, 16, 0, 2, 0, 4
376,22.67,64,8,2048,2048,2048,0.06, 0.1, 0.05, 0.79,down,256, 16, 2048, 2, 2, 16, 1024, 0, 32, 16, 0, 0, 2, 4, 0, 2
381,22.33,70,8,2048,2048,2048,0.34, 0.63, 0.03, 0,left,256, 0, 0, 0, 2, 16, 2, 0, 32, 32, 2048, 0, 2, 4, 1024, 4
383,24.52,71,9,2048,2048,2048,0.03, 0.01, 0.95, 0.01,up,256, 0, 0, 2, 2, 16, 2, 0, 64, 2048, 0, 0, 2, 4, 1024, 4
376,24.63,61,8,2048,2048,2048,0.92, 0.03, 0.04, 0.01,right,256, 16, 2, 2, 2, 2048, 1024, 4, 64, 4, 0, 0, 2, 0, 2, 0
376,24.45,67,7,2048,2048,2048,0, 0.02, 0.63, 0.35,up,0, 256, 16, 4, 2, 2048, 1024, 4, 0, 0, 64, 4, 0, 0, 2, 4
376,25.51,68,6,2048,2048,2048,0.27, 0.08, 0.5, 0.15,up,2, 256, 16, 8, 0, 2048, 1024, 8, 0, 0, 64, 0, 2, 0, 2, 0
373,23.22,53,6,2048,2048,2048,0.43, 0.25, 0.26, 0.07,right,4, 256, 16, 16, 0, 2048, 1024, 0, 0, 0, 64, 0, 0, 0, 2, 2
380,22.38,48,7,2048,2048,2048,0, 0.45, 0, 0.55,down,0, 4, 256, 32, 0, 0, 2048, 1024, 0, 0, 2, 64, 0, 0, 0, 4
382,23.32,57,8,2048,2048,2048,0, 0.22, 0.78, 0,up,0, 0, 0, 32, 0, 0, 256, 1024, 0, 0, 2048, 64, 2, 4, 2, 4
380,22.72,59,8,2048,2048,2048,0.28, 0.05, 0.59, 0.08,up,2, 4, 256, 32, 0, 0, 2048, 1024, 0, 0, 2, 64, 0, 2, 0, 4
381,21.57,59,7,2048,2048,2048,0.38, 0.42, 0.13, 0.07,left,2, 4, 256, 32, 0, 2, 2048, 1024, 0, 2, 2, 64, 0, 0, 0, 4
385,20.57,60,7,2048,2048,2048,0.07, 0, 0.81, 0.12,up,2, 4, 256, 32, 2, 2048, 1024, 0, 4, 64, 0, 0, 4, 2, 0, 0
388,21.77,67,7,2048,2048,2048,0.41, 0.42, 0.14, 0.03,left,4, 4, 256, 32, 8, 2048, 1024, 0, 0, 64, 0, 2, 0, 2, 0, 0
384,20.35,58,6,2048,2048,2048,0.06, 0.28, 0.45, 0.21,up,8, 256, 32, 0, 8, 2048, 1024, 0, 64, 2, 0, 0, 2, 0, 2, 0
388,19.64,55,6,2048,2048,2048,0.3, 0.3, 0.18, 0.22,right,16, 256, 32, 0, 64, 2048, 1024, 0, 2, 2, 2, 0, 0, 0, 0, 2
391,19.67,63,6,2048,2048,2048,0, 0.47, 0.33, 0.21,left,0, 16, 256, 32, 2, 64, 2048, 1024, 0, 0, 2, 4, 0, 0, 0, 2
390,20.64,55,10,2048,2048,2048,0.08, 0.07, 0.75, 0.1,up,16, 256, 32, 0, 2, 64, 2048, 1024, 2, 4, 0, 2, 2, 0, 0, 0
388,20.15,56,10,2048,2048,2048,0.68, 0.21, 0.05, 0.05,right,16, 256, 32, 1024, 4, 64, 2048, 2, 2, 4, 0, 2, 0, 0, 0, 0
389,19.26,65,10,2048,2048,2048,0, 0.03, 0.91, 0.05,up,16, 256, 32, 1024, 4, 64, 2048, 2, 0, 2, 4, 2, 0, 0, 0, 2
392,16.08,47,8,2048,2048,2048,0.65, 0.25, 0, 0.11,right,16, 256, 32, 1024, 4, 64, 2048, 4, 2, 2, 4, 2, 0, 0, 0, 0
401,15.41,55,9,2048,2048,2048,0.78, 0.17, 0, 0.05,right,16, 256, 32, 1024, 4, 64, 2048, 4, 0, 4, 4, 2, 0, 2, 0, 0
403,15.89,43,8,2048,2048,2048,0.6, 0.03, 0.31, 0.06,right,16, 256, 32, 1024, 4, 64, 2048, 4, 2, 0, 8, 2, 0, 0, 0, 2
402,15.26,46,7,2048,2048,2048,0.16, 0.06, 0.32, 0.47,down,16, 256, 32, 1024, 4, 64, 2048, 4, 0, 2, 8, 2, 2, 0, 0, 2
404,19.91,71,13,2048,2048,2048,0.05, 0.22, 0.02, 0.71,down,2, 0, 0, 0, 16, 256, 32, 1024, 4, 64, 2048, 4, 2, 2, 8, 4
390,22.52,69,12,2048,2048,2048,0.02, 0.98, 0, 0,left,2, 0, 2, 0, 16, 256, 32, 0, 4, 64, 2048, 1024, 2, 2, 8, 8
382,23.85,54,12,2048,2048,2048,0.02, 0.03, 0.02, 0.93,down,4, 0, 0, 2, 16, 256, 32, 0, 4, 64, 2048, 1024, 4, 16, 0, 0
378,14.03,61,14,2048,2048,2048,0.45, 0, 0.55, 0,up,0, 0, 0, 0, 4, 256, 2, 0, 16, 64, 32, 2, 8, 16, 2048, 1024
407,13.35,57,13,2048,2048,2048,0.12, 0.7, 0, 0.18,left,4, 256, 2, 2, 16, 64, 32, 1024, 8, 16, 2048, 0, 2, 0, 0, 0
409,19.1,53,13,2048,2048,2048,0.07, 0.05, 0.87, 0.01,up,4, 256, 4, 0, 16, 64, 32, 1024, 8, 16, 2048, 0, 2, 0, 2, 0
392,20.66,57,13,2048,2048,2048,0.04, 0.94, 0.02, 0.01,left,4, 256, 4, 1024, 16, 64, 32, 0, 8, 16, 2048, 0, 2, 0, 2, 2
388,19.57,55,11,2048,2048,2048,0.08, 0.89, 0.02, 0.01,left,4, 256, 4, 1024, 16, 64, 32, 0, 8, 16, 2048, 0, 4, 2, 0, 2
391,20.21,47,11,2048,2048,2048,0.02, 0.98, 0, 0,left,4, 256, 4, 1024, 16, 64, 32, 0, 8, 16, 2048, 0, 4, 4, 2, 0
389,20.69,69,9,2048,2048,2048,0.01, 0, 0.04, 0.95,down,4, 256, 4, 1024, 16, 64, 32, 0, 8, 16, 2048, 2, 8, 2, 0, 0
387,21.97,50,13,2048,2048,2048,0.03, 0.94, 0.01, 0.02,left,0, 256, 0, 0, 4, 64, 4, 2, 16, 16, 32, 1024, 16, 2, 2048, 2
384,21.11,54,10,2048,2048,2048,0.18, 0.75, 0.05, 0.02,left,256, 0, 0, 0, 4, 64, 4, 2, 32, 32, 1024, 2, 16, 2, 2048, 2
386,20.51,49,11,2048,2048,2048,0.38, 0.55, 0.01, 0.05,left,256, 0, 2, 0, 4, 64, 4, 2, 64, 1024, 2, 0, 16, 2, 2048, 2
388,19.04,49,11,2048,2048,2048,0.15, 0.05, 0.1, 0.7,down,256, 2, 0, 2, 4, 64, 4, 2, 64, 1024, 2, 0, 16, 2, 2048, 2
392,20.21,48,9,2048,2048,2048,0.91, 0.04, 0.04, 0.01,right,256, 2, 0, 0, 4, 64, 4, 2, 64, 1024, 2, 2, 16, 2, 2048, 4
389,18.26,64,7,2048,2048,2048,0, 0.01, 0.44, 0.54,down,0, 2, 256, 2, 4, 64, 4, 2, 0, 64, 1024, 4, 16, 2, 2048, 4
395,18.68,56,7,2048,2048,2048,0.71, 0.04, 0.21, 0.05,right,0, 0, 256, 2, 0, 2, 4, 0, 4, 128, 1024, 4, 16, 2, 2048, 8
393,17.06,51,7,2048,2048,2048,0.03, 0.09, 0.57, 0.3,up,0, 0, 256, 2, 2, 0, 2, 4, 4, 128, 1024, 4, 16, 2, 2048, 8
398,17.97,51,6,2048,2048,2048,0.24, 0.23, 0.34, 0.19,up,2, 128, 256, 2, 4, 2, 2, 8, 16, 0, 1024, 8, 0, 2, 2048, 0
396,16.97,46,7,2048,2048,2048,0.33, 0.53, 0.08, 0.06,left,2, 128, 256, 2, 4, 4, 2, 16, 16, 0, 1024, 0, 0, 0, 2048, 2
399,15.41,50,11,2048,2048,2048,0.93, 0, 0, 0.06,right,2, 128, 256, 2, 8, 2, 16, 0, 16, 1024, 2, 0, 2048, 2, 0, 0
403,15.28,54,10,2048,2048,2048,0, 0.15, 0.07, 0.79,down,2, 128, 256, 2, 0, 8, 2, 16, 2, 16, 1024, 2, 0, 0, 2048, 2
404,15.25,47,8,2048,2048,2048,0.11, 0.66, 0.03, 0.21,left,0, 0, 256, 2, 0, 128, 2, 2, 0, 8, 1024, 16, 4, 16, 2048, 4
404,16.17,45,12,2048,2048,2048,0.37, 0, 0.63, 0,up,256, 2, 0, 0, 128, 4, 2, 0, 8, 1024, 16, 0, 4, 16, 2048, 4
401,21.06,51,11,2048,2048,2048,0.01, 0.98, 0, 0,left,256, 2, 2, 4, 128, 4, 16, 2, 8, 1024, 2048, 0, 4, 16, 0, 0
386,19.5,53,12,2048,2048,2048,0.01, 0.01, 0.95, 0.02,up,256, 4, 4, 0, 128, 4, 16, 2, 8, 1024, 2048, 0, 4, 16, 2, 0
391,20.47,51,10,2048,2048,2048,0.02, 0.02, 0.96, 0,up,256, 8, 4, 2, 128, 1024, 16, 0, 8, 16, 2048, 0, 4, 0, 2, 2
388,19.98,43,9,2048,2048,2048,0.84, 0.15, 0.01, 0,right,256, 8, 4, 4, 128, 1024, 16, 0, 8, 16, 2048, 0, 4, 0, 2, 2
390,15.98,44,8,2048,2048,2048,0.89, 0.11, 0, 0,right,0, 256, 8, 8, 0, 128, 1024, 16, 0, 8, 16, 2048, 0, 2, 4, 4
402,16.04,41,9,2048,2048,2048,0.16, 0.04, 0.71, 0.09,up,0, 0, 256, 16, 0, 128, 1024, 16, 0, 8, 16, 2048, 0, 2, 2, 8
401,17.1,45,9,2048,2048,2048,0.12, 0.02, 0.53, 0.32,up,0, 128, 256, 32, 0, 8, 1024, 2048, 0, 2, 16, 8, 0, 2, 2, 0
398,15.8,49,8,2048,2048,2048,0.06, 0.86, 0, 0.08,left,0, 128, 256, 32, 0, 8, 1024, 2048, 0, 4, 16, 8, 0, 2, 2, 0
402,16.15,39,9,2048,2048,2048,0.03, 0, 0.24, 0.73,down,128, 256, 32, 2, 8, 1024, 2048, 0, 4, 16, 8, 0, 4, 0, 0, 0
401,16.58,44,6,2048,2048,2048,0.18, 0, 0.33, 0.49,down,0, 0, 0, 0, 128, 256, 32, 0, 8, 1024, 2048, 2, 8, 16, 8, 2
400,16.72,42,8,2048,2048,2048,0.11, 0.13, 0.07, 0.69,down,0, 0, 0, 2, 0, 256, 32, 0, 128, 1024, 2048, 0, 16, 16, 8, 4
399,15.13,54,8,2048,2048,2048,0.22, 0.74, 0.04, 0,left,0, 2, 0, 0, 0, 256, 32, 0, 128, 1024, 2048, 2, 16, 16, 8, 4
404,14.72,45,7,2048,2048,2048,0.08, 0.11, 0.46, 0.35,up,2, 2, 0, 0, 256, 32, 0, 0, 128, 1024, 2048, 2, 32, 8, 4, 0
405,13.73,42,7,2048,2048,2048,0.1, 0.23, 0, 0.68,down,2, 2, 2048, 2, 256, 32, 4, 0, 128, 1024, 2, 0, 32, 8, 0, 0
408,14.18,38,7,2048,2048,2048,0.29, 0.57, 0.1, 0.04,left,2, 2, 0, 2, 256, 32, 2048, 0, 128, 1024, 4, 0, 32, 8, 2, 2
407,12.91,38,8,2048,2048,2048,0.03, 0, 0.15, 0.81,down,4, 2, 0, 0, 256, 32, 2048, 0, 128, 1024, 4, 2, 32, 8, 4, 0
411,12.67,40,7,2048,2048,2048,0.23, 0.64, 0.03, 0.09,left,4, 2, 0, 2, 256, 32, 0, 0, 128, 1024, 2048, 0, 32, 8, 8, 2
411,12.66,42,7,2048,2048,2048,0.11, 0.35, 0.54, 0,up,4, 4, 0, 0, 256, 32, 2, 0, 128, 1024, 2048, 0, 32, 16, 2, 0
412,12.1,60,6,2048,2048,2048,0.17, 0.37, 0.24, 0.21,left,4, 4, 2, 0, 256, 32, 2048, 0, 128, 1024, 2, 0, 32, 16, 0, 2
413,11.89,48,8,2048,2048,2048,0.61, 0, 0.2, 0.18,right,8, 2, 0, 0, 256, 32, 2048, 2, 128, 1024, 2, 0, 32, 16, 2, 0
414,11.22,31,9,2048,2048,2048,0.04, 0.05, 0.6, 0.31,up,2, 0, 8, 2, 256, 32, 2048, 2, 0, 128, 1024, 2, 0, 32, 16, 2
416,9.79,29,7,2048,2048,2048,0.31, 0.19, 0.32, 0.18,up,2, 32, 8, 4, 256, 128, 2048, 4, 0, 32, 1024, 0, 0, 2, 16, 0
420,9.7,28,7,2048,2048,2048,0.65, 0.19, 0.12, 0.03,right,2, 32, 8, 8, 256, 128, 2048, 0, 0, 32, 1024, 0, 2, 2, 16, 0
420,10.1,40,9,2048,2048,2048,0, 0.45, 0.36, 0.19,left,0, 2, 32, 16, 2, 256, 128, 2048, 0, 0, 32, 1024, 0, 0, 4, 16
419,9.62,30,8,2048,2048,2048,0.77, 0, 0.08, 0.15,right,2, 32, 16, 2, 2, 256, 128, 2048, 32, 1024, 0, 0, 4, 16, 0, 0
421,9.47,37,7,2048,2048,2048,0.12, 0.02, 0.38, 0.48,down,2, 32, 16, 2, 2, 256, 128, 2048, 2, 0, 32, 1024, 0, 0, 4, 16
421,9.75,56,9,2048,2048,2048,0.49, 0.12, 0.14, 0.26,right,0, 2, 16, 2, 0, 0, 128, 2048, 2, 32, 32, 1024, 4, 256, 4, 16
420,10.99,41,11,2048,2048,2048,0.62, 0.06, 0.15, 0.17,right,0, 2, 16, 2, 2, 0, 128, 2048, 0, 2, 64, 1024, 4, 256, 4, 16
417,11.93,59,11,2048,2048,2048,0.04, 0.01, 0.01, 0.94,down,0, 2, 16, 2, 2, 2, 128, 2048, 0, 2, 64, 1024, 4, 256, 4, 16
414,11.46,45,9,2048,2048,2048,0.94, 0, 0.02, 0.03,right,0, 0, 16, 2, 2, 2, 128, 2048, 2, 4, 64, 1024, 4, 256, 4, 16
415,11.36,35,9,2048,2048,2048,0, 0.04, 0.88, 0.07,up,0, 0, 16, 2, 2, 4, 128, 2048, 2, 4, 64, 1024, 4, 256, 4, 16
415,11.79,63,8,2048,2048,2048,0.08, 0.02, 0.85, 0.06,up,4, 8, 16, 2, 4, 256, 128, 2048, 0, 0, 64, 1024, 2, 0, 4, 16
414,11.73,40,7,2048,2048,2048,0.46, 0.2, 0.3, 0.04,right,8, 8, 16, 2, 2, 256, 128, 2048, 0, 0, 64, 1024, 0, 2, 4, 16
414,11.77,64,8,2048,2048,2048,0.38, 0.28, 0.27, 0.08,right,0, 16, 16, 2, 2, 256, 128, 2048, 2, 0, 64, 1024, 0, 2, 4, 16
414,11.1,54,9,2048,2048,2048,0.19, 0.13, 0.49, 0.19,up,2, 0, 32, 2, 2, 256, 128, 2048, 0, 2, 64, 1024, 0, 2, 4, 16
416,12.44,42,11,2048,2048,2048,0, 0.04, 0.94, 0.02,up,4, 256, 32, 2, 0, 4, 128, 2048, 0, 0, 64, 1024, 0, 2, 4, 16
412,12.09,41,9,2048,2048,2048,0, 0.89, 0.05, 0.06,left,4, 256, 32, 2, 0, 4, 128, 2048, 0, 2, 64, 1024, 0, 2, 4, 16
413,12.37,56,10,2048,2048,2048,0.01, 0, 0.05, 0.94,down,4, 256, 32, 2, 4, 128, 2048, 0, 2, 64, 1024, 2, 2, 4, 16, 0
412,12.36,44,8,2048,2048,2048,0.19, 0.7, 0.01, 0.1,left,0, 256, 32, 0, 0, 128, 2048, 2, 8, 64, 1024, 0, 4, 4, 16, 4
412,11.53,26,7,2048,2048,2048,0.15, 0, 0.05, 0.81,down,256, 32, 2, 0, 128, 2048, 2, 0, 8, 64, 1024, 0, 8, 16, 4, 0
415,11.38,41,7,2048,2048,2048,0.17, 0.31, 0.52, 0,up,0, 32, 2, 0, 256, 2048, 4, 0, 128, 64, 1024, 0, 16, 16, 4, 0
415,7.75,73,8,2048,2048,2048,1, 0, 0, 0,right,256, 32, 2, 0, 128, 2048, 4, 0, 16, 64, 1024, 0, 2, 16, 4, 0
426,7.97,26,9,2048,2048,2048,0, 0.85, 0, 0.15,left,2, 256, 32, 2, 0, 128, 2048, 4, 0, 16, 64, 1024, 0, 2, 16, 4
426,8.44,54,12,2048,2048,2048,0.08, 0, 0.85, 0.07,up,2, 256, 32, 2, 128, 2048, 4, 0, 16, 64, 1024, 0, 2, 16, 4, 2
424,6.47,46,10,2019.09,2048,2048,0.06, 0, 0.89, 0.05,up,2, 256, 32, 4, 128, 2048, 4, 0, 16, 64, 1024, 2, 2, 16, 4, 0
430,5.6,21,11,2019.49,2048,2048,0.05, 0, 0.89, 0.06,up,2, 256, 32, 4, 128, 2048, 4, 2, 16, 64, 1024, 0, 2, 16, 4, 2
433,6.56,22,9,2029.12,2048,2048,0.03, 0.51, 0.45, 0.01,left,2, 256, 32, 4, 128, 2048, 4, 4, 16, 64, 1024, 2, 2, 16, 4, 0
430,6.17,21,10,2033.74,2048,2048,0.06, 0, 0.06, 0.88,down,2, 256, 32, 4, 128, 2048, 8, 2, 16, 64, 1024, 2, 2, 16, 4, 0
431,5.78,31,9,2024.3,2048,2048,0.01, 0.9, 0.08, 0.01,left,2, 256, 32, 0, 128, 2048, 8, 2, 16, 64, 1024, 4, 2, 16, 4, 4
432,5.99,26,11,2019.56,2048,2048,0, 0, 1, 0,up,2, 256, 32, 0, 128, 2048, 8, 2, 16, 64, 1024, 4, 2, 16, 8, 2
432,5,45,11,1995.73,2048,2048,0, 0, 0.05, 0.95,down,2, 256, 32, 2, 128, 2048, 8, 4, 16, 64, 1024, 2, 2, 16, 8, 2
435,6.11,55,8,2033.84,2048,2048,0, 0, 0.06, 0.94,down,2, 256, 32, 2, 128, 2048, 8, 2, 16, 64, 1024, 4, 2, 16, 8, 4
431,5.77,20,8,2043.26,2048,2048,0.08, 0.79, 0, 0.12,left,2, 256, 32, 2, 128, 2048, 8, 0, 16, 64, 1024, 4, 2, 16, 8, 8
432,6.06,21,7,2043.27,2048,2048,0.41, 0.08, 0.15, 0.37,right,2, 256, 32, 2, 128, 2048, 8, 2, 16, 64, 1024, 4, 2, 16, 16, 0
431,5.42,21,8,2048,2048,2048,0.11, 0.14, 0.59, 0.15,up,2, 256, 32, 2, 128, 2048, 8, 2, 16, 64, 1024, 4, 2, 0, 2, 32
433,5.48,19,8,2048,2048,2048,0.51, 0.08, 0.24, 0.17,right,2, 256, 32, 4, 128, 2048, 8, 4, 16, 64, 1024, 32, 2, 2, 2, 0
433,4.6,15,7,2043.28,2048,2048,0.38, 0.28, 0.25, 0.09,right,2, 256, 32, 4, 128, 2048, 8, 4, 16, 64, 1024, 32, 2, 0, 2, 4
436,4.68,21,9,1996.45,2048,2048,0.47, 0.05, 0.38, 0.11,right,2, 256, 32, 4, 128, 2048, 8, 4, 16, 64, 1024, 32, 0, 2, 4, 4
435,7.88,51,14,2038.61,2048,2048,0.26, 0.02, 0.63, 0.09,up,2, 256, 32, 4, 128, 2048, 8, 4, 16, 64, 1024, 32, 0, 2, 2, 8
426,13.7,64,15,2043.2,2048,2048,0.02, 0.96, 0, 0.02,left,2, 256, 32, 8, 128, 2048, 8, 32, 16, 64, 1024, 8, 0, 2, 2, 2
408,6.11,21,11,2042.99,2048,2048,0.02, 0.02, 0, 0.96,down,2, 256, 32, 8, 128, 2048, 8, 32, 16, 64, 1024, 8, 4, 2, 2, 0
431,18.16,63,18,2048,2048,2048,0.04, 0.96, 0, 0,left,2, 256, 32, 2, 128, 2048, 8, 8, 16, 64, 1024, 32, 4, 2, 2, 8
395,4.99,17,7,2048,2048,2048,0.65, 0.22, 0.08, 0.05,right,2, 256, 32, 2, 128, 2048, 16, 0, 16, 64, 1024, 32, 4, 4, 8, 2
435,4.45,13,7,2038.61,2048,2048,0.02, 0.51, 0.03, 0.45,left,2, 256, 32, 2, 2, 128, 2048, 16, 16, 64, 1024, 32, 0, 8, 8, 2
436,3.85,12,8,2024.57,2048,2048,0.01, 0.17, 0.3, 0.51,down,2, 256, 32, 2, 2, 128, 2048, 16, 16, 64, 1024, 32, 16, 2, 2, 0
438,13.66,61,13,2043.33,2048,2048,0.92, 0.02, 0.06, 0,right,0, 256, 32, 0, 2, 128, 2048, 2, 4, 64, 1024, 16, 32, 2, 2, 32
409,17.32,63,13,2033.01,2048,2048,0, 0.02, 0.98, 0,up,0, 0, 256, 32, 2, 128, 2048, 2, 4, 64, 1024, 16, 2, 32, 4, 32
398,15.74,67,15,2048,2048,2048,0.91, 0.02, 0.02, 0.05,right,2, 128, 256, 32, 4, 64, 2048, 2, 2, 32, 1024, 16, 2, 0, 4, 32
402,17.36,66,13,2032.75,2048,2048,0.02, 0.94, 0.01, 0.03,left,2, 128, 256, 32, 4, 64, 2048, 2, 2, 32, 1024, 16, 2, 2, 4, 32
397,20.72,70,13,2048,2048,2048,0, 1, 0, 0,left,2, 128, 256, 32, 4, 64, 2048, 2, 2, 32, 1024, 16, 4, 4, 32, 2
387,23.28,65,15,2048,2048,2048,0, 0.01, 0.97, 0.01,up,2, 128, 256, 32, 4, 64, 2048, 2, 2, 32, 1024, 16, 8, 32, 2, 2
380,24.09,60,14,2048,2048,2048,0.97, 0.01, 0.01, 0.01,right,2, 128, 256, 32, 4, 64, 2048, 2, 2, 64, 1024, 16, 8, 2, 2, 2
377,19.39,62,10,2048,2048,2048,0, 0, 0.75, 0.25,up,2, 128, 256, 32, 4, 64, 2048, 2, 2, 64, 1024, 16, 2, 8, 2, 4
391,20.28,61,11,2048,2048,2048,0.04, 0.02, 0.91, 0.03,up,2, 128, 256, 32, 4, 128, 2048, 2, 4, 8, 1024, 16, 0, 2, 2, 4
389,23.13,70,11,2048,2048,2048,0.89, 0.08, 0.01, 0.01,right,2, 256, 256, 32, 8, 8, 2048, 2, 0, 2, 1024, 16, 0, 2, 2, 4
380,21.92,56,11,2048,2048,2048,0.81, 0.04, 0.09, 0.05,right,0, 2, 512, 32, 0, 16, 2048, 2, 0, 2, 1024, 16, 0, 2, 4, 4
384,18.74,66,9,2048,2048,2048,0.79, 0.03, 0.11, 0.07,right,0, 2, 512, 32, 0, 16, 2048, 2, 2, 2, 1024, 16, 0, 0, 2, 8
393,19.85,62,8,2048,2048,2048,0.05, 0.95, 0, 0,left,0, 2, 512, 32, 0, 16, 2048, 2, 0, 4, 1024, 16, 0, 2, 2, 8
390,21.12,82,8,2048,2048,2048,0.02, 0, 0.1, 0.88,down,2, 512, 32, 2, 16, 2048, 2, 0, 4, 1024, 16, 0, 4, 8, 0, 0
386,20,65,7,2048,2048,2048,0.2, 0.42, 0.04, 0.34,left,0, 512, 0, 0, 2, 2048, 32, 0, 16, 1024, 2, 2, 8, 8, 16, 2
389,21.05,62,8,2048,2048,2048,0.6, 0.13, 0.11, 0.16,right,512, 0, 0, 0, 2, 2048, 32, 0, 16, 1024, 4, 2, 16, 16, 2, 0
386,21.82,61,8,2048,2048,2048,0.07, 0.1, 0.16, 0.67,down,2, 0, 0, 512, 0, 2, 2048, 32, 16, 1024, 4, 2, 0, 0, 32, 2
384,22.64,54,8,2048,2048,2048,0.25, 0.73, 0.03, 0,left,0, 0, 2, 0, 0, 0, 2048, 512, 2, 2, 4, 32, 16, 1024, 32, 4
382,21.89,61,7,2048,2048,2048,0.06, 0.35, 0.17, 0.42,down,2, 0, 0, 0, 2048, 512, 2, 0, 4, 4, 32, 0, 16, 1024, 32, 4
384,21.25,59,7,2048,2048,2048,0.56, 0.39, 0.05, 0,right,2, 0, 0, 0, 2048, 512, 0, 0, 4, 4, 2, 2, 16, 1024, 64, 4
386,22.05,63,8,2048,2048,2048,0, 0.1, 0.59, 0.31,up,0, 0, 0, 2, 0, 0, 2048, 512, 0, 2, 8, 4, 16, 1024, 64, 4
383,20.83,60,7,2048,2048,2048,0.16, 0.58, 0.17, 0.09,left,16, 2, 2048, 2, 0, 1024, 8, 512, 0, 0, 64, 8, 0, 2, 0, 0
387,19.6,57,6,2048,2048,2048,0.22, 0, 0.39, 0.38,up,16, 2, 2048, 2, 1024, 8, 512, 0, 64, 8, 2, 0, 2, 0, 0, 0
391,19.18,67,7,2048,2048,2048,0.08, 0.32, 0.34, 0.25,up,16, 2, 2048, 2, 1024, 16, 512, 0, 64, 0, 2, 0, 2, 0, 0, 2
392,20.45,58,9,2048,2048,2048,0.12, 0.11, 0.06, 0.71,down,16, 2, 2048, 4, 1024, 16, 512, 0, 64, 0, 2, 2, 2, 0, 0, 0
388,17.62,65,7,2048,2048,2048,0.44, 0.21, 0.26, 0.09,right,16, 2, 0, 0, 1024, 0, 2048, 0, 64, 2, 512, 4, 2, 16, 2, 2
397,15.9,53,9,2048,2048,2048,0.24, 0.01, 0.14, 0.61,down,0, 0, 16, 2, 2, 0, 1024, 2048, 64, 2, 512, 4, 0, 2, 16, 4
402,14.37,71,7,2048,2048,2048,0.23, 0.12, 0.45, 0.21,up,2, 0, 16, 0, 0, 0, 1024, 2, 2, 0, 512, 2048, 64, 4, 16, 8
406,16.4,50,13,2048,2048,2048,0.16, 0.61, 0, 0.23,left,4, 4, 16, 2, 64, 2, 1024, 2048, 0, 0, 512, 8, 0, 0, 16, 0
400,16.79,51,9,2048,2048,2048,0.02, 0.04, 0, 0.94,down,8, 16, 2, 2, 64, 2, 1024, 2048, 512, 8, 0, 0, 16, 0, 0, 0
399,16.41,52,9,2048,2048,2048,0.02, 0.11, 0.02, 0.85,down,8, 0, 0, 0, 64, 16, 0, 2, 512, 2, 2, 2, 16, 8, 1024, 2048
400,16.76,57,8,2048,2048,2048,0.35, 0.63, 0.02, 0,left,8, 0, 0, 0, 64, 16, 0, 2, 512, 2, 2, 4, 16, 8, 1024, 2048
399,17.66,65,9,2048,2048,2048,0.02, 0.82, 0.09, 0.06,left,8, 0, 0, 2, 64, 16, 2, 0, 512, 4, 4, 0, 16, 8, 1024, 2048
397,18.95,58,9,2048,2048,2048,0.01, 0.04, 0.05, 0.89,down,8, 2, 0, 0, 64, 16, 2, 2, 512, 8, 0, 0, 16, 8, 1024, 2048
393,29.88,79,12,2048,2048,2048,0.95, 0.03, 0.01, 0.01,right,8, 0, 0, 0, 64, 2, 2, 0, 512, 16, 2, 2, 16, 16, 1024, 2048
360,30.87,66,9,2048,2048,2048,0, 0.01, 0.94, 0.05,up,0, 0, 0, 8, 0, 0, 64, 4, 2, 512, 16, 4, 0, 32, 1024, 2048
357,31.68,74,8,2048,2048,2048,0, 0.03, 0.06, 0.91,down,2, 512, 64, 8, 2, 32, 16, 8, 0, 0, 1024, 2048, 0, 0, 0, 0
354,30.64,69,7,2048,2048,2048,0.09, 0.86, 0.02, 0.03,left,0, 0, 0, 0, 2, 0, 64, 0, 0, 512, 16, 16, 4, 32, 1024, 2048
358,31.56,66,6,2048,2048,2048,0.03, 0.23, 0.25, 0.5,down,0, 0, 0, 0, 2, 64, 0, 0, 512, 32, 0, 2, 4, 32, 1024, 2048
355,31.99,71,6,2048,2048,2048,0.04, 0.24, 0.23, 0.49,down,0, 0, 2, 0, 2, 0, 0, 0, 512, 64, 0, 2, 4, 64, 1024, 2048
354,31.01,62,6,2048,2048,2048,0.42, 0.33, 0.11, 0.15,right,0, 0, 2, 0, 2, 0, 0, 0, 512, 0, 2, 2, 4, 128, 1024, 2048
356,29.8,61,6,2048,2048,2048,0.15, 0.25, 0.26, 0.34,down,0, 0, 2, 2, 0, 0, 0, 2, 0, 0, 512, 4, 4, 128, 1024, 2048
360,28.47,67,7,2048,2048,2048,0.16, 0.12, 0.61, 0.11,up,0, 0, 0, 0, 0, 2, 2, 4, 0, 0, 512, 4, 4, 128, 1024, 2048
364,28.16,69,6,2048,2048,2048,0.37, 0.46, 0.09, 0.08,left,4, 2, 2, 8, 0, 128, 512, 2048, 0, 0, 1024, 0, 0, 0, 0, 2
365,26.92,61,7,2048,2048,2048,0.37, 0.35, 0.23, 0.05,right,4, 4, 8, 0, 128, 512, 2048, 0, 1024, 0, 0, 0, 2, 2, 0, 0
369,26.59,62,7,2048,2048,2048,0.46, 0.19, 0.24, 0.11,right,0, 0, 8, 8, 0, 128, 512, 2048, 0, 2, 0, 1024, 0, 0, 0, 4
370,26.9,59,6,2048,2048,2048,0.18, 0.5, 0.1, 0.22,left,0, 0, 0, 16, 0, 128, 512, 2048, 0, 2, 2, 1024, 0, 0, 0, 4
369,25.01,67,6,2048,2048,2048,0.16, 0.13, 0.32, 0.38,down,16, 0, 0, 0, 128, 512, 2048, 0, 4, 1024, 0, 0, 4, 0, 0, 2
374,24.03,70,7,2048,2048,2048,0.49, 0, 0.51, 0,up,2, 0, 0, 0, 16, 0, 0, 0, 128, 512, 0, 0, 8, 1024, 2048, 2
377,22.87,59,8,2048,2048,2048,0.11, 0.27, 0.34, 0.28,up,2, 512, 2048, 2, 16, 1024, 0, 0, 128, 0, 2, 0, 8, 0, 0, 0
381,21.99,54,7,2048,2048,2048,0.12, 0, 0.39, 0.5,down,2, 512, 2048, 2, 16, 1024, 2, 0, 128, 0, 0, 0, 8, 2, 0, 0
384,21.61,55,7,2048,2048,2048,0.07, 0.12, 0.09, 0.73,down,2, 0, 0, 0, 16, 512, 0, 0, 128, 1024, 2048, 2, 8, 2, 2, 2
385,21.65,59,7,2048,2048,2048,0.65, 0.25, 0.02, 0.08,right,2, 0, 0, 2, 16, 512, 0, 0, 128, 1024, 2048, 0, 8, 2, 2, 4
385,20.77,55,7,2048,2048,2048,0.41, 0.32, 0.06, 0.21,right,0, 0, 0, 4, 0, 0, 16, 512, 2, 128, 1024, 2048, 0, 8, 4, 4
387,20.73,55,6,2048,2048,2048,0.39, 0.18, 0.16, 0.27,right,0, 2, 0, 4, 0, 0, 16, 512, 2, 128, 1024, 2048, 0, 0, 8, 8
387,19.77,48,8,2048,2048,2048,0, 0.58, 0.38, 0.04,left,0, 0, 2, 4, 0, 0, 16, 512, 2, 128, 1024, 2048, 0, 0, 2, 16
390,20.6,51,8,2048,2048,2048,0.03, 0.05, 0.04, 0.89,down,2, 4, 0, 0, 16, 512, 0, 2, 2, 128, 1024, 2048, 2, 16, 0, 0
388,20.44,49,7,2048,2048,2048,0.25, 0.22, 0.09, 0.44,down,2, 4, 0, 0, 2, 512, 0, 0, 16, 128, 0, 2, 4, 16, 1024, 2048
388,20.45,52,9,2048,2048,2048,0.79, 0.12, 0.04, 0.05,right,0, 4, 0, 2, 4, 512, 0, 0, 16, 128, 0, 2, 4, 16, 1024, 2048
388,19.97,48,8,2048,2048,2048,0.34, 0.03, 0.07, 0.56,down,0, 0, 4, 2, 2, 0, 4, 512, 0, 16, 128, 2, 4, 16, 1024, 2048
390,19.52,50,7,2048,2048,2048,0.56, 0.13, 0.14, 0.17,right,2, 0, 0, 2, 0, 0, 8, 512, 2, 0, 128, 2, 4, 32, 1024, 2048
391,18.88,46,7,2048,2048,2048,0, 0.19, 0.74, 0.07,up,0, 0, 0, 4, 0, 2, 8, 512, 0, 2, 128, 2, 4, 32, 1024, 2048
393,18.31,51,7,2048,2048,2048,0.25, 0.47, 0.17, 0.1,left,4, 4, 8, 4, 0, 32, 128, 512, 0, 0, 1024, 2, 2, 0, 0, 2048
395,17.83,47,6,2048,2048,2048,0.14, 0.24, 0.55, 0.08,up,8, 8, 4, 0, 32, 128, 512, 0, 1024, 2, 0, 2, 2, 2048, 0, 0
396,16.85,40,7,2048,2048,2048,0.1, 0.21, 0.45, 0.25,up,8, 8, 4, 2, 32, 128, 512, 0, 1024, 2, 0, 0, 2, 2048, 0, 2
399,18.02,57,9,2048,2048,2048,0.21, 0.18, 0.55, 0.05,up,8, 8, 4, 4, 32, 128, 512, 0, 1024, 2, 0, 2, 2, 2048, 0, 0
395,21.93,77,11,2048,2048,2048,0.06, 0.92, 0, 0.02,left,8, 8, 4, 4, 32, 128, 512, 2, 1024, 2, 0, 0, 2, 2048, 2, 0
384,20.74,46,11,2048,2048,2048,0.95, 0, 0.02, 0.03,right,16, 8, 2, 0, 32, 128, 512, 2, 1024, 2, 0, 0, 2, 2048, 2, 0
387,22.3,50,9,2048,2048,2048,0, 0.02, 0.96, 0.02,up,0, 16, 8, 2, 32, 128, 512, 2, 0, 2, 1024, 2, 0, 2, 2048, 2
383,22.49,46,9,2048,2048,2048,0.03, 0.01, 0.95, 0.01,up,32, 16, 8, 4, 0, 128, 512, 4, 0, 4, 1024, 0, 0, 2, 2048, 0
382,23.65,69,8,2048,2048,2048,0.66, 0.3, 0.03, 0.01,right,32, 16, 8, 8, 0, 128, 512, 0, 2, 4, 1024, 0, 0, 2, 2048, 0
379,23.59,46,7,2048,2048,2048,0.8, 0.09, 0.07, 0.04,right,0, 32, 16, 16, 0, 2, 128, 512, 0, 2, 4, 1024, 0, 0, 2, 2048
379,22.48,57,6,2048,2048,2048,0.17, 0.22, 0.27, 0.34,down,2, 0, 32, 32, 0, 2, 128, 512, 0, 2, 4, 1024, 0, 0, 2, 2048
382,21.97,59,7,2048,2048,2048,0.43, 0.07, 0.31, 0.19,right,0, 0, 32, 32, 2, 0, 128, 512, 0, 0, 4, 1024, 2, 4, 2, 2048
384,22.41,58,7,2048,2048,2048,0.05, 0.07, 0.4, 0.49,down,2, 0, 0, 64, 0, 2, 128, 512, 0, 0, 4, 1024, 2, 4, 2, 2048
382,20.19,55,7,2048,2048,2048,0.61, 0.09, 0.3, 0,right,0, 0, 2, 64, 0, 0, 128, 512, 0, 2, 4, 1024, 4, 4, 2, 2048
389,19.51,52,8,2048,2048,2048,0, 0.1, 0.42, 0.48,down,0, 0, 2, 64, 0, 2, 128, 512, 0, 2, 4, 1024, 0, 8, 2, 2048
391,19.6,58,7,2048,2048,2048,0.16, 0.1, 0.33, 0.41,down,0, 0, 2, 64, 0, 0, 128, 512, 2, 4, 4, 1024, 0, 8, 2, 2048
391,19.2,57,10,2048,2048,2048,0.16, 0.08, 0.68, 0.08,up,0, 2, 2, 64, 0, 0, 128, 512, 0, 4, 4, 1024, 2, 8, 2, 2048
392,18.75,54,8,2048,2048,2048,0.05, 0.09, 0.82, 0.05,up,2, 2, 2, 64, 2, 4, 128, 512, 0, 8, 4, 1024, 0, 0, 2, 2048
393,18.11,56,7,2048,2048,2048,0.7, 0.1, 0.17, 0.03,right,4, 2, 2, 64, 0, 4, 128, 512, 0, 8, 4, 1024, 2, 0, 2, 2048
395,17.67,45,6,2048,2048,2048,0.25, 0.06, 0.4, 0.28,up,0, 4, 4, 64, 0, 4, 128, 512, 0, 8, 4, 1024, 0, 2, 4, 2048
397,16.19,52,7,2048,2048,2048,0, 0.22, 0.3, 0.48,down,0, 8, 4, 64, 0, 8, 128, 512, 0, 2, 8, 1024, 0, 0, 2, 2048
401,16,64,9,2048,2048,2048,0.14, 0.1, 0.19, 0.57,down,0, 2, 4, 64, 0, 0, 128, 512, 0, 16, 8, 1024, 0, 2, 2, 2048
402,15.05,34,9,2048,2048,2048,0.1, 0.65, 0.15, 0.1,left,0, 0, 4, 64, 2, 2, 128, 512, 0, 16, 8, 1024, 0, 2, 2, 2048
404,15.3,45,9,2048,2048,2048,0.8, 0, 0.12, 0.08,right,4, 64, 0, 0, 4, 128, 512, 0, 16, 8, 1024, 2, 4, 2048, 0, 0
404,14.92,50,10,2048,2048,2048,0.08, 0.05, 0.84, 0.03,up,0, 0, 4, 64, 0, 4, 128, 512, 16, 8, 1024, 2, 2, 0, 4, 2048
405,15.56,36,9,2048,2048,2048,0.03, 0.96, 0, 0.01,left,16, 4, 4, 64, 2, 8, 128, 512, 0, 2, 1024, 2, 0, 0, 4, 2048
403,15.07,35,7,2048,2048,2048,0.02, 0, 0.67, 0.31,up,16, 8, 64, 0, 2, 8, 128, 512, 2, 1024, 2, 0, 4, 2048, 2, 0
404,15.16,40,8,2048,2048,2048,0.09, 0.19, 0.59, 0.12,up,16, 16, 64, 512, 4, 1024, 128, 0, 4, 2048, 4, 0, 2, 0, 0, 0
404,14.81,43,8,2048,2048,2048,0.43, 0.09, 0, 0.48,down,16, 16, 64, 512, 8, 1024, 128, 0, 2, 2048, 4, 0, 0, 2, 0, 0
405,14.21,41,8,2048,2048,2048,0.62, 0.33, 0.05, 0,right,2, 16, 0, 0, 16, 1024, 64, 0, 8, 2048, 128, 0, 2, 2, 4, 512
407,12.91,58,7,2048,2048,2048,0.17, 0.76, 0.03, 0.04,left,2, 0, 2, 16, 0, 16, 1024, 64, 0, 8, 2048, 128, 0, 4, 4, 512
411,12.61,44,7,2048,2048,2048,0.05, 0, 0.54, 0.41,up,4, 16, 0, 0, 16, 1024, 64, 2, 8, 2048, 128, 0, 8, 512, 0, 0
412,12.42,38,6,2048,2048,2048,0.35, 0, 0.34, 0.31,right,4, 16, 64, 2, 16, 1024, 128, 0, 16, 2048, 0, 0, 2, 512, 0, 0
412,11.77,38,7,2048,2048,2048,0, 0.09, 0.45, 0.46,down,4, 16, 64, 2, 0, 16, 1024, 128, 0, 2, 16, 2048, 0, 0, 2, 512
414,12.35,49,7,2048,2048,2048,0.32, 0.37, 0.07, 0.24,left,0, 2, 64, 2, 0, 0, 1024, 128, 0, 32, 16, 2048, 4, 2, 2, 512
412,10.45,38,6,2048,2048,2048,0.13, 0.36, 0.31, 0.2,left,2, 64, 2, 0, 1024, 128, 0, 0, 32, 16, 2048, 0, 4, 4, 512, 2
418,9.26,28,6,2048,2048,2048,0.15, 0.4, 0.25, 0.2,left,2, 64, 2, 0, 1024, 128, 0, 2, 32, 16, 2048, 0, 8, 512, 2, 0
422,8.54,41,7,2048,2048,2048,0.14, 0.26, 0.16, 0.44,down,2, 64, 2, 2, 1024, 128, 2, 0, 32, 16, 2048, 0, 8, 512, 2, 0
424,9.05,36,9,2048,2048,2048,0.03, 0.11, 0.75, 0.11,up,2, 64, 0, 0, 1024, 128, 4, 0, 32, 16, 2048, 2, 8, 512, 2, 2
422,8.53,36,7,2043.16,2048,2048,0.28, 0.26, 0.41, 0.05,up,2, 64, 4, 4, 1024, 128, 2048, 0, 32, 16, 2, 0, 8, 512, 0, 2
424,10.08,33,12,2043.18,2048,2048,0.06, 0.11, 0.78, 0.04,up,2, 64, 4, 4, 1024, 128, 2048, 2, 32, 16, 2, 0, 8, 512, 2, 0
419,8.41,31,10,2018.74,2048,2048,0.23, 0.32, 0, 0.45,down,2, 64, 4, 4, 1024, 128, 2048, 2, 32, 16, 4, 0, 8, 512, 2, 0
424,11.7,43,11,2043.18,2048,2048,0.01, 0.99, 0, 0,left,2, 64, 4, 0, 1024, 128, 2048, 2, 32, 16, 4, 4, 8, 512, 2, 2
414,12.25,38,9,2043.07,2048,2048,0.01, 0, 0.01, 0.99,down,2, 64, 4, 2, 1024, 128, 2048, 2, 32, 16, 8, 0, 8, 512, 4, 0
413,13.36,60,9,2043.05,2048,2048,0.24, 0.74, 0.01, 0.02,left,2, 64, 4, 2, 1024, 128, 2048, 0, 32, 16, 8, 0, 8, 512, 4, 4
409,11.9,33,7,2048,2048,2048,0, 0, 0.97, 0.02,up,2, 64, 4, 2, 1024, 128, 2048, 0, 32, 16, 8, 2, 8, 512, 8, 0
414,16.62,51,11,2048,2048,2048,0.16, 0.8, 0.02, 0.01,left,2, 64, 4, 4, 1024, 128, 2048, 0, 32, 16, 16, 0, 8, 512, 0, 2
400,11.93,37,6,2048,2048,2048,0.32, 0.29, 0.2, 0.18,right,2, 64, 8, 0, 1024, 128, 2048, 0, 32, 32, 2, 0, 8, 512, 2, 0
414,11.71,54,9,2048,2048,2048,0, 0.04, 0.35, 0.61,down,0, 2, 64, 8, 0, 1024, 128, 2048, 0, 0, 64, 2, 2, 8, 512, 2
414,10.37,54,9,2048,2048,2048,0.16, 0.47, 0.17, 0.2,left,0, 0, 64, 0, 0, 2, 128, 8, 2, 1024, 64, 2048, 2, 8, 512, 4
418,17.29,41,13,2048,2048,2048,0.03, 0, 0.02, 0.94,down,64, 2, 0, 0, 2, 128, 8, 0, 2, 1024, 64, 2048, 2, 8, 512, 4
398,19.24,47,12,2048,2048,2048,0.98, 0.01, 0, 0,right,0, 2, 0, 2, 64, 128, 8, 0, 2, 1024, 64, 2048, 4, 8, 512, 4
392,9.07,38,12,2042.79,2048,2048,0, 0.06, 0.94, 0,up,0, 0, 2, 4, 0, 64, 128, 8, 2, 1024, 64, 2048, 4, 8, 512, 4
422,7.85,29,10,2038.32,2048,2048,0, 0.02, 0, 0.98,down,2, 64, 2, 4, 4, 1024, 128, 8, 2, 8, 64, 2048, 0, 0, 512, 4
426,12.16,50,10,2048,2048,2048,0.96, 0.02, 0.02, 0,right,0, 2, 2, 4, 2, 64, 128, 8, 4, 1024, 64, 2048, 2, 8, 512, 4
413,14.29,45,13,2048,2048,2048,0.93, 0.01, 0.07, 0,right,0, 2, 4, 4, 2, 64, 128, 8, 4, 1024, 64, 2048, 2, 8, 512, 4
407,11.91,55,13,2037.96,2048,2048,0.16, 0.01, 0.05, 0.78,down,2, 0, 2, 8, 2, 64, 128, 8, 4, 1024, 64, 2048, 2, 8, 512, 4
414,14.26,41,14,2048,2048,2048,0.04, 0.88, 0.04, 0.04,left,0, 0, 2, 2, 4, 64, 128, 16, 4, 1024, 64, 2048, 2, 8, 512, 4
407,16.53,52,11,2048,2048,2048,0, 0, 0.99, 0.01,up,4, 2, 0, 0, 4, 64, 128, 16, 4, 1024, 64, 2048, 2, 8, 512, 4
400,15.67,50,8,2048,2048,2048,0.04, 0.85, 0.09, 0.02,left,8, 2, 128, 16, 4, 64, 64, 2048, 2, 1024, 512, 4, 2, 8, 0, 0
402,16.41,55,11,2048,2048,2048,0.9, 0, 0.03, 0.07,right,8, 2, 128, 16, 4, 128, 2048, 0, 2, 1024, 512, 4, 2, 8, 2, 0
400,16.09,48,11,2048,2048,2048,0.6, 0, 0.38, 0.01,right,8, 2, 128, 16, 0, 4, 128, 2048, 2, 1024, 512, 4, 2, 2, 8, 2
401,16.89,50,9,2048,2048,2048,0, 0.01, 0.04, 0.95,down,8, 2, 128, 16, 2, 4, 128, 2048, 2, 1024, 512, 4, 0, 4, 8, 2
399,17.31,47,9,2048,2048,2048,0.02, 0.97, 0.01, 0,left,0, 2, 2, 16, 0, 4, 256, 2048, 8, 1024, 512, 4, 4, 4, 8, 2
398,16.7,45,7,2048,2048,2048,0.02, 0.83, 0.11, 0.04,left,4, 16, 0, 2, 4, 256, 2048, 0, 8, 1024, 512, 4, 8, 8, 2, 0
399,17.03,46,7,2048,2048,2048,0.23, 0.03, 0.69, 0.05,up,4, 16, 2, 0, 4, 256, 2048, 0, 8, 1024, 512, 4, 16, 2, 0, 2
398,15.79,39,8,2048,2048,2048,0.09, 0.06, 0.75, 0.1,up,8, 16, 2, 4, 8, 256, 2048, 2, 16, 1024, 512, 0, 0, 2, 2, 0
402,15.99,49,9,2048,2048,2048,0.14, 0.09, 0.12, 0.66,down,16, 16, 2, 4, 16, 256, 2048, 2, 2, 1024, 512, 0, 0, 2, 2, 0
402,16.17,43,7,2048,2048,2048,0.36, 0.52, 0.12, 0,left,0, 16, 2, 0, 0, 256, 2048, 2, 32, 1024, 512, 4, 2, 2, 2, 2
401,14.85,39,6,2048,2048,2048,0.1, 0.45, 0.08, 0.36,left,16, 2, 0, 2, 256, 2048, 2, 0, 32, 1024, 512, 4, 4, 4, 0, 0
405,15.45,37,8,2048,2048,2048,0.58, 0, 0.33, 0.09,right,16, 4, 2, 0, 256, 2048, 2, 0, 32, 1024, 512, 4, 8, 0, 0, 0
403,18.41,46,11,2048,2048,2048,0, 0.01, 0.06, 0.93,down,2, 16, 4, 2, 0, 256, 2048, 2, 32, 1024, 512, 4, 0, 0, 0, 8
394,14.39,36,7,2048,2048,2048,0.09, 0.04, 0.14, 0.73,down,0, 0, 2, 0, 0, 16, 4, 4, 2, 256, 2048, 4, 32, 1024, 512, 8
406,18.06,54,10,2048,2048,2048,0.12, 0.04, 0.04, 0.81,down,2, 0, 2, 0, 0, 16, 4, 0, 2, 256, 2048, 8, 32, 1024, 512, 8
395,12.91,55,7,2048,2048,2048,0.45, 0.09, 0.05, 0.41,right,2, 0, 2, 0, 0, 16, 4, 0, 4, 256, 2048, 0, 32, 1024, 512, 16
411,13.48,40,8,2048,2048,2048,0.21, 0.16, 0.17, 0.46,down,0, 2, 0, 4, 0, 0, 16, 4, 0, 4, 256, 2048, 32, 1024, 512, 16
409,14.81,37,9,2048,2048,2048,0.06, 0.08, 0.87, 0,up,0, 0, 2, 0, 0, 2, 16, 8, 0, 4, 256, 2048, 32, 1024, 512, 16
405,15.58,45,10,2048,2048,2048,0.04, 0.58, 0.36, 0.02,left,32, 2, 2, 8, 0, 4, 16, 2048, 2, 1024, 256, 16, 0, 0, 512, 0
403,16.81,46,14,2048,2048,2048,0.02, 0, 0.01, 0.96,down,32, 4, 8, 0, 4, 16, 2048, 2, 2, 1024, 256, 16, 512, 0, 0, 0
399,16.84,41,11,2048,2048,2048,0.09, 0.9, 0.02, 0,left,32, 0, 2, 0, 4, 4, 8, 0, 2, 16, 2048, 2, 512, 1024, 256, 16
399,14.95,43,9,2048,2048,2048,0.04, 0.68, 0.08, 0.2,left,32, 2, 2, 0, 8, 8, 0, 0, 2, 16, 2048, 2, 512, 1024, 256, 16
405,15.32,42,8,2048,2048,2048,0.98, 0, 0.02, 0,right,32, 4, 0, 0, 16, 2, 0, 0, 2, 16, 2048, 2, 512, 1024, 256, 16
404,15.3,52,7,2048,2048,2048,0.08, 0.38, 0.48, 0.07,up,0, 0, 32, 4, 2, 0, 16, 2, 2, 16, 2048, 2, 512, 1024, 256, 16
404,14.5,40,7,2048,2048,2048,0.11, 0.03, 0.37, 0.49,down,4, 16, 32, 4, 512, 1024, 16, 4, 0, 0, 2048, 16, 0, 2, 256, 0
406,13.65,38,7,2048,2048,2048,0.83, 0.04, 0.13, 0,right,0, 2, 32, 0, 0, 16, 16, 0, 4, 1024, 2048, 8, 512, 2, 256, 16
409,16.12,35,10,2048,2048,2048,0.06, 0.77, 0.06, 0.11,left,2, 0, 2, 32, 0, 0, 0, 32, 4, 1024, 2048, 8, 512, 2, 256, 16
401,16.52,37,9,2048,2048,2048,0.01, 0.01, 0.01, 0.98,down,4, 32, 0, 0, 32, 0, 2, 0, 4, 1024, 2048, 8, 512, 2, 256, 16
400,14.99,55,9,2048,2048,2048,0.05, 0.03, 0.92, 0,up,4, 2, 0, 0, 32, 32, 2, 0, 4, 1024, 2048, 8, 512, 2, 256, 16
405,15.42,39,7,2048,2048,2048,0.61, 0.34, 0.04, 0.01,right,4, 2, 2, 8, 32, 32, 2048, 16, 4, 1024, 256, 0, 512, 2, 0, 2
403,14.51,33,8,2048,2048,2048,0.66, 0.31, 0, 0.03,right,2, 4, 4, 8, 0, 64, 2048, 16, 0, 4, 1024, 256, 0, 0, 512, 4
406,14.02,32,7,2048,2048,2048,0.9, 0.1, 0, 0,right,0, 2, 8, 8, 0, 64, 2048, 16, 0, 4, 1024, 256, 0, 2, 512, 4
407,14.92,42,6,2048,2048,2048,0.16, 0.03, 0.29, 0.51,down,2, 0, 2, 16, 0, 64, 2048, 16, 0, 4, 1024, 256, 0, 2, 512, 4
405,13.53,34,7,2048,2048,2048,0.3, 0.23, 0.27, 0.2,right,0, 0, 2, 0, 0, 64, 2048, 32, 2, 4, 1024, 256, 2, 2, 512, 4
409,13.18,33,7,2048,2048,2048,0.19, 0.1, 0.47, 0.24,up,2, 0, 0, 2, 0, 64, 2048, 32, 2, 4, 1024, 256, 0, 4, 512, 4
410,13.4,39,7,2048,2048,2048,0.24, 0.07, 0.58, 0.11,up,4, 64, 2048, 2, 0, 8, 1024, 32, 0, 0, 512, 256, 2, 0, 0, 4
409,12.99,40,7,2048,2048,2048,0.53, 0.03, 0.25, 0.19,right,4, 64, 2048, 2, 2, 8, 1024, 32, 0, 0, 512, 256, 0, 2, 0, 4
411,12.42,42,7,2048,2048,2048,0.76, 0.14, 0.04, 0.06,right,4, 64, 2048, 2, 2, 8, 1024, 32, 0, 0, 512, 256, 0, 2, 2, 4
412,11.17,47,8,2048,2048,2048,0.13, 0.02, 0.15, 0.7,down,4, 64, 2048, 2, 2, 8, 1024, 32, 0, 0, 512, 256, 0, 2, 4, 4
416,11.33,35,8,2048,2048,2048,0.33, 0.58, 0.09, 0,left,0, 0, 2048, 2, 2, 64, 1024, 32, 4, 8, 512, 256, 2, 2, 4, 4
416,10.07,40,9,2048,2048,2048,0.02, 0, 0.41, 0.57,down,2048, 2, 0, 0, 2, 64, 1024, 32, 4, 8, 512, 256, 4, 8, 2, 0
419,12.01,38,12,2048,2048,2048,0.09, 0.09, 0.82, 0,up,0, 0, 2, 0, 2048, 2, 1024, 0, 2, 64, 512, 32, 8, 16, 2, 256
413,10.6,44,9,2048,2048,2048,0.32, 0.59, 0, 0.09,left,2048, 2, 2, 32, 2, 64, 1024, 256, 8, 16, 512, 0, 2, 0, 2, 0
418,8.79,35,11,2038.22,2048,2048,0.21, 0, 0, 0.79,down,2048, 4, 32, 2, 2, 64, 1024, 256, 8, 16, 512, 0, 4, 0, 0, 0
423,8.04,36,12,2023.85,2048,2048,0.33, 0.11, 0.04, 0.52,down,2048, 0, 0, 2, 2, 4, 32, 0, 8, 64, 1024, 2, 4, 16, 512, 256
425,6.34,32,11,2038.38,2048,2048,0.99, 0, 0.01, 0,right,2048, 0, 0, 0, 2, 4, 32, 2, 8, 64, 1024, 4, 4, 16, 512, 256
430,6.05,32,10,2033.74,2048,2048,0, 0.99, 0.01, 0,left,0, 0, 2, 2048, 2, 4, 32, 2, 8, 64, 1024, 4, 4, 16, 512, 256
431,6.6,38,11,2014.81,2048,2048,0.13, 0, 0.52, 0.36,up,2, 2048, 2, 0, 2, 4, 32, 2, 8, 64, 1024, 4, 4, 16, 512, 256
430,8.61,40,16,2043.25,2048,2048,0.9, 0.03, 0, 0.07,right,4, 2048, 2, 2, 8, 4, 32, 4, 4, 64, 1024, 256, 0, 16, 512, 2
424,12.55,39,13,2043.18,2048,2048,0, 0, 0.96, 0.04,up,0, 4, 2048, 4, 8, 4, 32, 4, 4, 64, 1024, 256, 2, 16, 512, 2
412,8.34,44,10,2048,2048,2048,0.05, 0.44, 0.28, 0.23,left,8, 8, 2048, 8, 4, 64, 32, 256, 2, 16, 1024, 2, 2, 0, 512, 0
424,15.48,39,11,2048,2048,2048,0.01, 0.01, 0.03, 0.96,down,16, 2048, 8, 0, 4, 64, 32, 256, 2, 16, 1024, 2, 2, 512, 0, 2
403,15.34,59,9,2048,2048,2048,0.16, 0.02, 0.01, 0.81,down,0, 2048, 2, 0, 16, 64, 8, 0, 4, 16, 32, 256, 4, 512, 1024, 4
403,15.87,44,9,2048,2048,2048,0.19, 0.73, 0.01, 0.08,left,0, 2048, 2, 2, 0, 64, 8, 0, 16, 16, 32, 256, 8, 512, 1024, 4
402,16.2,49,9,2048,2048,2048,0.03, 0.93, 0.04, 0,left,2048, 4, 0, 0, 64, 8, 2, 0, 32, 32, 256, 0, 8, 512, 1024, 4
401,17.44,41,9,2048,2048,2048,0.02, 0.05, 0.62, 0.31,up,2048, 4, 0, 2, 64, 8, 2, 0, 64, 256, 0, 0, 8, 512, 1024, 4
397,15.71,35,7,2048,2048,2048,0.3, 0.26, 0.36, 0.08,up,2048, 4, 2, 2, 128, 8, 1024, 4, 8, 256, 0, 0, 0, 512, 2, 0
402,15.94,44,7,2048,2048,2048,0.6, 0.36, 0, 0.04,right,2048, 4, 2, 2, 128, 8, 1024, 4, 8, 256, 2, 2, 0, 512, 0, 0
402,15.3,37,7,2048,2048,2048,0.45, 0.03, 0.09, 0.43,right,0, 2048, 4, 4, 128, 8, 1024, 4, 0, 8, 256, 4, 2, 0, 0, 512
404,14.5,34,8,2048,2048,2048,0, 0.03, 0.59, 0.38,up,0, 2, 2048, 8, 128, 8, 1024, 4, 0, 8, 256, 4, 0, 0, 2, 512
406,15.04,35,7,2048,2048,2048,0.21, 0.15, 0.26, 0.38,down,128, 2, 2048, 8, 0, 16, 1024, 8, 0, 2, 256, 512, 0, 0, 2, 0
404,12.55,30,7,2048,2048,2048,0.25, 0.35, 0.4, 0,up,0, 0, 2048, 0, 0, 2, 1024, 2, 0, 16, 256, 16, 128, 2, 2, 512
412,12.39,44,7,2048,2048,2048,0.41, 0.18, 0.19, 0.22,right,128, 2, 2048, 2, 0, 16, 1024, 16, 0, 2, 256, 512, 2, 0, 2, 0
412,11.52,33,7,2048,2048,2048,0.18, 0.47, 0.13, 0.22,left,128, 2, 2048, 2, 0, 16, 1024, 16, 0, 2, 256, 512, 2, 0, 0, 4
415,10.58,42,8,2048,2048,2048,0.15, 0, 0.26, 0.59,down,128, 2, 2048, 2, 16, 1024, 16, 2, 2, 256, 512, 0, 2, 4, 0, 0
418,9.14,30,8,2048,2048,2048,0.35, 0.61, 0.04, 0,left,0, 2, 0, 0, 128, 1024, 2048, 0, 16, 256, 16, 2, 4, 4, 512, 4
422,9.08,34,7,2048,2048,2048,0.08, 0.16, 0.31, 0.44,down,2, 2, 0, 0, 128, 1024, 2048, 0, 16, 256, 16, 2, 8, 512, 4, 0
422,9.04,29,9,2048,2048,2048,0.07, 0.29, 0.13, 0.51,down,2, 2, 0, 0, 128, 1024, 2048, 2, 16, 256, 16, 0, 8, 512, 4, 2
422,10.4,36,10,2048,2048,2048,0.07, 0.91, 0.02, 0,left,2, 2, 0, 0, 128, 1024, 2048, 0, 16, 256, 16, 2, 8, 512, 4, 4
418,10.75,33,8,2048,2048,2048,0.02, 0.06, 0.86, 0.05,up,4, 0, 2, 0, 128, 1024, 2048, 0, 16, 256, 16, 2, 8, 512, 8, 0
417,11.33,29,10,2048,2048,2048,0.08, 0.27, 0.63, 0.02,up,4, 1024, 2, 2, 128, 256, 2048, 2, 16, 512, 16, 0, 8, 0, 8, 0
416,7.35,27,18,2008.52,2048,2048,0.9, 0, 0, 0.1,right,4, 1024, 2, 4, 128, 256, 2048, 0, 16, 512, 16, 0, 8, 2, 8, 0
427,8.72,27,15,2033.64,2048,2048,0, 0.01, 0.98, 0.01,up,4, 1024, 2, 4, 0, 128, 256, 2048, 2, 16, 512, 16, 0, 8, 2, 8
423,6.17,29,10,2004.53,2048,2048,0, 0, 0.01, 0.99,down,4, 1024, 2, 4, 2, 128, 256, 2048, 0, 16, 512, 16, 2, 8, 2, 8
431,6.79,20,10,2024.3,2048,2048,0, 0, 0.01, 0.99,down,0, 1024, 2, 4, 2, 128, 256, 2048, 4, 16, 512, 16, 4, 8, 2, 8
429,6.85,28,10,2014.66,2048,2048,0.79, 0.2, 0, 0.01,right,0, 1024, 2, 4, 2, 128, 256, 2048, 2, 16, 512, 16, 8, 8, 2, 8
429,7.09,25,9,2043.24,2048,2048,0, 0.03, 0.03, 0.94,down,2, 1024, 2, 4, 2, 128, 256, 2048, 2, 16, 512, 16, 0, 16, 2, 8
428,7.26,29,7,2043.23,2048,2048,0.52, 0.12, 0.11, 0.26,right,2, 0, 2, 4, 0, 1024, 256, 2048, 2, 128, 512, 16, 4, 32, 2, 8
428,6.02,33,7,2048,2048,2048,0.44, 0.04, 0.52, 0,up,0, 2, 4, 4, 0, 1024, 256, 2048, 2, 128, 512, 16, 4, 32, 2, 8
431,5.41,30,7,2014.81,2048,2048,0.36, 0.28, 0.22, 0.14,right,2, 2, 4, 4, 4, 1024, 256, 2048, 0, 128, 512, 16, 2, 32, 2, 8
433,4.73,27,8,1972.5,2048,2048,0, 0.31, 0.14, 0.55,down,0, 0, 4, 8, 4, 1024, 256, 2048, 2, 128, 512, 16, 2, 32, 2, 8
435,4.38,26,9,1986.94,2048,2048,0, 0.72, 0.08, 0.2,left,0, 2, 4, 8, 0, 1024, 256, 2048, 4, 128, 512, 16, 4, 32, 2, 8
436,4.68,25,14,1986.94,2048,2048,0.16, 0, 0.01, 0.83,down,2, 4, 8, 2, 1024, 256, 2048, 0, 4, 128, 512, 16, 4, 32, 2, 8
435,3.27,18,9,1972.32,2048,2048,0.33, 0, 0.31, 0.36,down,2, 4, 8, 0, 2, 256, 2048, 2, 1024, 128, 512, 16, 8, 32, 2, 8
440,3.21,20,13,1879.29,2048,2048,0, 0.22, 0.73, 0.05,up,0, 4, 8, 2, 4, 256, 2048, 2, 1024, 128, 512, 16, 8, 32, 2, 8
440,6.84,37,11,2029.42,2048,2048,0.05, 0.94, 0, 0,left,4, 4, 8, 4, 1024, 256, 2048, 16, 8, 128, 512, 8, 0, 32, 2, 2
429,6.81,21,11,2038.47,2048,2048,0.02, 0.93, 0, 0.05,left,8, 8, 4, 2, 1024, 256, 2048, 16, 8, 128, 512, 8, 32, 4, 0, 0
429,7.15,22,13,2028.95,2048,2048,0.01, 0, 0.53, 0.46,up,16, 4, 2, 0, 1024, 256, 2048, 16, 8, 128, 512, 8, 32, 4, 2, 0
428,6.65,27,11,2048,2048,2048,0, 0.02, 0.01, 0.97,down,16, 4, 2, 16, 1024, 256, 2048, 8, 8, 128, 512, 0, 32, 4, 2, 2
430,6.98,27,10,2048,2048,2048,0.72, 0.28, 0, 0,right,16, 4, 2, 2, 1024, 256, 2048, 16, 8, 128, 512, 8, 32, 4, 2, 2
429,4.97,22,9,2024.19,2048,2048,0.48, 0.01, 0, 0.5,down,2, 16, 4, 4, 1024, 256, 2048, 16, 8, 128, 512, 8, 0, 32, 4, 4
435,6.33,28,9,2038.61,2048,2048,0.9, 0.07, 0.01, 0.02,right,2, 16, 4, 4, 2, 256, 2048, 16, 1024, 128, 512, 8, 8, 32, 4, 4
431,5.25,20,12,2014.81,2048,2048,0, 0.16, 0.07, 0.77,down,0, 2, 16, 8, 2, 256, 2048, 16, 1024, 128, 512, 8, 2, 8, 32, 8
434,5.28,26,8,2024.46,2048,2048,0.39, 0.02, 0.2, 0.39,right,2, 2, 16, 0, 2, 256, 2048, 8, 1024, 128, 512, 16, 2, 8, 32, 16
434,4.85,19,9,2005.63,2048,2048,0.15, 0.16, 0.22, 0.47,down,2, 0, 4, 16, 2, 256, 2048, 8, 1024, 128, 512, 16, 2, 8, 32, 16
435,6.14,19,11,2038.61,2048,2048,0.11, 0.83, 0.06, 0,left,0, 0, 4, 2, 4, 256, 2048, 16, 1024, 128, 512, 8, 2, 8, 32, 32
431,5.18,22,13,1995.85,2048,2048,0.04, 0, 0.85, 0.11,up,4, 2, 0, 0, 4, 256, 2048, 16, 1024, 128, 512, 8, 2, 8, 64, 2
434,4.94,17,11,1991.5,2048,2048,0.52, 0, 0.41, 0.08,right,8, 2, 2048, 16, 1024, 256, 512, 8, 2, 128, 64, 2, 2, 8, 0, 0
435,4.82,19,11,2005.63,2048,2048,0.82, 0.03, 0.04, 0.12,right,8, 2, 2048, 16, 1024, 256, 512, 8, 2, 128, 64, 2, 2, 0, 2, 8
435,6.81,32,14,2029.21,2048,2048,0.02, 0.97, 0.01, 0.01,left,8, 2, 2048, 16, 1024, 256, 512, 8, 2, 128, 64, 2, 2, 0, 4, 8
429,5.82,14,12,2014.66,2048,2048,0, 0, 0.03, 0.97,down,8, 2, 2048, 16, 1024, 256, 512, 8, 2, 128, 64, 2, 2, 4, 8, 2
432,4.92,20,13,1986.37,2048,2048,0.88, 0.11, 0.01, 0,right,0, 2, 2048, 2, 8, 256, 512, 16, 1024, 128, 64, 8, 4, 4, 8, 4
435,5.48,26,12,2019.75,2048,2048,0.03, 0.03, 0, 0.94,down,2, 2, 2048, 2, 8, 256, 512, 16, 1024, 128, 64, 8, 0, 8, 8, 4
433,5.28,79,12,2038.56,4096,2048,0.01, 0.01, 0, 0.98,down,2, 2, 2048, 2, 2, 256, 512, 16, 8, 128, 64, 8, 1024, 8, 8, 4
434,4.33,26,12,1958.34,2048,2048,0.03, 0.97, 0, 0,left,2, 2, 2048, 2, 4, 256, 512, 16, 8, 128, 64, 8, 1024, 8, 8, 4
437,5.96,20,9,2033.97,2048,2048,0, 0, 0.98, 0.01,up,4, 2048, 2, 0, 4, 256, 512, 16, 8, 128, 64, 8, 1024, 16, 4, 2
432,4.02,14,10,1967.22,2048,2048,0.47, 0, 0.02, 0.51,down,8, 2048, 2, 16, 8, 256, 512, 8, 1024, 128, 64, 2, 2, 16, 4, 0
437,6.35,106,22,1883.77,4096,2048,0.02, 0.96, 0.02, 0,left,0, 2048, 2, 2, 16, 256, 512, 16, 1024, 128, 64, 8, 2, 16, 4, 2
430,31.11,191,25,2762.42,4096,2048,0, 0, 1, 0,up,2048, 4, 2, 0, 16, 256, 512, 16, 1024, 128, 64, 8, 2, 16, 4, 2
356,3.49,13,9,2002.11,2048,2048,0, 0, 0.01, 0.99,down,2048, 4, 2, 16, 16, 256, 512, 8, 1024, 128, 64, 2, 2, 16, 4, 2
439,3.6,16,9,2006.01,2048,2048,0.93, 0.07, 0, 0,right,2048, 4, 2, 2, 16, 256, 512, 16, 1024, 128, 64, 8, 2, 16, 4, 4
439,4.09,27,7,2024.73,2048,2048,0.41, 0.12, 0.29, 0.18,right,0, 2048, 4, 4, 16, 256, 512, 16, 1024, 128, 64, 8, 2, 2, 16, 8
437,3.07,12,7,1963.64,2048,2048,0.29, 0.01, 0.4, 0.3,up,2, 0, 2048, 8, 16, 256, 512, 16, 1024, 128, 64, 8, 0, 4, 16, 8
440,2.06,11,9,1691.62,2048,2048,0, 0.64, 0.23, 0.12,left,2, 256, 2048, 8, 16, 128, 512, 16, 1024, 4, 64, 16, 0, 0, 16, 2
443,36.5,145,20,2974.7,4096,2048,0.03, 0.14, 0.82, 0.01,up,2, 256, 2048, 8, 16, 128, 512, 16, 1024, 4, 64, 16, 16, 2, 0, 2
340,22.74,183,19,2428.17,4096,2048,0.04, 0.86, 0.09, 0.02,left,2, 256, 2048, 8, 16, 128, 512, 32, 1024, 4, 64, 2, 16, 2, 0, 2
381,50.72,139,19,3441.93,4096,2048,0.01, 0.03, 0.01, 0.96,down,2, 256, 2048, 8, 16, 128, 512, 32, 1024, 4, 64, 2, 16, 4, 0, 2
297,1.74,13,10,1537.93,2048,2048,0.28, 0.68, 0.05, 0,left,2, 0, 0, 2, 16, 256, 2048, 8, 1024, 128, 512, 32, 16, 8, 64, 4
444,1.29,7,15,1330.39,2048,2048,0.37, 0.55, 0.09, 0,left,4, 0, 0, 2, 16, 256, 2048, 8, 1024, 128, 512, 32, 16, 8, 64, 4
446,1.19,9,11,1378.21,2048,2048,0.81, 0.11, 0.08, 0,right,4, 2, 0, 2, 16, 256, 2048, 8, 1024, 128, 512, 32, 16, 8, 64, 4
446,0.96,6,8,1163.64,2048,2048,0.72, 0.14, 0.14, 0,right,0, 2, 4, 4, 16, 256, 2048, 8, 1024, 128, 512, 32, 16, 8, 64, 4
447,1.1,11,11,1252.73,2048,2048,0.54, 0.07, 0.12, 0.27,right,2, 0, 2, 8, 16, 256, 2048, 8, 1024, 128, 512, 32, 16, 8, 64, 4
446,2.9,15,16,1838.44,2048,2048,0.09, 0.01, 0.03, 0.87,down,2, 0, 4, 8, 16, 256, 2048, 8, 1024, 128, 512, 32, 16, 8, 64, 4
441,0.63,3,5,867.8,2048,2048,0.36, 0.34, 0.3, 0,right,2, 2, 4, 0, 16, 256, 2048, 16, 1024, 128, 512, 32, 16, 8, 64, 4
448,12.32,117,20,2232.04,4096,2048,0.97, 0.01, 0.01, 0,right,0, 2, 4, 4, 16, 256, 2048, 16, 1024, 128, 512, 32, 16, 8, 64, 4
413,39,159,26,3223.42,4096,2048,0.98, 0.01, 0.01, 0,right,0, 2, 2, 8, 16, 256, 2048, 16, 1024, 128, 512, 32, 16, 8, 64, 4
333,0.99,1,1,2035.74,2048,2048,0, 0.5, 0.5, 0,left,0, 2, 4, 8, 16, 256, 2048, 16, 1024, 128, 512, 32, 16, 8, 64, 4
200,136.06,249,6,120.8,256,2,0.16, 0.25, 0.32, 0.28,up,0, 0, 0, 0, 0, 0, 0, 0, 0, 0, 0, 2, 0, 0, 2, 0
41,140.1,255,4,127.24,256,4,0.39, 0.33, 0.12, 0.16,right,0, 0, 2, 2, 0, 0, 0, 2, 0, 0, 0, 0, 0, 0, 0, 0
29,123.2,210,3,107.73,256,4,0.27, 0.16, 0.13, 0.44,down,0, 0, 0, 4, 0, 0, 0, 2, 2, 0, 0, 0, 0, 0, 0, 0
80,134.52,262,4,113.78,256,4,0.18, 0.3, 0.22, 0.3,down,0, 0, 0, 0, 0, 0, 0, 0, 0, 2, 0, 4, 2, 0, 0, 2
46,121.36,240,4,101.45,256,4,0.12, 0.06, 0.38, 0.43,down,0, 0, 0, 0, 0, 0, 0, 0, 2, 0, 0, 4, 2, 2, 0, 2
85,131.17,257,5,120.19,256,4,0.22, 0.61, 0.17, 0,left,0, 0, 0, 0, 0, 0, 0, 2, 0, 0, 0, 4, 4, 2, 0, 2
56,130.81,226,4,117.89,256,8,0.46, 0.21, 0.17, 0.15,right,0, 0, 0, 0, 2, 0, 0, 0, 4, 0, 2, 0, 4, 4, 0, 0
57,131.14,298,5,121.38,256,8,0.15, 0.13, 0.7, 0.02,up,0, 2, 0, 0, 0, 0, 0, 2, 0, 0, 4, 2, 0, 0, 0, 8
56,124.63,223,5,114.53,256,8,0.44, 0.14, 0.26, 0.15,right,0, 2, 4, 4, 0, 0, 0, 8, 0, 0, 0, 0, 0, 0, 0, 2
76,123.86,262,5,120.1,256,16,0, 0.09, 0.56, 0.35,up,0, 0, 2, 8, 0, 0, 0, 8, 0, 0, 0, 2, 0, 0, 0, 2
78,120.86,218,4,113.82,256,16,0.15, 0.32, 0.36, 0.17,up,0, 0, 2, 16, 0, 0, 0, 4, 0, 0, 2, 0, 0, 0, 0, 0
87,127.4,258,5,118.18,256,16,0.12, 0.24, 0.04, 0.6,down,0, 0, 4, 16, 2, 0, 0, 4, 0, 0, 0, 0, 0, 0, 0, 0
67,128.12,306,4,118.82,256,16,0.25, 0.22, 0.11, 0.42,down,0, 0, 2, 0, 0, 0, 0, 0, 0, 0, 0, 16, 2, 0, 4, 4
65,127.14,262,4,124.12,256,16,0.13, 0.3, 0.24, 0.32,down,0, 0, 2, 0, 0, 0, 0, 0, 0, 0, 2, 16, 2, 0, 4, 4
68,121.7,234,5,117.8,256,16,0.01, 0.47, 0.42, 0.1,left,0, 0, 0, 0, 0, 0, 0, 2, 0, 0, 4, 16, 2, 0, 4, 4
84,116.99,250,5,108.42,256,16,0.27, 0.2, 0.45, 0.08,up,0, 0, 0, 2, 2, 0, 0, 0, 4, 16, 0, 0, 2, 8, 0, 0
99,109.52,237,5,101.44,256,16,0.05, 0.06, 0.38, 0.51,down,2, 16, 0, 2, 4, 8, 0, 0, 2, 0, 0, 0, 2, 0, 0, 0
121,111.56,244,6,109.38,256,16,0.01, 0.19, 0.68, 0.11,up,0, 0, 0, 0, 2, 0, 0, 0, 4, 16, 0, 0, 4, 8, 2, 2
115,118.72,251,6,118.62,256,16,0.45, 0.23, 0.19, 0.13,right,2, 16, 2, 2, 8, 8, 0, 0, 0, 0, 0, 0, 0, 0, 0, 2
93,109.84,231,5,112.34,256,16,0.41, 0.17, 0.1, 0.32,right,0, 2, 16, 4, 0, 0, 0, 16, 0, 0, 0, 0, 0, 2, 0, 2
120,112.5,218,6,111.6,256,16,0, 0.42, 0.2, 0.37,left,0, 2, 16, 4, 0, 0, 2, 16, 0, 0, 0, 0, 0, 0, 0, 4
112,112.6,215,6,120.35,256,32,0.01, 0, 0.89, 0.1,up,2, 16, 4, 0, 2, 16, 0, 0, 0, 0, 0, 0, 4, 2, 0, 0
112,109.52,233,5,117.52,256,32,0.08, 0.18, 0.25, 0.49,down,4, 32, 4, 0, 4, 2, 0, 2, 0, 0, 0, 0, 0, 0, 0, 0
121,112.92,251,6,119.87,256,32,0.32, 0.65, 0.03, 0,left,0, 0, 0, 0, 0, 0, 0, 0, 0, 32, 2, 0, 8, 2, 4, 2
111,103.11,220,6,108.29,256,32,0.05, 0.19, 0.05, 0.7,down,0, 0, 0, 0, 0, 0, 0, 0, 32, 2, 0, 2, 8, 2, 4, 2
140,110.21,294,5,120.06,512,32,0.22, 0.68, 0.1, 0,left,0, 0, 0, 0, 0, 0, 0, 0, 32, 0, 0, 2, 8, 4, 4, 4
119,102.55,226,6,109.33,256,32,0.74, 0.23, 0.03, 0,right,0, 0, 0, 0, 0, 0, 0, 0, 32, 2, 0, 0, 8, 8, 4, 2
142,104.42,235,5,113.45,256,32,0, 0.25, 0.31, 0.43,down,0, 0, 0, 0, 0, 0, 0, 2, 0, 0, 32, 2, 0, 16, 4, 2
136,96.04,231,7,107.91,256,32,0.14, 0.55, 0.13, 0.18,left,0, 2, 0, 0, 0, 0, 0, 0, 0, 0, 32, 2, 0, 16, 4, 4
161,107.89,234,6,123.85,256,32,0.25, 0.41, 0.19, 0.16,left,2, 0, 0, 2, 0, 0, 0, 0, 32, 2, 0, 0, 16, 8, 0, 0
126,103.67,228,6,113.89,256,32,0.27, 0.53, 0.11, 0.09,left,4, 0, 0, 0, 0, 0, 0, 0, 32, 2, 2, 0, 16, 8, 0, 0
138,105.06,234,6,119.25,256,32,0.06, 0.08, 0.49, 0.36,up,4, 0, 2, 0, 0, 0, 0, 0, 32, 4, 0, 0, 16, 8, 0, 0
134,111.87,250,7,127.05,256,32,0.08, 0.23, 0.13, 0.56,down,4, 4, 2, 0, 32, 8, 0, 0, 16, 0, 0, 0, 0, 0, 0, 2
114,89.45,237,7,103.23,256,32,0.89, 0.05, 0.01, 0.05,right,0, 0, 0, 2, 4, 0, 0, 0, 32, 4, 0, 0, 16, 8, 2, 2
181,96.57,232,8,113.23,256,32,0, 0.05, 0.02, 0.94,down,0, 0, 0, 2, 0, 0, 2, 4, 0, 0, 32, 4, 0, 16, 8, 4
160,98.52,204,6,117.66,256,32,0.77, 0.07, 0.15, 0,right,0, 0, 0, 0, 0, 0, 2, 2, 0, 2, 32, 4, 0, 16, 8, 8
154,102.63,255,6,123.46,256,32,0.52, 0.02, 0.29, 0.17,right,0, 0, 2, 0, 0, 0, 0, 4, 0, 2, 32, 4, 0, 0, 16, 16
142,102.21,246,7,122.18,256,32,0, 0.04, 0.07, 0.89,down,0, 0, 0, 2, 0, 0, 2, 4, 0, 2, 32, 4, 0, 0, 0, 32
143,98.01,219,6,117.78,256,64,0.21, 0.6, 0.19, 0,left,0, 0, 0, 0, 0, 0, 0, 2, 0, 0, 2, 8, 2, 2, 32, 32
155,96.79,231,5,116.51,256,64,0.05, 0.12, 0.57, 0.26,up,0, 0, 0, 0, 2, 2, 0, 0, 2, 8, 0, 0, 4, 64, 0, 0
159,88.76,215,6,108.8,256,64,0.05, 0, 0.46, 0.49,down,4, 2, 0, 0, 4, 8, 0, 0, 2, 64, 0, 0, 0, 0, 0, 0
183,90.91,221,6,114.09,256,64,0.64, 0.17, 0.16, 0.04,right,2, 0, 0, 0, 0, 2, 0, 0, 8, 8, 0, 0, 2, 64, 0, 0
177,95.26,235,5,120.45,256,64,0.28, 0.31, 0.24, 0.17,left,0, 0, 0, 2, 0, 0, 0, 2, 0, 2, 0, 16, 0, 0, 2, 64
164,86.36,253,6,108.61,256,64,0.03, 0.3, 0.38, 0.29,up,2, 0, 0, 0, 2, 0, 0, 0, 2, 16, 0, 0, 2, 64, 0, 2
190,87.11,215,6,113.93,256,64,0.11, 0.33, 0.23, 0.33,left,4, 16, 0, 2, 4, 64, 0, 0, 0, 0, 0, 0, 0, 2, 0, 0
188,97.13,296,6,129.02,512,64,0.09, 0.59, 0.27, 0.05,left,4, 16, 2, 0, 4, 64, 0, 0, 0, 0, 0, 2, 2, 0, 0, 0
158,90.57,227,6,119.95,256,64,0.05, 0.51, 0.26, 0.18,left,4, 16, 2, 0, 4, 64, 0, 0, 2, 0, 2, 0, 2, 0, 0, 0
178,92.4,251,6,119.42,256,64,0.08, 0.17, 0.42, 0.33,up,4, 16, 2, 2, 4, 64, 0, 0, 4, 0, 0, 0, 2, 0, 0, 0
172,87.71,236,6,118.38,256,64,0.19, 0.46, 0.16, 0.19,left,8, 16, 2, 2, 4, 64, 0, 0, 2, 0, 0, 0, 0, 2, 0, 0
186,88.53,225,7,115.34,256,64,0.09, 0.03, 0.69, 0.19,up,8, 16, 4, 0, 4, 64, 0, 0, 2, 0, 0, 0, 2, 0, 0, 2
184,85.1,211,7,115.89,256,64,0.01, 0.11, 0.41, 0.47,down,8, 16, 4, 2, 4, 64, 0, 0, 4, 0, 0, 0, 0, 2, 0, 0
194,87.58,270,7,124.06,512,64,0.02, 0.02, 0.91, 0.04,up,0, 0, 2, 0, 0, 16, 0, 0, 8, 64, 0, 0, 8, 2, 4, 2
187,82.9,218,6,115.06,256,64,0.5, 0.23, 0.25, 0.01,right,16, 16, 2, 2, 0, 64, 4, 0, 0, 2, 0, 0, 2, 0, 0, 0
201,91.47,223,7,125.47,256,64,0.77, 0.04, 0.12, 0.08,right,0, 0, 32, 4, 0, 0, 64, 4, 0, 2, 0, 2, 0, 0, 0, 2
175,88.27,234,6,125.45,256,64,0.68, 0.11, 0.07, 0.14,right,0, 0, 32, 4, 0, 0, 64, 4, 0, 0, 0, 4, 2, 0, 0, 2
185,83.59,224,6,122.84,256,64,0, 0.08, 0.37, 0.55,down,0, 2, 32, 4, 0, 0, 64, 4, 0, 0, 0, 4, 0, 0, 0, 4
199,80.69,223,7,118.4,256,64,0, 0.33, 0.16, 0.5,down,0, 0, 0, 0, 0, 0, 0, 2, 0, 0, 32, 8, 0, 2, 64, 8
207,81.69,201,6,120.62,256,64,0.34, 0.46, 0.2, 0,left,0, 0, 0, 0, 0, 0, 0, 0, 0, 0, 32, 2, 2, 2, 64, 16
204,80.87,204,6,122.69,256,64,0.31, 0.12, 0.29, 0.29,right,0, 2, 0, 0, 0, 0, 0, 0, 32, 2, 0, 0, 4, 64, 16, 0
207,72.24,221,6,112.92,256,64,0, 0.19, 0.09, 0.72,down,0, 0, 0, 2, 0, 0, 0, 2, 0, 0, 32, 2, 0, 4, 64, 16
233,75.4,283,7,120.89,512,64,0, 0.93, 0.07, 0,left,0, 0, 0, 0, 0, 0, 0, 2, 0, 2, 32, 4, 0, 4, 64, 16
223,76.86,226,6,124.57,256,64,0.3, 0.14, 0.3, 0.26,right,0, 0, 0, 0, 2, 0, 0, 2, 2, 32, 4, 0, 4, 64, 16, 0
219,80.24,222,7,128.58,256,64,0.41, 0.03, 0.24, 0.31,right,0, 0, 0, 0, 2, 0, 0, 4, 0, 2, 32, 4, 0, 4, 64, 16
209,72.73,216,7,118.25,256,64,0.18, 0.37, 0.08, 0.36,left,0, 0, 0, 0, 0, 0, 2, 4, 2, 2, 32, 4, 0, 4, 64, 16
231,77.06,204,6,123.86,256,64,0.29, 0.39, 0.18, 0.13,left,0, 0, 0, 2, 2, 4, 0, 0, 4, 32, 4, 0, 4, 64, 16, 0
218,76.02,217,8,123.03,256,64,0.02, 0, 0.24, 0.74,down,2, 0, 0, 0, 2, 4, 0, 0, 4, 32, 4, 2, 4, 64, 16, 0
221,70.62,190,7,119.06,256,64,0.93, 0, 0.07, 0,right,0, 0, 0, 0, 2, 4, 0, 0, 4, 32, 4, 0, 8, 64, 16, 2
238,72.78,232,7,122.11,256,64,0.08, 0.68, 0.03, 0.21,left,0, 0, 0, 0, 0, 2, 2, 4, 0, 4, 32, 4, 8, 64, 16, 2
231,72.2,221,7,123.59,256,64,0.21, 0.08, 0.63, 0.08,up,0, 0, 0, 0, 4, 4, 2, 0, 4, 32, 4, 0, 8, 64, 16, 2
233,72.1,219,7,125.26,256,64,0.41, 0.37, 0.07, 0.15,right,8, 4, 2, 2, 8, 32, 4, 0, 0, 64, 16, 2, 0, 0, 0, 0
233,69.9,196,6,124.99,256,64,0.14, 0.07, 0.58, 0.21,up,0, 8, 4, 4, 0, 8, 32, 4, 0, 64, 16, 2, 2, 0, 0, 0
240,68.29,207,10,124.28,256,64,0.11, 0.39, 0, 0.5,down,2, 16, 4, 8, 0, 64, 32, 2, 0, 2, 16, 0, 0, 0, 0, 0
245,68.26,200,6,124.88,256,64,0.15, 0.36, 0.24, 0.24,left,0, 0, 0, 0, 2, 16, 4, 0, 0, 64, 32, 8, 2, 2, 16, 2
245,69.38,196,9,125.66,256,64,0.35, 0, 0.02, 0.63,down,0, 0, 0, 0, 2, 16, 4, 0, 64, 32, 8, 2, 4, 16, 2, 0
241,67.83,186,10,130.38,256,64,0.04, 0.36, 0.61, 0,up,0, 0, 2, 0, 2, 16, 4, 0, 64, 32, 8, 0, 4, 16, 2, 2
246,76.51,221,11,145.36,256,64,0.01, 0.96, 0.03, 0.01,left,2, 16, 2, 2, 64, 32, 4, 2, 4, 16, 8, 0, 0, 0, 2, 0
220,72.89,201,11,138.43,256,64,0, 0.01, 0.96, 0.03,up,2, 16, 4, 0, 64, 32, 4, 2, 4, 16, 8, 0, 2, 0, 0, 2
231,80.56,199,10,152.83,256,64,0.01, 0.95, 0.03, 0.01,left,2, 16, 8, 4, 64, 32, 8, 0, 4, 16, 0, 0, 2, 0, 2, 0
208,77.42,201,9,147.29,256,64,0.02, 0.01, 0.93, 0.04,up,2, 16, 8, 4, 64, 32, 8, 0, 4, 16, 0, 2, 4, 0, 0, 0
217,74.87,203,7,141.5,256,64,0.09, 0.81, 0.02, 0.08,left,2, 16, 16, 4, 64, 32, 0, 2, 8, 16, 0, 2, 0, 0, 0, 0
225,80.42,185,7,154.62,256,64,0.05, 0.06, 0.37, 0.52,down,2, 32, 4, 0, 64, 32, 2, 0, 8, 16, 2, 0, 0, 0, 0, 2
208,74.24,210,6,148.52,256,64,0.12, 0.11, 0.5, 0.27,up,0, 0, 0, 0, 2, 2, 0, 0, 64, 64, 4, 0, 8, 16, 4, 2
227,76.79,199,8,152.98,256,128,0.32, 0.64, 0, 0.04,left,2, 2, 8, 2, 64, 64, 0, 0, 8, 16, 0, 0, 0, 2, 0, 0
219,79.93,197,6,158.84,256,128,0.37, 0.36, 0.1, 0.17,right,4, 8, 2, 0, 128, 0, 0, 0, 8, 16, 0, 0, 2, 2, 0, 0
210,70.01,177,7,148.02,256,128,0.08, 0.07, 0.76, 0.09,up,0, 4, 8, 2, 0, 2, 0, 128, 0, 0, 8, 16, 0, 0, 0, 4
239,72.19,187,6,150.93,256,128,0.27, 0.02, 0.18, 0.53,down,0, 4, 16, 2, 0, 2, 0, 128, 0, 0, 0, 16, 0, 2, 0, 4
233,72.57,215,6,148.79,256,128,0.06, 0.1, 0.46, 0.39,up,0, 0, 0, 2, 0, 0, 0, 128, 2, 4, 0, 16, 0, 4, 16, 4
232,73.23,186,6,151.62,256,128,0.44, 0.21, 0.05, 0.31,right,2, 8, 16, 2, 0, 0, 0, 128, 0, 2, 0, 16, 0, 0, 0, 4
230,69.56,203,8,152.94,256,128,0.13, 0.04, 0.13, 0.7,down,2, 8, 16, 2, 0, 0, 0, 128, 2, 0, 2, 16, 0, 0, 0, 4
241,70.76,183,7,150.21,256,128,0.51, 0.32, 0.17, 0,right,0, 0, 0, 2, 0, 0, 2, 128, 0, 0, 16, 16, 4, 8, 2, 4
237,68.98,194,8,147.9,256,128,0.03, 0.03, 0.04, 0.9,down,0, 0, 0, 2, 0, 0, 2, 128, 2, 0, 0, 32, 4, 8, 2, 4
243,66.5,195,8,147.93,256,128,0.56, 0.12, 0.09, 0.22,right,0, 0, 0, 2, 0, 2, 0, 128, 2, 0, 0, 32, 4, 8, 4, 4
250,69.24,237,6,152.99,512,128,0.41, 0.1, 0.15, 0.34,right,2, 0, 0, 2, 0, 0, 2, 128, 0, 0, 2, 32, 0, 4, 8, 8
242,67.6,199,8,150.65,256,128,0.64, 0.06, 0.21, 0.09,right,0, 0, 0, 4, 0, 2, 2, 128, 0, 0, 2, 32, 0, 0, 4, 16
247,71.06,202,10,154.32,256,128,0.03, 0.94, 0.03, 0,left,0, 0, 0, 4, 0, 0, 4, 128, 0, 0, 2, 32, 2, 0, 4, 16
236,67.67,167,8,156.08,256,128,0.05, 0, 0.04, 0.92,down,4, 0, 0, 0, 4, 128, 0, 0, 2, 32, 2, 0, 2, 4, 16, 0
246,68.78,188,7,153.39,256,128,0.07, 0.51, 0.06, 0.36,left,0, 0, 0, 0, 0, 128, 0, 2, 8, 32, 2, 0, 4, 4, 16, 0
243,67.23,196,8,153.18,256,128,0.02, 0.61, 0.06, 0.31,left,0, 0, 0, 0, 128, 2, 0, 0, 8, 32, 2, 2, 8, 16, 0, 0
248,67.84,234,7,156.27,512,128,0.03, 0.09, 0.57, 0.31,up,0, 2, 0, 0, 128, 2, 0, 0, 8, 32, 4, 0, 8, 16, 0, 0
246,64.55,185,8,152.87,256,128,0.43, 0.54, 0, 0.03,left,128, 4, 4, 0, 16, 32, 0, 0, 2, 16, 0, 0, 0, 0, 0, 0
256,61.04,189,7,149.42,256,128,0.47, 0, 0, 0.53,down,128, 8, 2, 0, 16, 32, 0, 0, 2, 16, 0, 0, 0, 0, 0, 0
266,57.29,186,8,146.7,256,128,0.76, 0.2, 0.04, 0,right,0, 2, 0, 0, 128, 8, 0, 0, 16, 32, 0, 0, 2, 16, 2, 0
278,65.18,176,9,157.36,256,128,0.02, 0.02, 0.04, 0.91,down,0, 0, 0, 2, 2, 0, 128, 8, 0, 0, 16, 32, 0, 2, 16, 2
254,63.32,158,8,156.61,256,128,0.35, 0.1, 0.49, 0.06,up,0, 0, 0, 2, 0, 0, 0, 8, 2, 0, 128, 32, 2, 2, 32, 2
260,60.2,171,7,155.95,256,128,0.55, 0.05, 0, 0.41,right,4, 2, 128, 2, 2, 0, 32, 8, 0, 0, 0, 32, 0, 0, 0, 2
269,66.21,188,9,164.98,256,128,0.02, 0.84, 0.05, 0.08,left,4, 2, 128, 2, 0, 2, 32, 8, 0, 2, 0, 32, 0, 0, 0, 2
251,60.25,163,7,160,256,128,0.02, 0.4, 0.21, 0.37,left,4, 2, 128, 2, 2, 32, 8, 0, 2, 32, 0, 0, 2, 2, 0, 0
269,60.82,290,7,156.92,512,128,0.02, 0, 0.55, 0.44,up,4, 2, 128, 2, 2, 32, 8, 0, 2, 32, 0, 0, 4, 2, 0, 0
267,57.74,167,9,159.04,256,128,0.01, 0.11, 0.82, 0.07,up,4, 2, 128, 2, 4, 64, 8, 0, 4, 2, 0, 0, 0, 0, 0, 2
276,60.11,162,7,158.04,256,128,0.06, 0.77, 0, 0.18,left,8, 2, 128, 4, 4, 64, 8, 0, 0, 2, 2, 0, 0, 0, 0, 0
269,55.57,152,7,159.29,256,128,0.02, 0.43, 0.2, 0.35,left,8, 2, 128, 4, 4, 64, 8, 0, 4, 0, 0, 0, 0, 2, 0, 0
283,55.72,170,9,155.04,256,128,0.04, 0, 0.67, 0.29,up,8, 2, 128, 4, 4, 64, 8, 2, 4, 0, 0, 0, 2, 0, 0, 0
282,58.13,174,8,157.4,256,128,0.04, 0.57, 0.11, 0.28,left,8, 2, 128, 4, 8, 64, 8, 2, 2, 0, 2, 0, 0, 0, 0, 0
275,54.07,234,7,154.43,512,128,0.14, 0.01, 0.39, 0.46,down,8, 2, 128, 4, 8, 64, 8, 2, 4, 0, 0, 2, 0, 0, 0, 0
287,54.39,159,7,157.78,256,128,0.23, 0, 0.43, 0.33,up,2, 0, 0, 0, 0, 0, 0, 0, 16, 2, 128, 4, 4, 64, 8, 4
286,54.98,225,8,161.9,512,128,0.64, 0.15, 0.13, 0.07,right,2, 2, 128, 8, 16, 64, 8, 0, 4, 0, 0, 0, 0, 2, 0, 0
285,49.28,169,7,154.85,256,128,0.47, 0.22, 0.22, 0.1,right,0, 4, 128, 8, 0, 16, 64, 8, 0, 0, 0, 4, 0, 0, 2, 2
302,48.14,175,8,155.04,256,128,0, 0.13, 0.22, 0.65,down,0, 4, 128, 8, 2, 16, 64, 8, 0, 0, 0, 4, 0, 0, 0, 4
305,50.08,223,8,154.35,512,128,0.09, 0.07, 0.59, 0.25,up,2, 0, 0, 0, 0, 0, 0, 0, 0, 4, 128, 16, 2, 16, 64, 8
299,48.01,196,7,156.59,256,128,0.32, 0.43, 0.14, 0.12,left,4, 4, 128, 16, 0, 16, 64, 8, 0, 0, 0, 0, 0, 2, 0, 0
305,48.99,204,7,156.86,256,128,0.43, 0, 0.4, 0.17,right,8, 128, 16, 0, 16, 64, 8, 2, 0, 0, 0, 0, 2, 0, 0, 0
303,47.03,167,6,156.21,256,128,0.19, 0.51, 0.21, 0.09,left,0, 8, 128, 16, 16, 64, 8, 2, 0, 0, 0, 0, 2, 0, 0, 2
308,45.69,165,8,158.24,256,128,0.61, 0, 0.16, 0.23,right,8, 128, 16, 2, 16, 64, 8, 2, 0, 0, 0, 0, 4, 0, 0, 0
312,49.03,169,9,160.72,256,128,0.01, 0.04, 0.8, 0.15,up,8, 128, 16, 2, 16, 64, 8, 2, 2, 0, 0, 0, 0, 0, 0, 4
302,47.06,196,8,161.8,512,128,0.13, 0, 0.1, 0.77,down,8, 128, 16, 4, 16, 64, 8, 4, 2, 0, 0, 0, 2, 0, 0, 0
308,49.43,176,10,164.04,256,128,0.41, 0.2, 0.02, 0.36,right,0, 2, 0, 0, 8, 0, 0, 0, 16, 128, 16, 0, 4, 64, 8, 8
301,50.89,208,7,167.42,512,128,0.27, 0.3, 0.11, 0.32,down,2, 0, 0, 2, 0, 0, 0, 8, 0, 16, 128, 16, 0, 4, 64, 16
297,46.85,209,8,162.79,512,128,0.38, 0.53, 0.1, 0,left,0, 0, 0, 0, 0, 2, 0, 2, 0, 16, 128, 8, 2, 4, 64, 32
309,64.72,247,12,202.74,512,128,0.03, 0.14, 0.04, 0.79,down,0, 0, 2, 0, 4, 0, 0, 0, 16, 128, 8, 0, 2, 4, 64, 32
255,58.2,161,12,194.5,256,128,0.3, 0.04, 0.05, 0.62,down,0, 2, 0, 0, 4, 0, 2, 0, 16, 128, 8, 0, 2, 4, 64, 32
275,42.82,154,9,162.32,256,128,0.41, 0.44, 0.04, 0.11,left,0, 0, 0, 2, 4, 2, 2, 0, 16, 128, 8, 0, 2, 4, 64, 32
321,40.38,160,10,157.42,256,128,0.66, 0.31, 0.03, 0,right,2, 0, 0, 0, 4, 4, 0, 0, 16, 128, 8, 2, 2, 4, 64, 32
328,62.06,237,13,210.09,512,128,0.02, 0.92, 0.06, 0,left,0, 0, 0, 2, 0, 2, 0, 8, 16, 128, 8, 2, 2, 4, 64, 32
263,41.35,141,10,161.45,256,128,0.05, 0.11, 0.04, 0.8,down,2, 2, 0, 0, 2, 8, 0, 0, 16, 128, 8, 2, 2, 4, 64, 32
325,74.89,160,12,245.4,256,128,0.01, 0, 0.98, 0,up,0, 2, 2, 0, 4, 8, 0, 0, 16, 128, 8, 2, 2, 4, 64, 32
225,75.19,156,11,247.5,256,128,0.01, 0.99, 0, 0,left,4, 2, 2, 2, 16, 8, 8, 32, 2, 128, 64, 0, 0, 4, 0, 2
224,72.15,140,10,242.35,256,128,0.88, 0.1, 0, 0.02,right,4, 4, 2, 2, 16, 16, 32, 0, 2, 128, 64, 0, 4, 2, 0, 0
233,75.26,186,8,250.53,256,128,0.09, 0.02, 0.05, 0.84,down,0, 0, 8, 4, 0, 2, 32, 32, 0, 2, 128, 64, 0, 0, 4, 2
224,74.45,191,8,252.02,256,128,0.82, 0.12, 0.03, 0.03,right,0, 0, 8, 4, 0, 2, 32, 32, 0, 0, 128, 64, 0, 4, 4, 2
226,79.03,222,9,255.44,512,128,0, 0.09, 0.78, 0.13,up,0, 2, 8, 4, 0, 0, 2, 64, 0, 0, 128, 64, 0, 0, 8, 2
212,76.29,210,6,257.8,512,128,0.07, 0.54, 0.13, 0.26,left,0, 2, 8, 4, 0, 0, 2, 128, 2, 0, 128, 2, 0, 0, 8, 0
221,76.01,175,6,256,256,128,0.51, 0.03, 0.12, 0.34,right,2, 8, 4, 0, 2, 128, 0, 2, 2, 128, 2, 0, 8, 0, 0, 0
221,75.02,151,6,256,256,256,0, 0.31, 0.44, 0.25,up,0, 2, 8, 4, 0, 2, 128, 2, 0, 2, 128, 2, 0, 0, 2, 8
224,74.96,202,7,256,256,256,0.46, 0.03, 0.45, 0.05,right,0, 4, 8, 4, 0, 2, 256, 4, 0, 0, 2, 8, 2, 0, 0, 0
225,74.81,217,7,258.27,512,256,0.03, 0.03, 0.18, 0.76,down,0, 4, 8, 4, 0, 2, 256, 4, 0, 2, 2, 8, 0, 0, 0, 2
225,74.12,186,7,257.13,512,256,0.07, 0.15, 0.59, 0.18,up,0, 0, 0, 0, 0, 0, 8, 8, 2, 4, 256, 8, 0, 4, 2, 2
227,71.51,164,6,257.12,512,256,0.41, 0.23, 0.27, 0.09,right,2, 8, 8, 16, 0, 0, 256, 2, 2, 0, 2, 0, 0, 0, 0, 0
235,70.5,155,6,256,256,256,0.52, 0.17, 0.18, 0.13,right,0, 2, 16, 16, 0, 0, 256, 2, 0, 2, 0, 4, 0, 0, 0, 0
238,68,165,6,257.07,512,256,0.27, 0.31, 0.25, 0.16,left,0, 0, 2, 32, 0, 0, 256, 2, 2, 0, 2, 4, 0, 0, 0, 0
246,68.37,165,5,256,256,256,0.37, 0.27, 0.16, 0.2,right,2, 32, 0, 0, 256, 2, 0, 0, 4, 4, 0, 2, 0, 0, 0, 0
244,68.9,141,6,256,256,256,0.12, 0.19, 0.19, 0.49,down,0, 0, 2, 32, 0, 0, 256, 2, 0, 0, 8, 2, 2, 0, 0, 0
243,68.08,148,6,256,256,256,0.18, 0.17, 0.47, 0.17,up,0, 0, 2, 0, 0, 0, 2, 0, 0, 0, 256, 32, 2, 0, 8, 4
245,64.44,199,7,257.04,512,256,0.36, 0.22, 0.33, 0.09,right,2, 0, 4, 32, 0, 0, 256, 4, 0, 0, 8, 0, 0, 0, 0, 2
256,66.6,157,6,257,512,256,0.14, 0.31, 0.34, 0.21,up,0, 2, 4, 32, 0, 0, 256, 4, 0, 0, 0, 8, 2, 0, 0, 2
250,63.02,148,7,256,256,256,0.09, 0.31, 0, 0.6,down,2, 2, 4, 32, 0, 0, 256, 4, 0, 0, 2, 8, 0, 0, 0, 2
260,64.93,154,6,256,256,256,0.61, 0.11, 0.06, 0.23,right,0, 2, 0, 32, 0, 0, 4, 4, 0, 0, 256, 8, 2, 2, 2, 2
255,65.63,184,7,257,512,256,0.32, 0.17, 0.29, 0.22,right,0, 0, 2, 32, 0, 0, 0, 8, 0, 0, 256, 8, 2, 0, 4, 4
253,63.71,171,5,257.01,512,256,0.27, 0.14, 0.25, 0.34,down,0, 0, 2, 32, 2, 0, 0, 8, 0, 0, 256, 8, 0, 0, 2, 8
258,60.62,203,5,257.98,512,256,0.21, 0.37, 0.23, 0.19,left,0, 2, 0, 0, 0, 0, 2, 32, 0, 0, 256, 8, 2, 0, 2, 16
268,59.16,209,6,257.9,512,256,0.1, 0.24, 0.35, 0.31,up,2, 0, 0, 0, 2, 32, 0, 0, 256, 8, 0, 0, 4, 16, 0, 2
272,60.27,156,6,256,256,256,0.21, 0.2, 0.4, 0.19,up,4, 32, 0, 2, 256, 8, 0, 0, 4, 16, 2, 0, 0, 0, 0, 0
269,57.23,124,7,256,256,256,0.18, 0.3, 0, 0.51,down,4, 32, 2, 2, 256, 8, 0, 0, 4, 16, 0, 0, 0, 2, 0, 0
278,58.63,148,9,256,256,256,0.03, 0.11, 0.76, 0.09,up,0, 32, 0, 0, 4, 8, 0, 0, 256, 16, 2, 0, 4, 2, 2, 2
274,56.65,188,7,256.93,512,256,0.19, 0.12, 0.52, 0.18,up,4, 32, 4, 2, 256, 8, 0, 2, 4, 16, 0, 0, 0, 2, 0, 0
280,57.3,224,8,258.73,512,256,0.85, 0.1, 0.03, 0.02,right,4, 32, 4, 4, 256, 8, 0, 0, 4, 16, 0, 2, 0, 2, 0, 0
278,57.53,124,10,256,256,256,0, 0.03, 0.15, 0.82,down,0, 4, 32, 8, 0, 0, 256, 8, 2, 4, 16, 2, 0, 0, 0, 2
277,55,137,8,256,256,256,0.2, 0.72, 0.08, 0,left,0, 0, 0, 0, 0, 0, 32, 0, 0, 2, 256, 16, 2, 8, 16, 4
285,55.19,183,6,256.9,512,256,0.38, 0, 0.32, 0.31,right,0, 0, 0, 0, 32, 0, 0, 0, 2, 256, 16, 2, 2, 8, 16, 4
284,54.4,196,8,256.9,512,256,0.09, 0.52, 0.09, 0.3,left,0, 0, 2, 0, 0, 0, 0, 32, 2, 256, 16, 2, 2, 8, 16, 4
286,52.33,190,7,256.89,512,256,0.17, 0.3, 0.08, 0.44,down,2, 0, 2, 0, 32, 0, 0, 0, 2, 256, 16, 2, 2, 8, 16, 4
292,49.67,130,10,256,256,256,0.82, 0.04, 0.14, 0,right,0, 0, 0, 0, 2, 2, 0, 0, 32, 256, 2, 2, 4, 8, 32, 4
300,53.62,180,8,257.7,512,256,0.07, 0.3, 0.09, 0.54,down,0, 0, 2, 0, 0, 0, 0, 4, 0, 32, 256, 4, 4, 8, 32, 4
289,50.19,162,8,256.88,512,256,0.9, 0.04, 0.02, 0.05,right,0, 0, 0, 0, 2, 0, 2, 0, 0, 32, 256, 4, 4, 8, 32, 8
299,56.87,212,8,257.71,512,256,0.08, 0.02, 0.75, 0.14,up,0, 2, 0, 0, 0, 0, 0, 4, 0, 32, 256, 4, 4, 8, 32, 8
279,53.19,181,7,256.91,512,256,0.43, 0.22, 0.25, 0.09,right,4, 2, 256, 8, 0, 32, 32, 8, 0, 8, 0, 2, 0, 0, 0, 0
290,52.21,215,7,257.76,512,256,0.16, 0.06, 0.32, 0.46,down,4, 2, 256, 8, 0, 0, 64, 8, 0, 0, 8, 2, 0, 0, 2, 0
293,54.12,214,8,257.74,512,256,0.09, 0.79, 0.07, 0.05,left,0, 0, 256, 0, 2, 0, 64, 0, 0, 0, 8, 16, 4, 2, 2, 2
287,54.82,198,8,259.56,512,256,0.68, 0.18, 0.03, 0.11,right,256, 0, 0, 0, 2, 64, 2, 0, 8, 16, 0, 0, 4, 4, 2, 0
285,55.48,166,7,257.79,512,256,0.11, 0.09, 0.16, 0.64,down,0, 0, 0, 256, 0, 2, 64, 2, 2, 0, 8, 16, 0, 0, 8, 2
283,50.69,167,7,257.8,512,256,0.2, 0.49, 0.1, 0.21,left,0, 0, 0, 256, 2, 0, 0, 2, 0, 0, 64, 16, 2, 2, 16, 2
297,49.14,163,7,257.72,512,256,0.09, 0.29, 0.3, 0.32,down,256, 0, 2, 0, 4, 0, 0, 0, 64, 16, 0, 0, 4, 16, 2, 0
302,49.52,137,8,256,256,256,0.65, 0, 0.35, 0,right,256, 0, 0, 0, 4, 0, 0, 0, 64, 2, 0, 0, 4, 32, 4, 0
301,49.51,164,7,256,256,256,0.4, 0.11, 0.26, 0.23,right,0, 0, 0, 256, 0, 0, 0, 4, 2, 0, 64, 2, 0, 4, 32, 4
301,48.84,166,8,256.85,512,256,0.13, 0.15, 0.68, 0.04,up,0, 0, 0, 256, 0, 0, 0, 4, 2, 2, 64, 2, 0, 4, 32, 4
303,48.34,145,8,256.84,512,256,0.08, 0.34, 0.49, 0.09,up,2, 2, 64, 256, 0, 4, 32, 4, 0, 0, 0, 2, 2, 0, 0, 4
304,47.04,169,8,258.52,512,256,0, 0.97, 0, 0.03,left,4, 2, 64, 256, 2, 4, 32, 4, 0, 0, 0, 2, 0, 0, 0, 4
308,48.74,143,10,256,256,256,0.05, 0.05, 0.87, 0.03,up,4, 2, 64, 256, 2, 4, 32, 4, 2, 0, 2, 0, 4, 0, 0, 0
303,47.42,249,7,258.53,512,256,0.23, 0.05, 0.44, 0.28,up,4, 2, 64, 256, 4, 4, 32, 4, 4, 0, 2, 0, 2, 0, 0, 0
307,47.24,164,7,259.32,512,256,0.55, 0.42, 0, 0.03,right,8, 2, 64, 256, 4, 4, 32, 4, 2, 0, 2, 2, 0, 0, 0, 0
308,46.45,217,8,257.66,512,256,0, 0.2, 0.42, 0.38,up,8, 2, 64, 256, 0, 8, 32, 4, 0, 0, 2, 4, 0, 0, 0, 2
310,53.88,179,10,259.29,512,256,0.08, 0.08, 0.76, 0.08,up,8, 2, 64, 256, 0, 8, 32, 8, 0, 0, 2, 2, 0, 0, 0, 2
288,47.21,217,8,260.43,512,256,0.04, 0.05, 0.4, 0.5,down,8, 2, 64, 256, 0, 8, 32, 8, 0, 0, 2, 4, 0, 2, 0, 0
308,50.02,175,11,256.83,512,256,0.1, 0.72, 0.03, 0.14,left,0, 2, 0, 0, 0, 2, 64, 256, 0, 8, 32, 8, 8, 2, 2, 4
299,51.63,178,9,260.27,512,256,0.71, 0.23, 0.02, 0.04,right,2, 0, 0, 0, 2, 64, 256, 2, 8, 32, 8, 0, 8, 4, 4, 0
295,56.93,195,9,259.46,512,256,0.01, 0.02, 0.02, 0.95,down,0, 0, 0, 2, 2, 64, 256, 2, 0, 8, 32, 8, 2, 0, 8, 8
279,53.33,138,8,256.91,512,256,0.07, 0.84, 0.03, 0.06,left,0, 0, 0, 2, 0, 0, 256, 0, 0, 64, 32, 4, 4, 8, 8, 16
290,56.78,207,9,260.4,512,256,0.45, 0.54, 0.01, 0,left,2, 0, 0, 0, 256, 0, 0, 0, 64, 32, 4, 0, 4, 16, 16, 2
279,57.36,241,9,258.74,512,256,0.11, 0, 0.85, 0.04,up,2, 0, 0, 0, 256, 2, 0, 0, 64, 32, 4, 0, 4, 32, 2, 0
277,53.24,140,7,258.76,512,256,0.04, 0.87, 0.05, 0.04,left,2, 2, 4, 0, 256, 64, 2, 0, 64, 0, 0, 0, 4, 0, 0, 2
290,54.33,167,8,257.76,512,256,0.22, 0.65, 0.06, 0.07,left,4, 4, 0, 0, 256, 64, 2, 0, 64, 0, 0, 0, 4, 2, 0, 2
287,53.6,182,7,260.44,512,256,0.17, 0.1, 0.05, 0.68,down,8, 0, 0, 0, 256, 64, 2, 2, 64, 0, 0, 0, 4, 4, 0, 0
289,52.42,133,7,258.65,512,256,0.08, 0.9, 0.02, 0,left,8, 0, 0, 0, 256, 2, 0, 0, 64, 64, 0, 0, 4, 4, 2, 2
292,53.28,127,7,256.87,512,256,0.09, 0.17, 0.23, 0.5,down,8, 0, 0, 0, 256, 2, 0, 0, 128, 0, 0, 0, 8, 4, 0, 2
290,53.48,197,6,261.28,512,256,0.09, 0.34, 0.25, 0.31,left,8, 2, 0, 0, 256, 0, 0, 0, 128, 2, 0, 0, 8, 4, 0, 2
289,52.74,173,6,263.06,512,256,0.11, 0.18, 0.29, 0.42,down,8, 2, 0, 0, 256, 0, 0, 0, 128, 2, 0, 0, 8, 4, 2, 2
291,52.1,170,6,263.89,512,256,0.14, 0.37, 0.15, 0.34,left,8, 0, 0, 0, 256, 0, 0, 0, 128, 4, 0, 2, 8, 4, 2, 2
293,48.74,137,7,258.61,512,256,0.07, 0.19, 0.09, 0.64,down,8, 2, 0, 0, 256, 0, 0, 0, 128, 4, 2, 0, 8, 4, 4, 0
303,48.98,182,6,259.37,512,256,0.3, 0.47, 0.11, 0.12,left,8, 0, 2, 0, 256, 0, 0, 0, 128, 2, 2, 0, 8, 8, 4, 0
303,47.74,187,7,260.21,512,256,0.19, 0.16, 0.38, 0.27,up,8, 2, 0, 0, 256, 0, 0, 0, 128, 4, 0, 0, 16, 4, 0, 2
306,47.36,142,7,258.5,512,256,0.04, 0.14, 0.31, 0.5,down,8, 2, 0, 2, 256, 8, 0, 0, 128, 0, 0, 2, 16, 0, 0, 0
307,46.69,180,8,260.99,512,256,0.07, 0, 0.93, 0,up,8, 0, 0, 0, 256, 0, 0, 0, 128, 2, 0, 0, 16, 8, 2, 4
309,45.56,204,6,260.95,512,256,0.28, 0.48, 0.18, 0.06,left,8, 2, 2, 4, 256, 8, 0, 0, 128, 0, 0, 2, 16, 0, 0, 0
313,44.32,152,7,258.45,512,256,0.37, 0.48, 0.1, 0.06,left,8, 4, 4, 0, 256, 8, 0, 0, 128, 2, 2, 0, 16, 0, 0, 0
317,45.44,192,7,264.05,512,256,0.1, 0.27, 0.37, 0.27,up,8, 8, 0, 0, 256, 8, 0, 0, 128, 4, 0, 0, 16, 2, 0, 0
313,44.51,167,7,260.08,512,256,0.56, 0, 0.18, 0.26,right,8, 16, 0, 0, 256, 4, 2, 0, 128, 2, 0, 0, 16, 0, 0, 0
316,44.02,172,8,263.27,512,256,0.08, 0.06, 0.73, 0.13,up,0, 0, 8, 16, 0, 256, 4, 2, 0, 0, 128, 2, 0, 2, 0, 16
317,46.05,195,7,264.86,512,256,0.06, 0.75, 0.11, 0.08,left,0, 256, 8, 16, 0, 2, 4, 4, 0, 2, 128, 16, 0, 0, 0, 0
311,42.64,185,6,260.92,512,256,0.04, 0.23, 0.46, 0.27,up,256, 8, 16, 0, 2, 8, 0, 0, 2, 128, 16, 0, 0, 0, 0, 2
322,43.9,173,7,263.93,512,256,0.28, 0.22, 0.23, 0.28,down,256, 16, 32, 2, 4, 128, 0, 0, 0, 0, 0, 0, 0, 0, 0, 2
318,41.25,145,8,260.82,512,256,0.17, 0.56, 0.27, 0,left,0, 0, 0, 0, 0, 0, 0, 0, 256, 16, 0, 2, 4, 128, 32, 4
326,39.18,162,7,259.13,512,256,0.86, 0, 0.14, 0,right,0, 0, 0, 0, 2, 0, 0, 0, 256, 16, 2, 0, 4, 128, 32, 4
332,40.1,158,7,262.15,512,256,0.08, 0.19, 0.24, 0.49,down,0, 2, 0, 0, 0, 0, 0, 2, 0, 256, 16, 2, 4, 128, 32, 4
329,45.58,153,9,262.98,512,256,0.03, 0.03, 0.91, 0.02,up,0, 0, 2, 0, 0, 2, 0, 0, 0, 256, 16, 4, 4, 128, 32, 4
313,43.72,171,10,264.15,512,256,0.8, 0.15, 0.03, 0.03,right,4, 2, 2, 8, 0, 256, 16, 0, 0, 128, 32, 0, 0, 0, 0, 2
318,45.71,148,8,264.83,512,256,0.91, 0.05, 0.02, 0.01,right,0, 4, 4, 8, 0, 0, 256, 16, 2, 0, 128, 32, 0, 0, 0, 2
312,46.4,170,8,264.18,512,256,0.71, 0.06, 0.18, 0.05,right,0, 0, 8, 8, 0, 0, 256, 16, 0, 2, 128, 32, 0, 0, 2, 2
310,45.83,139,6,263.41,512,256,0.18, 0.04, 0.28, 0.49,down,0, 2, 0, 16, 0, 0, 256, 16, 0, 2, 128, 32, 0, 0, 0, 4
312,45.66,187,6,269.9,512,256,0, 0.14, 0.45, 0.41,up,0, 0, 0, 0, 0, 0, 0, 32, 0, 0, 256, 32, 2, 4, 128, 4
313,45.9,173,7,269.86,512,256,0.16, 0.26, 0.38, 0.2,up,2, 4, 256, 64, 0, 0, 128, 4, 0, 0, 0, 0, 2, 0, 0, 0
312,43.77,187,6,267.45,512,256,0.3, 0.5, 0.14, 0.06,left,4, 4, 256, 64, 0, 0, 128, 4, 0, 0, 0, 0, 0, 2, 0, 0
318,42.19,202,6,266.43,512,256,0.4, 0, 0.44, 0.15,up,8, 256, 64, 2, 128, 4, 0, 0, 0, 0, 0, 0, 2, 0, 0, 0
323,41.39,153,7,269.43,512,256,0.33, 0.24, 0.3, 0.13,right,8, 256, 64, 2, 128, 4, 0, 2, 2, 0, 0, 0, 0, 0, 0, 0
325,39.81,184,6,266.99,512,256,0.37, 0.17, 0.21, 0.25,right,8, 256, 64, 2, 0, 128, 4, 2, 0, 0, 0, 2, 0, 2, 0, 0
330,38.02,134,7,261.41,512,256,0.23, 0.15, 0.28, 0.34,down,8, 256, 64, 2, 0, 128, 4, 2, 0, 0, 2, 2, 0, 0, 0, 2
335,37.01,157,6,262.86,512,256,0.2, 0.07, 0.53, 0.21,up,0, 0, 0, 0, 0, 0, 64, 0, 2, 256, 4, 4, 8, 128, 2, 4
338,37.72,136,7,265.82,512,256,0.59, 0.28, 0, 0.13,right,2, 256, 64, 8, 8, 128, 4, 0, 0, 2, 2, 0, 0, 0, 0, 0
336,35.37,165,6,262.08,512,256,0.29, 0.07, 0.31, 0.33,down,2, 256, 64, 8, 0, 8, 128, 4, 2, 0, 0, 4, 0, 0, 0, 0
343,34.77,141,6,264.19,512,256,0, 0.32, 0.23, 0.45,down,0, 0, 0, 2, 0, 0, 0, 0, 0, 256, 64, 8, 4, 8, 128, 8
345,34.01,153,7,265.62,512,256,0.2, 0.24, 0.18, 0.38,down,0, 0, 2, 0, 0, 0, 0, 0, 0, 256, 64, 2, 4, 8, 128, 16
347,34.39,139,7,267.77,512,256,0.21, 0.45, 0.15, 0.18,left,2, 0, 0, 0, 0, 0, 2, 0, 0, 256, 64, 2, 4, 8, 128, 16
346,32.36,157,8,265.59,512,256,0.12, 0.27, 0.41, 0.2,up,2, 0, 0, 0, 2, 2, 0, 0, 256, 64, 2, 0, 4, 8, 128, 16
352,31.89,148,8,266.15,512,256,0.1, 0.69, 0.17, 0.04,left,4, 2, 2, 16, 256, 64, 128, 0, 4, 8, 0, 0, 0, 0, 2, 0
354,33.86,165,9,270.42,512,256,0.05, 0.94, 0, 0.01,left,4, 4, 16, 2, 256, 64, 128, 0, 4, 8, 0, 0, 2, 0, 0, 0
348,29.33,156,7,266.27,512,256,0.33, 0.38, 0.18, 0.11,left,8, 16, 2, 0, 256, 64, 128, 0, 4, 8, 0, 2, 2, 0, 0, 0
362,30.73,138,8,269.4,512,256,0.54, 0, 0.32, 0.14,right,8, 16, 2, 0, 256, 64, 128, 2, 4, 8, 2, 0, 2, 0, 0, 0
357,30.44,158,10,270.3,512,256,0, 0.41, 0.1, 0.49,down,0, 8, 16, 2, 256, 64, 128, 2, 2, 4, 8, 2, 0, 0, 0, 2
358,29.57,154,7,269.55,512,256,0.37, 0.35, 0.07, 0.22,right,2, 0, 0, 0, 0, 8, 16, 0, 256, 64, 128, 4, 2, 4, 8, 4
361,32,147,8,275.8,512,256,0.02, 0.05, 0.44, 0.49,down,0, 2, 0, 2, 0, 0, 8, 16, 256, 64, 128, 4, 2, 4, 8, 4
354,30.01,154,9,271.91,512,256,0.74, 0.09, 0.17, 0,right,0, 0, 0, 0, 2, 2, 8, 2, 256, 64, 128, 16, 2, 4, 8, 8
359,31.77,217,9,274.49,512,256,0.2, 0.06, 0.05, 0.69,down,2, 0, 0, 0, 0, 4, 8, 2, 256, 64, 128, 16, 0, 2, 4, 16
354,29.59,136,8,272.59,512,256,0.33, 0.1, 0.57, 0,up,0, 0, 2, 0, 0, 4, 8, 0, 2, 64, 128, 2, 256, 2, 4, 32
361,30.07,157,8,275.8,512,256,0.73, 0.23, 0.02, 0.01,right,2, 4, 2, 2, 256, 64, 8, 32, 0, 2, 128, 0, 0, 0, 4, 2
359,57.71,146,16,395.38,512,256,0.11, 0.08, 0.05, 0.76,down,0, 2, 4, 4, 256, 64, 8, 32, 0, 0, 2, 128, 2, 0, 4, 2
276,30.91,160,7,281.88,512,256,0.89, 0.04, 0.04, 0.03,right,0, 0, 4, 4, 0, 2, 8, 32, 256, 2, 2, 128, 2, 64, 4, 2
357,48.68,176,15,343.24,512,256,0, 0.07, 0.77, 0.16,up,0, 0, 0, 8, 0, 2, 8, 32, 2, 256, 4, 128, 2, 64, 4, 2
303,57.76,205,15,396.63,512,256,0.85, 0.08, 0.04, 0.03,right,4, 2, 8, 8, 0, 256, 8, 32, 0, 64, 0, 128, 0, 2, 0, 2
276,50.09,143,12,371.52,512,256,0.05, 0.1, 0.06, 0.79,down,0, 4, 2, 16, 0, 256, 8, 32, 0, 0, 64, 128, 2, 0, 0, 4
299,62,172,16,428.37,512,256,0.09, 0.05, 0.85, 0.01,up,0, 2, 0, 16, 0, 0, 2, 32, 0, 4, 8, 128, 2, 256, 64, 4
264,69.52,217,13,454.79,512,256,0.08, 0.91, 0, 0.01,left,2, 2, 2, 16, 0, 4, 8, 32, 0, 256, 64, 128, 0, 0, 2, 4
241,70.96,190,13,467.57,512,256,0, 0, 0.01, 0.99,down,4, 2, 16, 0, 4, 8, 32, 2, 256, 64, 128, 0, 2, 4, 0, 0
237,74.79,210,11,477.58,512,256,0.92, 0.08, 0, 0,right,2, 2, 0, 0, 8, 8, 16, 0, 256, 64, 32, 0, 2, 4, 128, 2
225,82.09,191,11,500.67,512,256,0.97, 0.02, 0, 0,right,0, 0, 0, 4, 0, 2, 16, 16, 0, 256, 64, 32, 2, 4, 128, 2
203,80.28,179,9,501.96,512,256,0.07, 0, 0.92, 0.01,up,0, 0, 0, 4, 2, 0, 2, 32, 0, 256, 64, 32, 2, 4, 128, 2
209,79.9,174,7,508.34,512,256,0.01, 0.97, 0.01, 0.01,left,4, 256, 2, 4, 0, 4, 64, 64, 2, 0, 128, 2, 0, 0, 0, 0
210,79.05,175,6,507.15,512,256,0.01, 0.02, 0.55, 0.42,up,4, 256, 2, 4, 4, 128, 0, 0, 2, 128, 2, 0, 0, 0, 2, 0
212,79.07,148,5,512,512,512,0.21, 0.24, 0.21, 0.34,down,8, 256, 4, 4, 2, 256, 2, 0, 0, 0, 0, 2, 0, 0, 0, 0
212,77.25,141,5,512,512,512,0.39, 0.39, 0.08, 0.14,left,0, 0, 0, 2, 0, 0, 0, 0, 8, 0, 4, 4, 2, 512, 2, 2
218,77.79,169,5,512,512,512,0.35, 0.26, 0.26, 0.13,right,2, 2, 0, 0, 0, 0, 0, 0, 8, 8, 0, 0, 2, 512, 4, 0
216,76.46,148,6,512,512,512,0.25, 0.24, 0.31, 0.2,up,0, 0, 0, 4, 0, 0, 0, 0, 2, 0, 0, 16, 0, 2, 512, 4
220,74.63,146,5,512,512,512,0.13, 0.17, 0.44, 0.26,up,2, 2, 512, 4, 0, 0, 0, 16, 2, 0, 0, 4, 0, 0, 0, 0
226,75.22,166,6,512,512,512,0.11, 0.14, 0.49, 0.25,up,4, 2, 512, 4, 0, 0, 0, 16, 0, 2, 0, 4, 0, 0, 0, 0
224,74.7,166,5,512,512,512,0.3, 0.42, 0.21, 0.07,left,4, 4, 512, 4, 0, 0, 0, 16, 0, 2, 0, 4, 0, 0, 0, 0
225,69.58,145,6,512,512,512,0.18, 0.18, 0.36, 0.28,up,8, 512, 4, 0, 16, 0, 2, 0, 2, 4, 0, 0, 0, 0, 0, 0
241,73.93,167,8,512,512,512,0.13, 0.13, 0.21, 0.54,down,8, 512, 4, 0, 16, 4, 2, 0, 2, 0, 0, 0, 0, 2, 0, 0
228,69.7,197,6,512,512,512,0.22, 0.44, 0.34, 0,left,0, 0, 0, 0, 8, 512, 2, 0, 16, 4, 4, 0, 2, 2, 2, 0
240,69.27,146,7,512,512,512,0.51, 0.3, 0.08, 0.11,right,0, 0, 0, 0, 8, 512, 2, 0, 16, 8, 0, 0, 4, 2, 0, 2
242,66.19,147,6,512,512,512,0.68, 0.16, 0.06, 0.09,right,0, 2, 0, 0, 0, 8, 512, 2, 0, 0, 16, 8, 0, 0, 4, 4
251,68.11,154,6,512,512,512,0, 0.13, 0.77, 0.1,up,0, 0, 0, 2, 0, 8, 512, 2, 0, 0, 16, 8, 0, 0, 2, 8
245,68.35,162,6,512,512,512,0.19, 0.37, 0.31, 0.13,left,0, 8, 512, 4, 0, 0, 16, 16, 0, 0, 2, 0, 0, 2, 0, 0
244,65.77,137,7,512,512,512,0.19, 0.36, 0.2, 0.25,left,8, 512, 4, 0, 32, 0, 0, 2, 2, 0, 0, 0, 2, 0, 0, 0
252,66.45,175,7,512,512,512,0.18, 0.07, 0.29, 0.45,down,8, 512, 4, 0, 32, 2, 0, 0, 2, 0, 0, 0, 2, 0, 2, 0
250,65.54,164,6,512,512,512,0.44, 0.38, 0.1, 0.08,right,0, 0, 0, 2, 8, 0, 0, 0, 32, 512, 4, 0, 4, 2, 2, 0
253,64.67,188,5,512,512,512,0.15, 0.16, 0.3, 0.39,down,0, 0, 0, 2, 2, 0, 0, 8, 0, 32, 512, 4, 0, 0, 4, 4
255,66.03,202,7,512,512,512,0, 0.07, 0.67, 0.25,up,0, 0, 0, 0, 0, 0, 0, 2, 0, 2, 512, 8, 2, 32, 4, 8
251,63.91,132,6,512,512,512,0.25, 0.38, 0.22, 0.15,left,2, 2, 512, 2, 0, 32, 4, 16, 0, 0, 0, 0, 0, 0, 0, 2
258,62.1,186,7,512,512,512,0.36, 0.16, 0.14, 0.34,right,4, 512, 2, 0, 32, 4, 16, 0, 0, 0, 0, 0, 2, 0, 2, 0
263,63.24,136,7,512,512,512,0, 0.27, 0.47, 0.26,up,0, 4, 512, 2, 0, 32, 4, 16, 0, 0, 0, 0, 0, 0, 2, 4
260,64.54,133,9,512,512,512,0.01, 0.02, 0.04, 0.93,down,0, 4, 512, 2, 0, 32, 4, 16, 0, 0, 2, 4, 0, 0, 2, 0
256,62.46,157,7,512,512,512,0.28, 0.64, 0.05, 0.03,left,0, 2, 0, 0, 0, 0, 512, 2, 0, 4, 4, 16, 0, 32, 4, 4
262,62.48,147,8,512,512,512,0.07, 0.18, 0.68, 0.06,up,2, 0, 0, 0, 512, 2, 0, 2, 8, 16, 0, 0, 32, 8, 0, 0
262,63.71,194,7,512,512,512,0.27, 0.3, 0.41, 0.03,up,2, 2, 0, 2, 512, 16, 0, 2, 8, 8, 0, 0, 32, 0, 0, 0
258,60.17,143,7,512,512,512,0.67, 0.28, 0.03, 0.02,right,2, 2, 0, 4, 512, 16, 0, 0, 8, 8, 0, 0, 32, 0, 2, 0
269,59.81,141,6,512,512,512,0.24, 0.15, 0.3, 0.3,up,2, 0, 4, 4, 0, 0, 512, 16, 0, 0, 0, 16, 0, 0, 32, 2
270,58.14,163,7,512,512,512,0.23, 0.16, 0.28, 0.33,down,2, 0, 4, 4, 2, 0, 512, 32, 0, 0, 32, 2, 0, 0, 0, 0
275,59.85,189,6,512,512,512,0.37, 0.49, 0.09, 0.04,left,0, 0, 0, 0, 0, 2, 4, 4, 0, 0, 512, 32, 4, 0, 32, 2
270,59.12,154,6,512,512,512,0.1, 0.14, 0.43, 0.33,up,0, 0, 0, 0, 2, 8, 0, 0, 512, 32, 0, 2, 4, 32, 2, 0
272,58.39,137,8,512,512,512,0.14, 0.1, 0.55, 0.2,up,2, 8, 2, 2, 512, 64, 0, 0, 4, 0, 2, 0, 0, 0, 0, 0
274,58.61,133,7,512,512,512,0.03, 0.24, 0.05, 0.68,down,2, 8, 4, 2, 512, 64, 0, 0, 4, 0, 0, 0, 0, 0, 2, 0
274,56.64,157,7,512,512,512,0.56, 0.19, 0.19, 0.06,right,0, 0, 0, 0, 2, 0, 0, 0, 512, 8, 4, 2, 4, 64, 2, 2
280,58.17,153,6,512,512,512,0.04, 0.08, 0.19, 0.69,down,0, 0, 2, 0, 0, 0, 0, 2, 512, 8, 4, 2, 0, 4, 64, 4
275,58.48,184,6,512,512,512,0.41, 0.18, 0.14, 0.26,right,2, 0, 0, 0, 0, 0, 2, 0, 0, 8, 4, 4, 512, 4, 64, 4
274,56.7,152,6,512,512,512,0.42, 0.21, 0.18, 0.2,right,0, 0, 0, 2, 0, 0, 2, 2, 0, 0, 8, 8, 512, 4, 64, 4
279,55.69,137,6,512,512,512,0.35, 0.34, 0.12, 0.2,right,0, 0, 0, 2, 2, 0, 0, 4, 0, 0, 0, 16, 512, 4, 64, 4
282,55.29,158,9,512,512,512,0.06, 0.14, 0.72, 0.08,up,0, 0, 0, 2, 2, 0, 2, 4, 0, 0, 0, 16, 512, 4, 64, 4
284,52.19,137,9,512,512,512,0.72, 0.11, 0.14, 0.03,right,2, 4, 2, 2, 512, 0, 64, 4, 0, 0, 0, 16, 2, 0, 0, 4
293,49.97,179,7,512,512,512,0.12, 0.11, 0.21, 0.56,down,0, 2, 4, 4, 0, 512, 64, 4, 0, 0, 2, 16, 0, 0, 2, 4
300,49.45,182,8,512,512,512,0.59, 0.35, 0.06, 0,right,0, 0, 0, 2, 0, 0, 4, 8, 0, 2, 64, 16, 0, 512, 4, 4
301,48.29,143,7,512,512,512,0.19, 0.59, 0.09, 0.13,left,2, 0, 0, 2, 0, 0, 4, 8, 0, 2, 64, 16, 0, 0, 512, 8
305,48.37,148,8,512,512,512,0.04, 0, 0.82, 0.14,up,4, 0, 0, 0, 4, 8, 2, 0, 2, 64, 16, 0, 512, 8, 0, 0
304,48.16,117,9,512,512,512,0.13, 0.68, 0, 0.2,left,8, 8, 2, 0, 2, 64, 16, 0, 512, 8, 2, 0, 0, 0, 0, 0
305,44.76,130,6,512,512,512,0.37, 0, 0.19, 0.44,down,16, 2, 0, 0, 2, 64, 16, 0, 512, 8, 2, 0, 2, 0, 0, 0
315,45.5,127,10,512,512,512,0.74, 0.11, 0.05, 0.11,right,16, 0, 0, 0, 2, 2, 0, 2, 512, 64, 16, 0, 2, 8, 2, 0
313,41.06,117,8,512,512,512,0, 0.08, 0.49, 0.43,up,0, 0, 0, 16, 0, 0, 2, 4, 2, 512, 64, 16, 0, 2, 8, 2
326,42.57,130,8,512,512,512,0.77, 0.02, 0.07, 0.14,right,2, 512, 2, 16, 2, 2, 64, 4, 0, 0, 8, 16, 0, 0, 0, 2
322,41.88,105,9,512,512,512,0.01, 0.04, 0.03, 0.92,down,2, 512, 2, 16, 0, 4, 64, 4, 0, 0, 8, 16, 2, 0, 0, 2
324,42.86,147,8,512,512,512,0.15, 0.17, 0.02, 0.66,down,0, 0, 2, 16, 0, 0, 2, 4, 0, 512, 64, 16, 4, 4, 8, 2
321,42.02,136,7,512,512,512,0.39, 0.45, 0.02, 0.14,left,2, 0, 0, 16, 0, 0, 4, 4, 0, 512, 64, 16, 4, 4, 8, 2
323,41.06,161,8,512,512,512,0.05, 0.05, 0.9, 0,up,2, 16, 0, 0, 8, 2, 0, 0, 512, 64, 16, 0, 8, 8, 2, 0
326,49.92,148,11,512,512,512,0.11, 0.88, 0.01, 0.01,left,2, 16, 16, 0, 8, 2, 2, 0, 512, 64, 2, 0, 8, 8, 0, 0
300,41.5,132,6,512,512,512,0.24, 0.3, 0.18, 0.28,left,2, 32, 0, 0, 8, 4, 0, 2, 512, 64, 2, 0, 16, 0, 0, 0
325,40.41,112,7,512,512,512,0.1, 0.45, 0.1, 0.35,left,2, 32, 0, 0, 8, 4, 2, 0, 512, 64, 2, 2, 16, 0, 0, 0
328,44.17,116,8,512,512,512,0.75, 0.1, 0.08, 0.07,right,2, 32, 0, 2, 8, 4, 2, 0, 512, 64, 4, 0, 16, 0, 0, 0
317,49.23,169,11,512,512,512,0, 0.01, 0.14, 0.84,down,0, 2, 32, 2, 0, 8, 4, 2, 2, 512, 64, 4, 0, 0, 0, 16
302,49.34,142,9,512,512,512,0.09, 0.88, 0.02, 0.02,left,0, 0, 2, 0, 0, 2, 32, 4, 0, 8, 4, 4, 2, 512, 64, 16
301,55.19,135,10,512,512,512,0.97, 0.01, 0.02, 0.01,right,2, 0, 2, 0, 2, 32, 4, 0, 8, 8, 0, 0, 2, 512, 64, 16
284,51.97,146,9,512,512,512,0.1, 0.01, 0.81, 0.08,up,0, 2, 0, 4, 0, 2, 32, 4, 0, 0, 0, 16, 2, 512, 64, 16
294,54.78,135,9,512,512,512,0, 0.78, 0, 0.22,left,2, 4, 32, 8, 0, 512, 64, 32, 0, 0, 0, 2, 0, 0, 0, 0
285,53.69,156,7,512,512,512,0.05, 0.06, 0.36, 0.53,down,2, 4, 32, 8, 512, 64, 32, 0, 2, 0, 0, 2, 0, 0, 0, 0
288,55.18,113,7,512,512,512,0.32, 0.58, 0.1, 0,left,0, 0, 0, 0, 2, 0, 0, 0, 512, 4, 2, 8, 2, 64, 64, 2
284,55.13,139,7,512,512,512,0.17, 0.06, 0.59, 0.18,up,0, 0, 0, 0, 2, 0, 2, 0, 512, 4, 2, 8, 2, 128, 2, 0
284,52.28,151,6,512,512,512,0.46, 0.39, 0, 0.15,right,2, 4, 4, 8, 512, 128, 2, 2, 2, 0, 0, 0, 0, 0, 0, 0
293,52.95,118,7,512,512,512,0.68, 0.26, 0, 0.06,right,0, 2, 8, 8, 0, 512, 128, 4, 0, 2, 0, 2, 0, 0, 0, 0
291,50.56,115,6,512,512,512,0.38, 0.09, 0.29, 0.24,right,0, 0, 2, 16, 0, 512, 128, 4, 0, 2, 0, 4, 0, 0, 0, 0
298,50.68,133,6,512,512,512,0.35, 0.18, 0.14, 0.33,right,0, 0, 2, 16, 0, 512, 128, 4, 0, 2, 2, 4, 0, 0, 0, 0
297,49.72,152,8,512,512,512,0.1, 0.09, 0.73, 0.09,up,0, 0, 2, 16, 0, 512, 128, 4, 0, 0, 4, 4, 0, 0, 2, 0
300,46.76,115,7,512,512,512,0.17, 0.35, 0, 0.48,down,2, 512, 2, 16, 0, 0, 128, 8, 0, 0, 4, 0, 0, 0, 2, 0
309,48.17,134,8,512,512,512,0.07, 0.07, 0.87, 0,up,0, 0, 2, 0, 0, 0, 128, 0, 0, 2, 4, 16, 2, 512, 2, 8
305,47.77,135,7,512,512,512,0.85, 0.08, 0.04, 0.03,right,2, 2, 2, 16, 0, 512, 128, 8, 0, 0, 4, 0, 2, 0, 2, 0
306,48.39,112,7,512,512,512,0, 0.02, 0.72, 0.26,up,0, 2, 4, 16, 0, 512, 128, 8, 0, 0, 0, 4, 0, 0, 2, 4
304,46.47,173,6,512,512,512,0, 0.02, 0.55, 0.43,up,0, 2, 4, 16, 2, 512, 128, 8, 0, 0, 2, 8, 0, 0, 0, 0
310,47.36,133,6,512,512,512,0.33, 0.4, 0.22, 0.06,left,2, 2, 4, 16, 0, 512, 128, 16, 0, 2, 2, 0, 0, 0, 0, 0
307,44.68,158,7,512,512,512,0.19, 0.44, 0.21, 0.15,left,4, 4, 16, 0, 512, 128, 16, 0, 4, 0, 0, 0, 0, 0, 0, 2
315,41.18,133,7,512,512,512,0.24, 0, 0, 0.76,down,8, 16, 2, 0, 512, 128, 16, 0, 4, 0, 0, 0, 2, 0, 0, 0
326,43.17,121,6,512,512,512,0.34, 0.18, 0.28, 0.21,right,8, 0, 0, 0, 512, 0, 2, 0, 4, 16, 2, 0, 2, 128, 16, 0
320,41.03,133,9,512,512,512,0.06, 0.03, 0.75, 0.16,up,0, 0, 0, 8, 2, 0, 512, 2, 0, 4, 16, 2, 0, 2, 128, 16
326,38.89,109,9,512,512,512,0, 0.93, 0, 0.06,left,2, 4, 512, 8, 0, 2, 16, 4, 0, 0, 128, 16, 0, 0, 0, 2
333,40.66,115,7,512,512,512,0.49, 0.11, 0.36, 0.04,right,2, 4, 512, 8, 2, 16, 4, 0, 128, 16, 0, 2, 2, 0, 0, 0
328,40.94,136,8,512,512,512,0.01, 0.02, 0.67, 0.29,up,2, 4, 512, 8, 0, 2, 16, 4, 0, 128, 16, 2, 2, 0, 0, 2
327,39.43,130,6,512,512,512,0.25, 0.23, 0.43, 0.08,up,4, 4, 512, 8, 0, 2, 32, 4, 2, 128, 0, 4, 0, 0, 0, 0
331,37.43,101,7,512,512,512,0.55, 0.18, 0.23, 0.04,right,4, 4, 512, 8, 2, 2, 32, 8, 0, 128, 0, 2, 0, 0, 0, 0
337,37.51,117,7,512,512,512,0.14, 0.18, 0.23, 0.45,down,0, 8, 512, 8, 0, 4, 32, 8, 0, 0, 128, 2, 2, 0, 0, 0
337,36.84,122,7,512,512,512,0.25, 0.12, 0.45, 0.18,up,0, 0, 0, 2, 0, 0, 512, 0, 0, 8, 32, 16, 2, 4, 128, 2
339,38.15,121,9,512,512,512,0.05, 0.14, 0.02, 0.78,down,2, 8, 512, 2, 0, 4, 32, 16, 2, 0, 128, 2, 0, 0, 0, 0
335,39.29,108,8,512,512,512,0.47, 0.36, 0.08, 0.09,right,2, 0, 0, 0, 0, 0, 512, 2, 0, 8, 32, 16, 4, 4, 128, 2
332,41.12,135,9,512,512,512,0.05, 0.15, 0.5, 0.3,up,2, 0, 0, 2, 0, 0, 512, 2, 0, 8, 32, 16, 0, 8, 128, 2
326,40.57,116,7,512,512,512,0.1, 0.5, 0.22, 0.19,left,2, 16, 512, 4, 0, 0, 32, 16, 0, 0, 128, 2, 2, 0, 0, 0
328,42.5,111,7,512,512,512,0.04, 0.03, 0.33, 0.6,down,2, 16, 512, 4, 32, 16, 0, 2, 128, 2, 0, 0, 2, 0, 0, 0
322,41.1,123,8,512,512,512,0.18, 0.44, 0.39, 0,left,2, 0, 0, 0, 32, 2, 0, 0, 128, 32, 0, 4, 2, 2, 512, 2
326,40.7,143,8,512,512,512,0.21, 0.17, 0.62, 0,up,2, 0, 0, 0, 32, 2, 2, 0, 128, 32, 4, 0, 4, 512, 2, 0
327,41.32,150,8,512,512,512,0.15, 0.36, 0, 0.49,down,2, 2, 2, 2, 32, 32, 4, 0, 128, 512, 2, 0, 4, 0, 0, 0
326,39.34,134,7,512,512,512,0.09, 0.48, 0.39, 0.04,left,2, 0, 0, 0, 32, 2, 2, 0, 128, 32, 4, 2, 4, 512, 2, 2
331,38.45,136,9,512,512,512,0.83, 0, 0.09, 0.08,right,2, 0, 0, 0, 32, 4, 0, 0, 128, 32, 4, 2, 4, 512, 4, 2
334,37.05,124,7,512,512,512,0.13, 0.01, 0.33, 0.53,down,2, 0, 0, 2, 0, 0, 32, 4, 128, 32, 4, 2, 4, 512, 4, 2
338,35.19,100,6,512,512,512,0.45, 0.11, 0.08, 0.36,right,0, 2, 0, 0, 2, 0, 0, 2, 128, 32, 32, 4, 4, 512, 8, 4
344,36.26,119,7,512,512,512,0.25, 0.04, 0.16, 0.56,down,0, 0, 0, 2, 2, 0, 0, 4, 0, 128, 64, 4, 4, 512, 8, 4
341,36.64,154,7,512,512,512,0.26, 0.21, 0.15, 0.38,down,0, 0, 0, 0, 2, 0, 0, 2, 2, 128, 64, 4, 4, 512, 8, 8
340,34.59,117,6,512,512,512,0.16, 0.23, 0.37, 0.23,up,0, 0, 2, 0, 0, 0, 0, 2, 4, 128, 64, 4, 4, 512, 8, 8
346,31.69,103,7,512,512,512,0.48, 0.49, 0, 0.03,left,8, 128, 2, 2, 0, 512, 64, 4, 0, 0, 8, 8, 0, 0, 0, 2
354,31.26,91,7,512,512,512,0.14, 0, 0.51, 0.35,up,8, 128, 4, 2, 512, 64, 4, 0, 16, 0, 0, 0, 2, 0, 0, 0
356,31.55,115,6,512,512,512,0.31, 0.35, 0.18, 0.16,left,8, 128, 8, 2, 512, 64, 0, 2, 16, 0, 0, 0, 2, 0, 0, 0
355,30.49,107,8,512,512,512,0.14, 0.1, 0.16, 0.6,down,8, 128, 8, 2, 512, 64, 2, 0, 16, 0, 0, 0, 2, 2, 0, 0
358,31.28,102,10,512,512,512,0.13, 0.73, 0.1, 0.04,left,8, 0, 0, 0, 512, 128, 0, 0, 16, 64, 8, 2, 2, 2, 2, 2
356,30.57,92,8,512,512,512,0.29, 0.07, 0.07, 0.56,down,8, 0, 0, 0, 512, 128, 0, 0, 16, 64, 8, 2, 4, 4, 0, 2
358,30.72,118,7,512,512,512,0.44, 0.39, 0.02, 0.15,right,8, 0, 0, 0, 512, 128, 2, 0, 16, 64, 0, 0, 4, 4, 8, 4
357,31.93,109,7,512,512,512,0.56, 0.1, 0.06, 0.28,right,0, 0, 0, 8, 0, 512, 128, 2, 2, 0, 16, 64, 0, 8, 8, 4
354,31.9,127,7,512,512,512,0, 0.55, 0.2, 0.25,left,0, 0, 0, 8, 0, 512, 128, 2, 0, 2, 16, 64, 0, 2, 16, 4
354,30.95,128,7,512,512,512,0.24, 0.14, 0.32, 0.3,up,8, 0, 0, 2, 512, 128, 2, 0, 2, 16, 64, 0, 2, 16, 4, 0
357,29.61,101,7,512,512,512,0.23, 0.13, 0.1, 0.54,down,8, 128, 2, 2, 512, 32, 64, 0, 4, 0, 4, 2, 0, 0, 0, 0
361,28.62,107,7,512,512,512,0.15, 0.16, 0.5, 0.18,up,0, 2, 0, 0, 8, 0, 2, 0, 512, 128, 64, 0, 4, 32, 4, 4
364,28.37,104,8,512,512,512,0.55, 0.41, 0, 0.05,right,8, 2, 2, 4, 512, 128, 64, 0, 4, 32, 4, 0, 0, 0, 2, 0
364,27.73,149,7,512,512,512,0.7, 0.26, 0.03, 0.02,right,0, 8, 4, 4, 0, 512, 128, 64, 0, 4, 32, 4, 2, 0, 0, 2
366,25.5,102,7,512,512,512,0.31, 0.14, 0.27, 0.28,right,0, 0, 8, 8, 0, 512, 128, 64, 0, 4, 32, 4, 2, 0, 0, 4
373,26.31,121,9,512,512,512,0, 0.05, 0.17, 0.78,down,0, 0, 2, 16, 0, 512, 128, 64, 0, 4, 32, 4, 0, 0, 2, 4
371,25.59,112,7,512,512,512,0.22, 0.26, 0.17, 0.36,down,0, 0, 2, 0, 0, 0, 128, 16, 2, 512, 32, 64, 0, 4, 2, 8
373,23.25,103,7,512,512,512,0.19, 0.19, 0.62, 0,up,0, 0, 2, 0, 0, 2, 128, 16, 0, 512, 32, 64, 2, 4, 2, 8
380,20.98,126,9,512,512,512,0.44, 0.22, 0, 0.34,right,2, 2, 2, 16, 0, 512, 128, 64, 0, 4, 32, 8, 0, 0, 2, 2
387,20.35,97,9,512,512,512,0.5, 0.04, 0.29, 0.17,right,0, 2, 4, 16, 0, 512, 128, 64, 0, 4, 32, 8, 2, 0, 0, 4
388,22.86,128,12,512,512,512,0, 0.33, 0.64, 0.04,up,0, 2, 4, 16, 0, 512, 128, 64, 2, 4, 32, 8, 0, 0, 2, 4
381,20.23,92,9,512,512,512,0.85, 0.14, 0, 0.02,right,2, 2, 4, 16, 0, 512, 128, 64, 0, 4, 32, 8, 0, 2, 2, 4
389,36.63,103,12,512,512,512,0.92, 0.03, 0.02, 0.03,right,0, 4, 4, 16, 2, 512, 128, 64, 0, 4, 32, 8, 0, 0, 4, 4
340,20.06,102,7,512,512,512,0.14, 0.22, 0.17, 0.47,down,2, 0, 8, 16, 2, 512, 128, 64, 0, 4, 32, 8, 0, 0, 0, 8
389,39.66,93,12,512,512,512,0.91, 0.07, 0.02, 0,right,0, 0, 0, 0, 0, 2, 8, 16, 0, 512, 128, 64, 4, 4, 32, 16
331,19.45,130,7,512,512,512,0.1, 0.29, 0.19, 0.42,down,2, 0, 0, 0, 0, 2, 8, 16, 0, 512, 128, 64, 0, 8, 32, 16
391,33.43,120,14,512,512,512,0, 0.09, 0.84, 0.07,up,0, 0, 0, 0, 0, 2, 8, 16, 2, 512, 128, 64, 2, 8, 32, 16
349,27.26,118,12,512,512,512,0, 0.02, 0.94, 0.04,up,4, 2, 8, 16, 0, 512, 128, 64, 2, 8, 32, 16, 0, 0, 0, 0
368,20.42,103,10,512,512,512,0.03, 0.04, 0, 0.93,down,4, 2, 8, 16, 2, 512, 128, 64, 0, 8, 32, 16, 0, 0, 2, 0
388,33.44,96,18,512,512,512,0.02, 0.02, 0.95, 0,up,0, 0, 8, 0, 2, 2, 128, 16, 4, 512, 32, 64, 2, 8, 2, 16
349,25.56,104,14,512,512,512,0.92, 0.06, 0, 0.01,right,2, 2, 8, 16, 4, 512, 128, 64, 2, 8, 32, 16, 0, 0, 2, 2
373,30.02,107,17,512,512,512,0, 0.98, 0, 0.02,left,2, 4, 8, 16, 4, 512, 128, 64, 2, 8, 32, 16, 0, 0, 0, 4
359,27.6,123,18,512,512,512,1, 0, 0, 0,right,2, 4, 8, 16, 4, 512, 128, 64, 2, 8, 32, 16, 4, 2, 0, 0
367,22.09,92,16,512,512,512,0, 0.07, 0, 0.93,down,2, 4, 8, 16, 4, 512, 128, 64, 2, 8, 32, 16, 0, 2, 4, 2
383,30.21,93,14,512,512,512,0, 0.02, 0.97, 0.01,up,2, 4, 8, 16, 2, 512, 128, 64, 4, 8, 32, 16, 2, 2, 4, 2
359,36.77,115,15,512,512,512,0.01, 0.98, 0, 0.01,left,4, 4, 8, 16, 4, 512, 128, 64, 2, 8, 32, 16, 2, 2, 4, 2
339,13.6,79,8,512,512,512,0.16, 0.17, 0, 0.67,down,8, 8, 16, 2, 4, 512, 128, 64, 2, 8, 32, 16, 4, 4, 2, 0
409,13.86,90,9,512,512,512,0.92, 0.01, 0.04, 0.03,right,8, 8, 16, 2, 4, 512, 128, 2, 2, 8, 32, 64, 4, 4, 2, 16
408,18.68,68,12,512,512,512,0.06, 0.01, 0.93, 0.01,up,2, 16, 16, 2, 4, 512, 128, 2, 2, 8, 32, 64, 0, 8, 2, 16
393,32.72,107,12,512,512,512,0.04, 0.93, 0, 0.03,left,2, 16, 16, 4, 4, 512, 128, 64, 2, 16, 32, 16, 0, 2, 2, 0
351,19.25,83,17,512,512,512,0.62, 0.29, 0.03, 0.06,right,2, 32, 4, 0, 4, 512, 128, 64, 2, 16, 32, 16, 4, 0, 0, 2
392,20.33,83,13,510.7,512,512,0.73, 0.21, 0, 0.06,right,2, 2, 32, 4, 4, 512, 128, 64, 2, 16, 32, 16, 0, 0, 4, 2
389,30.64,96,16,512,512,512,0, 0.93, 0.04, 0.03,left,0, 4, 32, 4, 4, 512, 128, 64, 2, 16, 32, 16, 0, 2, 4, 2
358,33.85,108,16,512,512,512,0.02, 0.02, 0.02, 0.94,down,4, 32, 4, 0, 4, 512, 128, 64, 2, 16, 32, 16, 2, 4, 2, 2
348,27.64,99,15,512,512,512,0.01, 0.98, 0.01, 0,left,0, 32, 4, 0, 2, 512, 128, 64, 8, 16, 32, 16, 4, 4, 2, 2
367,19.37,90,10,512,512,512,0, 0.91, 0.06, 0.02,left,32, 4, 0, 2, 2, 512, 128, 64, 8, 16, 32, 16, 8, 4, 0, 0
391,32.34,103,11,512,512,512,0, 0, 0.98, 0.02,up,32, 4, 2, 0, 2, 512, 128, 64, 8, 16, 32, 16, 8, 4, 2, 0
352,30.25,108,12,512,512,512,0.86, 0.09, 0, 0.05,right,32, 4, 2, 64, 2, 512, 128, 16, 16, 16, 32, 2, 0, 4, 2, 0
359,28.93,110,13,512,512,512,0.02, 0.01, 0.01, 0.96,down,32, 4, 2, 64, 2, 512, 128, 16, 0, 32, 32, 2, 2, 0, 4, 2
363,30.89,108,12,512,512,512,0.94, 0.04, 0.02, 0,right,0, 0, 2, 0, 2, 4, 128, 64, 32, 512, 32, 16, 4, 32, 4, 4
357,37.68,95,13,512,512,512,0.01, 0.01, 0.98, 0.01,up,2, 0, 0, 2, 2, 4, 128, 64, 32, 512, 32, 16, 0, 4, 32, 8
336,30.37,101,10,512,512,512,0.08, 0.74, 0.13, 0.05,left,4, 4, 128, 2, 32, 512, 64, 64, 0, 4, 0, 16, 0, 0, 2, 8
358,31.66,85,10,512,512,512,0.96, 0, 0.02, 0.02,right,8, 128, 2, 0, 32, 512, 128, 0, 4, 16, 0, 0, 2, 8, 2, 0
355,33.9,96,10,512,512,512,0.02, 0.02, 0.95, 0.01,up,0, 8, 128, 2, 0, 32, 512, 128, 2, 0, 4, 16, 0, 2, 8, 2
348,35.73,98,11,512,512,512,0, 0.03, 0.95, 0.02,up,2, 8, 128, 2, 2, 32, 512, 128, 0, 2, 4, 16, 0, 0, 8, 2
342,29.83,84,11,512,512,512,0.01, 0.96, 0.01, 0.02,left,4, 8, 128, 2, 0, 32, 512, 128, 0, 2, 4, 16, 2, 0, 8, 2
360,29.6,92,9,512,512,512,0.03, 0, 0.9, 0.07,up,4, 8, 128, 2, 32, 512, 128, 2, 2, 4, 16, 0, 2, 8, 2, 0
361,32.31,88,12,512,512,512,0.87, 0.08, 0.02, 0.03,right,4, 8, 256, 4, 32, 512, 16, 0, 4, 4, 2, 0, 0, 8, 0, 2
353,30.54,89,11,512,512,512,0, 0.02, 0.08, 0.9,down,4, 8, 256, 4, 0, 32, 512, 16, 0, 0, 8, 2, 0, 2, 8, 2
358,34.2,97,10,512,512,512,0, 0.04, 0.96, 0,up,0, 0, 0, 2, 0, 8, 256, 4, 0, 32, 512, 16, 4, 2, 16, 4
347,32.84,95,10,512,512,512,0.05, 0.89, 0.02, 0.04,left,4, 8, 256, 2, 0, 32, 512, 4, 0, 2, 16, 16, 0, 2, 0, 4
351,33.92,92,9,512,512,512,0.01, 0, 0.02, 0.97,down,4, 8, 256, 2, 32, 512, 4, 0, 2, 32, 2, 0, 2, 4, 0, 0
348,34.27,97,8,512,512,512,0.91, 0.07, 0.01, 0,right,2, 8, 0, 0, 4, 512, 256, 0, 32, 32, 4, 0, 4, 4, 2, 2
347,35.02,106,7,512,512,512,0.03, 0.82, 0.05, 0.1,left,2, 0, 2, 8, 0, 4, 512, 256, 0, 0, 64, 4, 0, 0, 8, 4
344,33.76,90,6,512,512,512,0.11, 0.2, 0.28, 0.41,down,4, 8, 0, 2, 4, 512, 256, 0, 64, 4, 0, 0, 8, 4, 0, 0
348,34.87,98,6,512,512,512,0.25, 0.33, 0.29, 0.12,left,0, 0, 0, 0, 8, 8, 2, 0, 64, 512, 0, 0, 8, 8, 256, 2
345,30.65,101,6,512,512,512,0.15, 0.41, 0.13, 0.31,left,0, 2, 0, 0, 16, 2, 0, 0, 64, 512, 0, 0, 16, 256, 2, 0
358,33.53,132,7,512,512,512,0.54, 0.12, 0.22, 0.12,right,2, 0, 0, 0, 16, 2, 0, 0, 64, 512, 0, 2, 16, 256, 2, 0
349,33.94,93,7,512,512,512,0.08, 0.05, 0.49, 0.38,up,0, 0, 2, 2, 0, 0, 16, 2, 0, 64, 512, 2, 0, 16, 256, 2
348,35.23,98,8,512,512,512,0.08, 0.73, 0.13, 0.06,left,0, 64, 2, 4, 0, 16, 16, 4, 0, 0, 512, 2, 0, 0, 256, 0
344,34.6,87,8,512,512,512,0.63, 0.17, 0.11, 0.09,right,64, 2, 4, 0, 32, 4, 0, 2, 512, 2, 0, 0, 256, 0, 0, 0
346,31.8,90,7,512,512,512,0, 0.2, 0.48, 0.33,up,0, 64, 2, 4, 0, 32, 4, 2, 0, 2, 512, 2, 0, 0, 0, 256
354,30.33,87,7,512,512,512,0.17, 0.38, 0.19, 0.26,left,0, 64, 2, 4, 0, 32, 4, 4, 0, 2, 512, 256, 2, 0, 0, 0
359,29.22,84,8,512,512,512,0.64, 0.07, 0.18, 0.12,right,64, 2, 4, 0, 32, 8, 0, 0, 2, 512, 256, 0, 2, 2, 0, 0
362,28.86,86,8,512,512,512,0.13, 0.57, 0.11, 0.19,left,0, 64, 2, 4, 2, 0, 32, 8, 0, 2, 512, 256, 0, 0, 0, 4
363,28.74,76,7,512,512,512,0.05, 0.08, 0.37, 0.5,down,64, 2, 4, 0, 2, 32, 8, 0, 2, 512, 256, 0, 4, 0, 0, 2
363,29.08,77,10,512,512,512,0.05, 0, 0.66, 0.29,up,2, 0, 0, 0, 64, 2, 4, 0, 4, 32, 8, 0, 4, 512, 256, 2
362,27.7,78,7,512,512,512,0.5, 0.19, 0.19, 0.11,right,2, 2, 4, 2, 64, 32, 8, 2, 8, 512, 256, 0, 0, 0, 0, 0
366,33.64,83,11,512,512,512,0.11, 0.05, 0.74, 0.1,up,0, 4, 4, 2, 64, 32, 8, 2, 0, 8, 512, 256, 0, 2, 0, 0
349,28.42,81,6,512,512,512,0.25, 0.37, 0.14, 0.23,left,64, 4, 4, 4, 0, 32, 8, 256, 2, 8, 512, 0, 0, 2, 0, 0
364,31.2,82,11,512,512,512,0.09, 0.05, 0.82, 0.04,up,64, 8, 4, 0, 32, 8, 256, 0, 2, 8, 512, 0, 2, 2, 0, 0
356,35.02,80,12,512,512,512,0.06, 0.87, 0, 0.08,left,64, 16, 4, 0, 32, 8, 256, 0, 4, 2, 512, 0, 0, 0, 2, 0
344,36.27,88,12,512,512,512,0.02, 0.95, 0, 0.03,left,64, 16, 4, 0, 32, 8, 256, 0, 4, 2, 512, 0, 2, 0, 2, 0
341,30.43,81,12,512,512,512,0.05, 0, 0.9, 0.06,up,64, 16, 4, 2, 32, 8, 256, 0, 4, 2, 512, 0, 4, 0, 0, 0
358,37.51,114,12,512,512,512,0.01, 0.86, 0.09, 0.04,left,64, 16, 4, 2, 32, 8, 256, 0, 8, 2, 512, 0, 0, 0, 0, 2
337,35.98,82,10,512,512,512,0.01, 0, 0.04, 0.94,down,64, 16, 4, 2, 32, 8, 256, 2, 8, 2, 512, 0, 2, 0, 0, 0
342,32.73,74,11,512,512,512,0.8, 0.13, 0.07, 0,right,64, 0, 0, 0, 32, 16, 4, 0, 8, 8, 256, 2, 2, 2, 512, 4
351,36.44,79,11,512,512,512,0, 0.99, 0.01, 0,left,0, 0, 0, 64, 0, 32, 16, 4, 0, 16, 256, 2, 2, 4, 512, 4
340,27.61,78,9,512,512,512,0.68, 0.31, 0.01, 0,right,64, 0, 0, 0, 32, 16, 4, 0, 16, 256, 2, 2, 2, 4, 512, 4
367,32.5,68,11,512,512,512,0, 0.01, 0.02, 0.96,down,0, 0, 0, 64, 2, 32, 16, 4, 0, 16, 256, 4, 2, 4, 512, 4
352,34.08,78,9,512,512,512,0.04, 0.95, 0, 0,left,0, 0, 0, 0, 0, 32, 16, 64, 2, 16, 256, 4, 4, 4, 512, 8
347,29.45,81,10,512,512,512,0.02, 0, 0.92, 0.05,up,2, 0, 0, 0, 32, 16, 64, 0, 2, 16, 256, 4, 8, 512, 8, 0
361,32.6,67,8,512,512,512,0.56, 0.4, 0, 0.04,right,2, 32, 64, 4, 32, 512, 256, 0, 2, 2, 8, 0, 8, 0, 0, 0
352,32.17,105,7,512,512,512,0, 0.02, 0.67, 0.31,up,2, 32, 64, 4, 0, 32, 512, 256, 0, 0, 4, 8, 0, 0, 2, 8
353,32.73,70,7,512,512,512,0.23, 0.31, 0.36, 0.11,up,2, 64, 64, 4, 0, 0, 512, 256, 2, 0, 4, 16, 0, 0, 2, 0
351,32.03,70,6,512,512,512,0.3, 0.46, 0.16, 0.08,left,4, 64, 64, 4, 0, 0, 512, 256, 0, 2, 4, 16, 0, 0, 2, 0
353,33.08,135,6,513.45,1024,512,0.21, 0.1, 0.47, 0.23,up,4, 128, 4, 0, 512, 256, 0, 0, 2, 4, 16, 0, 2, 0, 2, 0
350,32.19,176,7,513.46,1024,512,0.12, 0.47, 0, 0.41,left,4, 128, 4, 0, 512, 256, 16, 0, 4, 4, 2, 0, 0, 2, 0, 0
353,30.1,67,10,512,512,512,0.05, 0.8, 0.1, 0.05,left,4, 128, 4, 0, 512, 256, 16, 0, 8, 2, 0, 2, 2, 0, 0, 0
359,29.26,79,11,512,512,512,0.84, 0, 0, 0.16,right,4, 128, 4, 2, 512, 256, 16, 0, 8, 4, 0, 0, 2, 0, 0, 0
362,27.71,66,9,512,512,512,0, 0.95, 0, 0.04,left,4, 128, 4, 2, 2, 512, 256, 16, 0, 0, 8, 4, 0, 0, 0, 2
366,28.75,75,9,512,512,512,0.82, 0.02, 0, 0.15,right,4, 128, 4, 2, 2, 512, 256, 16, 8, 4, 0, 0, 2, 2, 0, 0
363,27.34,73,7,512,512,512,0.02, 0.02, 0.38, 0.58,down,4, 128, 4, 2, 2, 512, 256, 16, 0, 0, 8, 4, 0, 2, 0, 4
367,27.53,82,8,512,512,512,0.92, 0.07, 0.01, 0,right,0, 0, 2, 0, 0, 128, 4, 2, 4, 512, 256, 16, 2, 2, 8, 8
367,27.27,90,7,512,512,512,0, 0.04, 0.71, 0.24,up,0, 0, 0, 2, 0, 128, 4, 2, 4, 512, 256, 16, 0, 2, 4, 16
368,27.08,127,6,512,512,512,0.42, 0.51, 0, 0.07,left,4, 128, 4, 4, 0, 512, 256, 32, 0, 2, 4, 2, 0, 0, 0, 0
368,26.28,66,7,512,512,512,0.53, 0.21, 0.16, 0.1,right,4, 128, 8, 0, 512, 256, 32, 0, 2, 4, 2, 2, 0, 0, 0, 0
371,25.85,65,6,512,512,512,0.22, 0.36, 0.09, 0.33,left,0, 4, 128, 8, 2, 512, 256, 32, 0, 2, 4, 4, 0, 0, 0, 0
372,28.03,65,7,512,512,512,0.05, 0.07, 0.32, 0.56,down,4, 128, 8, 0, 2, 512, 256, 32, 2, 8, 0, 0, 0, 2, 0, 0
365,28.21,66,8,512,512,512,0.37, 0.22, 0.07, 0.34,right,0, 128, 2, 0, 0, 512, 0, 0, 4, 8, 8, 0, 4, 2, 256, 32
365,29.51,66,10,512,512,512,0.74, 0.07, 0.07, 0.12,right,0, 0, 128, 2, 2, 0, 0, 512, 0, 0, 4, 16, 4, 2, 256, 32
361,29.24,146,11,514.83,1024,512,0.28, 0.06, 0.06, 0.61,down,0, 0, 128, 2, 2, 0, 2, 512, 0, 0, 4, 16, 4, 2, 256, 32
362,26.22,95,7,513.41,1024,512,0.52, 0.02, 0.33, 0.13,right,0, 0, 128, 2, 2, 0, 2, 512, 2, 0, 4, 16, 4, 2, 256, 32
371,28.19,110,10,514.75,1024,512,0.02, 0.04, 0.03, 0.91,down,0, 0, 128, 2, 0, 0, 4, 512, 2, 2, 4, 16, 4, 2, 256, 32
365,28.63,124,10,514.8,1024,512,0.95, 0.03, 0.01, 0,right,0, 0, 2, 2, 0, 0, 128, 512, 2, 0, 8, 16, 4, 4, 256, 32
364,27.36,82,11,512,512,512,0.05, 0.03, 0.09, 0.83,down,0, 2, 0, 4, 0, 0, 128, 512, 0, 2, 8, 16, 0, 8, 256, 32
367,27.38,76,10,512,512,512,0.03, 0.03, 0.9, 0.04,up,0, 0, 0, 4, 2, 0, 128, 512, 0, 4, 8, 16, 0, 8, 256, 32
367,26.86,155,9,514.78,1024,512,0.05, 0.03, 0.04, 0.88,down,2, 4, 128, 4, 0, 8, 8, 512, 0, 0, 256, 16, 0, 2, 0, 32
369,27.18,61,7,512,512,512,0.41, 0.23, 0.09, 0.27,right,0, 0, 0, 4, 0, 4, 128, 512, 2, 8, 8, 16, 2, 2, 256, 32
368,27.3,142,10,513.39,1024,512,0.95, 0.03, 0.02, 0,right,0, 0, 2, 4, 0, 4, 128, 512, 0, 2, 16, 16, 0, 4, 256, 32
368,27.18,137,7,513.39,1024,512,0.04, 0.06, 0.28, 0.63,down,0, 0, 2, 4, 0, 4, 128, 512, 2, 0, 2, 32, 0, 4, 256, 32
368,27.92,106,7,514.78,1024,512,0.22, 0.34, 0.22, 0.22,left,0, 2, 2, 0, 0, 0, 128, 4, 0, 0, 2, 512, 2, 8, 256, 64
366,25.46,55,7,512,512,512,0.06, 0.09, 0.48, 0.37,up,4, 0, 0, 2, 128, 4, 0, 0, 2, 512, 0, 0, 2, 8, 256, 64
373,25.34,151,6,513.37,1024,512,0.29, 0.26, 0.26, 0.18,right,4, 4, 256, 2, 128, 512, 0, 64, 4, 8, 2, 0, 0, 0, 0, 0
373,23.21,97,8,513.37,1024,512,0, 0.22, 0.4, 0.38,up,0, 8, 256, 2, 2, 128, 512, 64, 0, 4, 8, 2, 0, 0, 0, 0
380,23.1,56,6,512,512,512,0.2, 0.11, 0.32, 0.37,down,2, 8, 256, 2, 0, 128, 512, 64, 0, 4, 8, 2, 2, 0, 0, 0
380,23.04,134,7,514.69,1024,512,0.5, 0.32, 0.07, 0.11,right,0, 0, 0, 2, 0, 8, 256, 2, 0, 128, 512, 64, 4, 4, 8, 2
380,21.8,95,6,513.34,1024,512,0.22, 0.28, 0.22, 0.28,left,0, 0, 0, 2, 2, 8, 256, 2, 0, 128, 512, 64, 0, 8, 8, 2
384,23.02,109,9,514.66,1024,512,0.6, 0.12, 0.11, 0.17,right,2, 0, 2, 0, 2, 8, 256, 2, 128, 512, 64, 0, 16, 2, 0, 0
380,19.88,94,10,513.34,1024,512,0, 0.61, 0.14, 0.24,left,0, 0, 0, 4, 2, 8, 256, 2, 0, 128, 512, 64, 0, 2, 16, 2
390,20.2,97,10,515.93,1024,512,0.22, 0, 0.74, 0.04,up,4, 0, 0, 0, 2, 8, 256, 2, 128, 512, 64, 2, 2, 16, 2, 0
389,19.03,112,11,513.31,1024,512,0.76, 0.07, 0.11, 0.07,right,4, 8, 256, 4, 2, 512, 64, 0, 128, 16, 2, 0, 2, 0, 0, 2
392,19.55,109,11,518.51,1024,512,0, 0.41, 0, 0.59,down,4, 8, 256, 4, 0, 2, 512, 64, 0, 128, 16, 2, 0, 0, 2, 4
391,16.24,115,9,513.31,1024,512,0, 0.99, 0.01, 0,left,0, 2, 256, 4, 0, 8, 512, 64, 0, 2, 16, 2, 4, 128, 2, 4
401,18.86,144,13,523.46,1024,512,0.05, 0, 0.02, 0.93,down,2, 256, 4, 0, 8, 512, 64, 2, 2, 16, 2, 0, 4, 128, 2, 4
393,18.26,108,11,519.8,1024,512,0.05, 0.03, 0.86, 0.06,up,2, 256, 0, 2, 8, 512, 4, 0, 2, 16, 64, 2, 4, 128, 4, 4
395,19.39,136,11,518.46,1024,512,0.94, 0.04, 0.01, 0.01,right,2, 256, 4, 4, 8, 512, 64, 4, 2, 16, 4, 0, 4, 128, 2, 0
391,19.88,143,9,522.45,1024,512,0.01, 0.01, 0.03, 0.95,down,2, 2, 256, 8, 8, 512, 64, 4, 0, 2, 16, 4, 0, 4, 128, 2
390,18.41,113,8,519.86,1024,512,0.91, 0.03, 0.02, 0.04,right,0, 2, 256, 0, 2, 512, 64, 8, 2, 2, 16, 8, 8, 4, 128, 2
394,18.73,99,7,515.89,1024,512,0, 0.01, 0.24, 0.75,down,0, 0, 2, 256, 2, 512, 64, 8, 2, 4, 16, 8, 8, 4, 128, 2
393,18.4,104,6,519.8,1024,512,0.54, 0.27, 0.02, 0.18,right,2, 0, 2, 0, 0, 0, 64, 256, 4, 512, 16, 16, 8, 8, 128, 2
394,18.71,96,7,518.48,1024,512,0.1, 0.08, 0.47, 0.34,up,2, 0, 0, 4, 0, 0, 64, 256, 0, 4, 512, 32, 0, 16, 128, 2
393,17.35,79,9,515.9,1024,512,0.23, 0.09, 0.32, 0.36,down,2, 4, 64, 4, 0, 16, 512, 256, 0, 0, 128, 32, 2, 0, 0, 2
397,53.41,203,17,775.72,1024,512,0.96, 0.01, 0.01, 0.02,right,0, 0, 0, 4, 2, 0, 64, 256, 0, 4, 512, 32, 4, 16, 128, 2
289,18.38,108,10,531.42,1024,512,0.09, 0.31, 0.16, 0.44,down,0, 2, 0, 4, 0, 2, 64, 256, 0, 4, 512, 32, 4, 16, 128, 2
394,39.19,158,18,662.36,1024,512,0, 0.02, 0.06, 0.92,down,0, 0, 0, 4, 0, 4, 64, 256, 2, 4, 512, 32, 4, 16, 128, 2
332,50.98,160,14,777.99,1024,512,0, 0.93, 0.07, 0,left,0, 0, 0, 4, 0, 2, 64, 256, 2, 8, 512, 32, 4, 16, 128, 2
297,46.01,152,19,750.82,1024,512,0.02, 0, 0.06, 0.92,down,4, 2, 0, 0, 2, 64, 256, 0, 2, 8, 512, 32, 4, 16, 128, 2
311,34.63,157,13,610.46,1024,512,0.04, 0.91, 0.03, 0.02,left,0, 2, 2, 0, 4, 64, 256, 0, 4, 8, 512, 32, 4, 16, 128, 2
346,41.31,145,15,687.59,1024,512,0.01, 0, 0.05, 0.94,down,4, 2, 0, 0, 4, 64, 256, 0, 4, 8, 512, 32, 4, 16, 128, 2
326,55.96,151,15,851.77,1024,512,0.86, 0.08, 0.01, 0.05,right,2, 2, 0, 0, 0, 64, 256, 0, 8, 8, 512, 32, 8, 16, 128, 2
282,45,142,14,723.67,1024,512,0.11, 0.02, 0.05, 0.82,down,0, 2, 0, 4, 0, 0, 64, 256, 0, 16, 512, 32, 8, 16, 128, 2
315,52.48,170,16,820.83,1024,512,0.02, 0.92, 0.04, 0.03,left,0, 0, 0, 4, 2, 0, 64, 256, 0, 2, 512, 32, 8, 32, 128, 2
292,22.64,196,7,546.95,1024,512,0.04, 0.11, 0.37, 0.49,down,4, 0, 0, 2, 2, 64, 256, 0, 2, 512, 32, 0, 8, 32, 128, 2
382,62.52,192,14,917.05,1024,512,0.01, 0, 0.95, 0.04,up,0, 0, 2, 0, 4, 64, 256, 0, 4, 512, 32, 0, 8, 32, 128, 4
262,38.5,180,12,659.95,1024,512,0.07, 0.08, 0.75, 0.1,up,8, 64, 2, 4, 8, 512, 256, 0, 2, 32, 32, 0, 0, 0, 128, 0
334,69.66,188,12,998.02,1024,512,0, 0.99, 0, 0,left,16, 64, 2, 4, 2, 512, 256, 2, 0, 32, 32, 0, 0, 0, 128, 0
241,26.72,182,7,562.78,1024,512,0.14, 0, 0.41, 0.44,down,16, 64, 2, 4, 2, 512, 256, 2, 64, 0, 0, 0, 128, 2, 0, 0
369,57.71,176,13,889.77,1024,512,0.82, 0.15, 0.03, 0,right,16, 0, 0, 0, 2, 64, 0, 2, 64, 512, 2, 4, 128, 2, 256, 2
276,62.81,186,11,977.79,1024,512,0.01, 0.01, 0.99, 0,up,0, 0, 0, 16, 2, 2, 64, 2, 64, 512, 2, 4, 128, 2, 256, 2
261,56.35,145,14,881.34,1024,512,0.92, 0.04, 0.04, 0.01,right,2, 2, 64, 16, 64, 512, 2, 2, 128, 2, 256, 4, 0, 2, 0, 2
280,57.56,199,14,951.12,1024,512,0, 0.94, 0.04, 0.02,left,0, 4, 64, 16, 0, 64, 512, 4, 128, 2, 256, 4, 0, 0, 2, 4
277,63.53,155,15,961.38,1024,512,0.97, 0, 0.02, 0,right,4, 64, 16, 2, 64, 512, 4, 0, 128, 2, 256, 4, 2, 4, 0, 0
259,56.97,181,12,939.32,1024,512,0.02, 0, 0.84, 0.14,up,4, 64, 16, 2, 0, 64, 512, 4, 128, 2, 256, 4, 0, 2, 2, 4
279,65.57,196,11,1007.54,1024,512,0, 0, 0, 0.99,down,4, 128, 16, 2, 128, 4, 512, 8, 2, 0, 256, 4, 0, 0, 2, 0
253,65.59,173,10,1017.95,1024,512,0.97, 0.01, 0.02, 0,right,0, 0, 16, 0, 4, 2, 512, 2, 128, 128, 256, 8, 2, 4, 2, 4
253,63.79,146,11,1011.91,1024,512,0.04, 0.02, 0.08, 0.86,down,0, 2, 0, 16, 4, 2, 512, 2, 0, 256, 256, 8, 2, 4, 2, 4
258,62.91,160,10,1022.02,1024,512,0.88, 0.09, 0.02, 0.01,right,2, 0, 0, 16, 0, 4, 512, 2, 4, 256, 256, 8, 2, 4, 2, 4
261,61.53,189,9,1024,1024,512,0.83, 0.06, 0.06, 0.06,right,0, 2, 2, 16, 0, 4, 512, 2, 0, 4, 512, 8, 2, 4, 2, 4
265,60.67,169,10,1024,1024,1024,0.05, 0.04, 0.8, 0.12,up,2, 0, 4, 16, 0, 4, 512, 2, 0, 4, 512, 8, 2, 4, 2, 4
268,64.04,159,8,1024,1024,1024,0.01, 0.95, 0.02, 0.02,left,4, 8, 4, 16, 0, 4, 1024, 2, 0, 0, 2, 8, 0, 2, 0, 4
257,62.9,143,8,1024,1024,1024,0.01, 0, 0.06, 0.93,down,4, 8, 4, 16, 4, 1024, 2, 0, 2, 8, 0, 0, 2, 4, 2, 0
261,63.4,158,7,1024,1024,1024,0.04, 0.48, 0.03, 0.44,left,0, 8, 0, 0, 0, 1024, 2, 0, 8, 8, 4, 0, 4, 4, 4, 16
259,68.94,171,10,1024,1024,1024,0.02, 0.03, 0.03, 0.92,down,8, 0, 0, 0, 1024, 2, 0, 0, 16, 4, 0, 2, 8, 4, 16, 0
243,62.71,130,7,1024,1024,1024,0.1, 0.8, 0.02, 0.08,left,8, 0, 0, 0, 1024, 0, 2, 0, 16, 2, 0, 0, 8, 8, 16, 2
261,64.79,168,8,1024,1024,1024,0.03, 0.07, 0.82, 0.09,up,8, 0, 0, 0, 1024, 2, 0, 0, 16, 2, 2, 0, 16, 16, 2, 0
255,60.93,153,6,1024,1024,1024,0.44, 0.38, 0.08, 0.09,right,8, 4, 4, 0, 1024, 16, 0, 2, 32, 0, 0, 0, 0, 0, 0, 0
267,61.43,119,7,1024,1024,1024,0.23, 0.73, 0, 0.04,left,0, 2, 8, 8, 0, 1024, 16, 2, 0, 0, 0, 32, 0, 0, 0, 0
265,64.97,177,6,1024,1024,1024,0.23, 0, 0.38, 0.39,down,2, 16, 2, 0, 1024, 16, 2, 0, 32, 0, 0, 0, 0, 0, 0, 0
255,67.46,154,6,1024,1024,1024,0.49, 0.33, 0.08, 0.1,right,0, 0, 0, 0, 2, 0, 0, 2, 1024, 0, 0, 0, 32, 32, 4, 0
247,63.73,189,5,1024,1024,1024,0.34, 0.35, 0.16, 0.15,left,0, 2, 0, 0, 0, 0, 0, 4, 0, 0, 0, 1024, 0, 0, 64, 4
258,63.13,176,7,1024,1024,1024,0.1, 0.49, 0.28, 0.13,left,2, 0, 0, 0, 4, 0, 2, 0, 1024, 0, 0, 0, 64, 4, 0, 0
260,61.26,169,6,1024,1024,1024,0.13, 0.43, 0.33, 0.11,left,2, 0, 0, 2, 4, 2, 0, 0, 1024, 0, 0, 0, 64, 4, 0, 0
266,58.65,141,6,1024,1024,1024,0.11, 0, 0.54, 0.34,up,4, 0, 0, 0, 4, 2, 0, 0, 1024, 0, 0, 0, 64, 4, 2, 0
274,59.82,158,7,1024,1024,1024,0.09, 0.55, 0.2, 0.16,left,8, 2, 2, 0, 1024, 4, 0, 2, 64, 0, 0, 0, 0, 0, 0, 0
270,56.79,112,7,1024,1024,1024,0.23, 0, 0.52, 0.25,up,8, 4, 2, 0, 1024, 4, 2, 0, 64, 0, 0, 0, 0, 0, 0, 0
279,59.85,138,6,1024,1024,1024,0.18, 0.52, 0.24, 0.05,left,8, 8, 4, 0, 1024, 0, 0, 2, 64, 0, 0, 0, 0, 0, 0, 0
270,54.71,144,6,1024,1024,1024,0.09, 0.08, 0.41, 0.42,down,16, 4, 0, 0, 1024, 2, 0, 0, 64, 0, 0, 0, 0, 2, 0, 0
285,56.7,155,7,1024,1024,1024,0.24, 0, 0.51, 0.24,up,0, 0, 0, 0, 16, 0, 0, 0, 1024, 4, 2, 0, 64, 4, 0, 0
279,56.33,154,6,1024,1024,1024,0.18, 0.16, 0.24, 0.43,down,16, 8, 2, 0, 1024, 0, 0, 0, 64, 0, 0, 0, 0, 0, 2, 0
281,55.1,138,8,1024,1024,1024,0.19, 0, 0.81, 0,up,0, 0, 0, 0, 16, 0, 0, 0, 1024, 0, 0, 0, 64, 8, 4, 2
284,54.14,162,8,1024,1024,1024,0.83, 0.06, 0, 0.11,right,16, 8, 4, 2, 1024, 0, 2, 0, 64, 0, 0, 0, 0, 0, 0, 0
287,54.41,122,8,1024,1024,1024,0, 0.06, 0.86, 0.08,up,16, 8, 4, 2, 0, 0, 1024, 2, 0, 0, 0, 64, 0, 0, 0, 2
286,55.15,153,6,1024,1024,1024,0.44, 0.54, 0, 0.03,left,16, 8, 4, 4, 0, 2, 1024, 64, 0, 0, 0, 2, 0, 0, 0, 0
284,51.27,120,6,1024,1024,1024,0.19, 0.52, 0.15, 0.14,left,16, 8, 8, 0, 2, 1024, 64, 2, 2, 0, 0, 0, 0, 0, 0, 0
296,51.84,130,6,1024,1024,1024,0.35, 0.27, 0.17, 0.21,right,16, 16, 0, 0, 2, 1024, 64, 2, 2, 0, 0, 0, 0, 0, 0, 2
294,50.98,164,6,1024,1024,1024,0.21, 0.26, 0.42, 0.11,up,0, 0, 0, 32, 2, 1024, 64, 2, 0, 0, 0, 2, 2, 0, 0, 2
297,51.96,153,8,1024,1024,1024,0, 0.89, 0, 0.11,left,4, 1024, 64, 32, 0, 0, 2, 4, 0, 0, 0, 2, 0, 0, 0, 0
294,49.35,187,6,1024,1024,1024,0.08, 0.09, 0.67, 0.16,up,4, 1024, 64, 32, 2, 4, 0, 0, 2, 0, 0, 0, 0, 0, 0, 2
301,49.06,143,6,1024,1024,1024,0.16, 0.11, 0.59, 0.14,up,4, 1024, 64, 32, 4, 4, 0, 2, 0, 0, 0, 0, 0, 0, 0, 2
302,47.11,149,6,1024,1024,1024,0.32, 0.47, 0.12, 0.09,left,8, 1024, 64, 32, 0, 4, 0, 4, 0, 0, 0, 0, 2, 0, 0, 0
308,48.09,103,6,1024,1024,1024,0.16, 0.14, 0.43, 0.27,up,8, 1024, 64, 32, 8, 0, 0, 0, 0, 0, 0, 0, 2, 2, 0, 0
305,49.27,129,6,1024,1024,1024,0.24, 0.38, 0.3, 0.09,left,16, 1024, 64, 32, 2, 2, 0, 0, 0, 0, 0, 0, 0, 0, 0, 2
302,47.55,117,6,1024,1024,1024,0.44, 0, 0.36, 0.2,right,16, 1024, 64, 32, 4, 2, 0, 0, 0, 0, 0, 0, 2, 0, 0, 0
307,45.27,142,6,1024,1024,1024,0.13, 0.35, 0.39, 0.13,up,16, 1024, 64, 32, 0, 0, 4, 2, 0, 0, 0, 0, 0, 2, 0, 2
314,46.38,127,7,1024,1024,1024,0.23, 0.15, 0.36, 0.26,up,16, 1024, 64, 32, 0, 2, 4, 4, 0, 0, 0, 0, 0, 2, 0, 0
310,45.35,114,8,1024,1024,1024,0.49, 0.2, 0.21, 0.1,right,16, 1024, 64, 32, 0, 4, 4, 4, 0, 0, 0, 0, 0, 2, 0, 0
313,43.8,118,8,1024,1024,1024,0, 0.07, 0.89, 0.04,up,16, 1024, 64, 32, 0, 2, 4, 8, 0, 0, 0, 0, 0, 0, 0, 2
318,48.05,152,11,1024,1024,1024,0.06, 0.04, 0.85, 0.05,up,16, 1024, 64, 32, 0, 2, 4, 8, 0, 0, 0, 2, 2, 0, 0, 0
305,42.88,144,8,1024,1024,1024,0.68, 0.13, 0.17, 0.02,right,16, 1024, 64, 32, 2, 2, 4, 8, 0, 2, 0, 2, 0, 0, 0, 0
321,49.6,154,12,1024,1024,1024,0.85, 0.12, 0, 0.03,right,16, 1024, 64, 32, 2, 4, 4, 8, 0, 0, 0, 4, 0, 0, 0, 0
301,46.88,135,9,1024,1024,1024,0.21, 0.75, 0, 0.04,left,16, 1024, 64, 32, 2, 2, 8, 8, 0, 0, 0, 4, 0, 0, 0, 0
309,48.06,121,10,1024,1024,1024,0.03, 0.05, 0.12, 0.8,down,16, 1024, 64, 32, 4, 16, 0, 0, 4, 0, 0, 0, 0, 0, 0, 2
305,50.32,137,9,1024,1024,1024,0.87, 0.08, 0.04, 0,right,0, 0, 0, 0, 0, 2, 0, 0, 16, 1024, 0, 32, 8, 16, 64, 2
299,43.39,107,8,1024,1024,1024,0.17, 0.09, 0.1, 0.64,down,0, 0, 0, 0, 2, 0, 0, 2, 0, 16, 1024, 32, 8, 16, 64, 2
319,48.19,174,8,1024,1024,1024,0.33, 0.56, 0.11, 0,left,0, 0, 0, 0, 0, 0, 0, 2, 2, 2, 1024, 32, 8, 32, 64, 2
305,50.47,148,9,1024,1024,1024,0.03, 0.14, 0.72, 0.11,up,0, 0, 2, 0, 2, 0, 0, 0, 4, 1024, 32, 0, 8, 32, 64, 2
298,53.49,165,7,1024,1024,1024,0.81, 0.13, 0, 0.06,right,2, 1024, 2, 2, 4, 32, 32, 0, 8, 2, 64, 0, 0, 0, 0, 0
289,52.68,117,6,1024,1024,1024,0.12, 0.29, 0.21, 0.39,down,2, 2, 1024, 4, 0, 0, 4, 64, 0, 8, 2, 64, 0, 0, 0, 0
291,53.44,119,7,1024,1024,1024,0.55, 0.29, 0.09, 0.07,right,0, 2, 0, 0, 0, 0, 1024, 0, 0, 2, 4, 4, 2, 8, 2, 128
289,53.13,156,6,1024,1024,1024,0.44, 0.22, 0.12, 0.23,right,2, 0, 0, 2, 0, 0, 0, 1024, 0, 0, 2, 8, 2, 8, 2, 128
290,52,150,7,1024,1024,1024,0, 0.28, 0.54, 0.17,up,0, 0, 0, 4, 0, 0, 2, 1024, 0, 0, 2, 8, 2, 8, 2, 128
294,49.48,120,7,1024,1024,1024,0.78, 0.1, 0.1, 0.02,right,2, 8, 4, 4, 0, 0, 2, 1024, 0, 2, 0, 8, 0, 0, 0, 128
301,51.32,131,7,1024,1024,1024,0.3, 0.06, 0.37, 0.27,up,0, 2, 8, 8, 0, 2, 2, 1024, 0, 0, 2, 8, 0, 0, 0, 128
296,48.87,128,7,1024,1024,1024,0.69, 0.27, 0, 0.04,right,0, 4, 8, 8, 0, 0, 4, 1024, 0, 0, 2, 8, 0, 0, 0, 128
303,49.68,131,7,1024,1024,1024,0.41, 0.09, 0.15, 0.34,right,0, 0, 4, 16, 0, 0, 4, 1024, 0, 0, 2, 8, 0, 2, 0, 128
300,49.06,131,7,1024,1024,1024,0.44, 0.05, 0.12, 0.39,right,0, 0, 4, 16, 0, 0, 4, 1024, 0, 0, 2, 8, 2, 0, 2, 128
302,48.2,119,6,1024,1024,1024,0.37, 0.52, 0.05, 0.06,left,0, 0, 4, 16, 0, 0, 4, 1024, 2, 0, 2, 8, 0, 0, 4, 128
305,49.02,152,8,1024,1024,1024,0.02, 0.15, 0.18, 0.66,down,4, 16, 0, 0, 4, 1024, 0, 0, 4, 8, 0, 0, 4, 128, 0, 2
302,45.61,130,6,1024,1024,1024,0.11, 0.12, 0.6, 0.16,up,0, 16, 0, 2, 0, 1024, 0, 0, 8, 8, 0, 0, 8, 128, 0, 2
313,47.03,130,7,1024,1024,1024,0.18, 0.47, 0.28, 0.07,left,16, 16, 0, 4, 0, 1024, 0, 0, 0, 8, 0, 0, 0, 128, 0, 2
308,46.93,166,5,1024,1024,1024,0.12, 0.33, 0.25, 0.3,left,32, 4, 0, 0, 1024, 0, 0, 0, 8, 0, 0, 2, 128, 2, 0, 0
309,44.17,121,6,1024,1024,1024,0.05, 0.28, 0.31, 0.36,down,32, 4, 0, 0, 1024, 0, 0, 0, 8, 2, 0, 0, 128, 2, 0, 2
317,44.77,124,7,1024,1024,1024,0.06, 0.26, 0.38, 0.31,up,32, 0, 0, 0, 1024, 2, 0, 0, 8, 4, 0, 0, 128, 4, 0, 2
315,45.63,146,6,1024,1024,1024,0.12, 0.37, 0, 0.51,down,32, 2, 0, 2, 1024, 8, 0, 0, 8, 2, 0, 0, 128, 0, 0, 0
313,44,157,6,1024,1024,1024,0.21, 0.64, 0.06, 0.09,left,32, 0, 0, 0, 1024, 2, 0, 0, 8, 8, 0, 2, 128, 2, 0, 2
317,43.26,136,6,1024,1024,1024,0.15, 0.17, 0.43, 0.25,up,32, 0, 0, 0, 1024, 2, 2, 0, 16, 2, 0, 0, 128, 4, 0, 0
320,42.36,114,6,1024,1024,1024,0.15, 0.36, 0.25, 0.24,left,32, 4, 2, 0, 1024, 4, 0, 2, 16, 0, 0, 0, 128, 0, 0, 0
322,42.24,124,7,1024,1024,1024,0.16, 0.55, 0.17, 0.11,left,32, 4, 2, 2, 1024, 4, 2, 0, 16, 0, 0, 0, 128, 0, 0, 0
323,45.49,148,8,1024,1024,1024,0.69, 0.21, 0.04, 0.06,right,32, 4, 4, 0, 1024, 4, 2, 2, 16, 0, 0, 0, 128, 0, 0, 0
313,45.83,147,7,1024,1024,1024,0.88, 0.07, 0.02, 0.03,right,0, 0, 32, 8, 0, 1024, 4, 4, 0, 0, 0, 16, 0, 2, 0, 128
312,45.73,118,7,1024,1024,1024,0.1, 0.14, 0.51, 0.25,up,0, 0, 32, 8, 0, 0, 1024, 8, 0, 2, 0, 16, 0, 0, 2, 128
312,45.49,151,7,1024,1024,1024,0, 0.02, 0.69, 0.28,up,0, 2, 32, 16, 0, 0, 1024, 16, 0, 0, 2, 128, 0, 0, 0, 2
313,45.3,120,6,1024,1024,1024,0.21, 0.21, 0.25, 0.33,down,0, 2, 32, 32, 0, 0, 1024, 128, 2, 0, 2, 2, 0, 0, 0, 0
314,44.39,173,7,1024,1024,1024,0.44, 0.49, 0.07, 0,left,0, 0, 0, 2, 0, 0, 32, 32, 0, 0, 1024, 128, 2, 2, 2, 2
316,41.99,123,6,1024,1024,1024,0.34, 0.28, 0.15, 0.22,right,2, 0, 2, 0, 64, 0, 0, 0, 1024, 128, 0, 0, 4, 4, 0, 0
324,41.02,154,6,1024,1024,1024,0.45, 0.18, 0.18, 0.19,right,0, 0, 0, 4, 0, 2, 0, 64, 0, 0, 1024, 128, 0, 0, 0, 8
326,39.72,109,7,1024,1024,1024,0.2, 0.36, 0.27, 0.18,left,0, 2, 0, 4, 0, 0, 2, 64, 0, 0, 1024, 128, 0, 0, 0, 8
330,40.63,114,6,1024,1024,1024,0.1, 0.25, 0.34, 0.3,up,2, 4, 0, 0, 2, 64, 0, 2, 1024, 128, 0, 0, 8, 0, 0, 0
328,37.96,106,6,1024,1024,1024,0.41, 0.18, 0, 0.42,down,4, 4, 2, 2, 1024, 64, 0, 0, 8, 128, 0, 0, 0, 0, 0, 0
336,38.96,117,6,1024,1024,1024,0.22, 0.27, 0.13, 0.38,down,0, 0, 0, 0, 4, 4, 0, 0, 1024, 64, 0, 2, 8, 128, 2, 2
333,38.07,116,6,1024,1024,1024,0.1, 0.47, 0.43, 0,left,0, 0, 0, 0, 4, 4, 0, 0, 1024, 64, 0, 2, 8, 128, 2, 4
335,36.89,127,6,1024,1024,1024,0.29, 0, 0.2, 0.51,down,0, 0, 0, 0, 8, 2, 0, 0, 1024, 64, 2, 0, 8, 128, 2, 4
339,35.61,112,7,1024,1024,1024,0.37, 0.19, 0.43, 0,up,0, 0, 0, 0, 8, 2, 0, 0, 1024, 64, 2, 0, 8, 128, 4, 4
343,34.35,115,7,1024,1024,1024,0.39, 0.48, 0, 0.13,left,8, 2, 2, 4, 1024, 64, 4, 0, 8, 128, 0, 0, 0, 2, 0, 0
346,34.21,169,7,1024,1024,1024,0.54, 0.32, 0.09, 0.05,right,8, 4, 4, 0, 1024, 64, 4, 0, 8, 128, 2, 0, 2, 0, 0, 0
347,33.08,99,6,1024,1024,1024,0.3, 0.2, 0.12, 0.38,down,0, 0, 8, 8, 0, 1024, 64, 4, 2, 8, 128, 2, 0, 0, 0, 2
350,35.1,109,8,1024,1024,1024,0.05, 0.06, 0.12, 0.77,down,0, 0, 2, 0, 0, 0, 8, 8, 0, 1024, 64, 4, 2, 8, 128, 4
344,33.27,92,7,1024,1024,1024,0.05, 0.04, 0.73, 0.18,up,2, 0, 2, 0, 0, 0, 8, 0, 0, 1024, 64, 8, 2, 8, 128, 8
350,33.85,141,7,1024,1024,1024,0.47, 0.33, 0.14, 0.05,right,4, 1024, 2, 16, 0, 8, 8, 0, 0, 0, 64, 2, 0, 0, 128, 0
348,35.86,129,7,1024,1024,1024,0.09, 0.06, 0.38, 0.47,down,4, 1024, 2, 16, 2, 0, 0, 16, 0, 0, 64, 2, 0, 0, 0, 128
342,36.51,108,7,1024,1024,1024,0.56, 0.33, 0.11, 0,right,0, 0, 0, 0, 2, 0, 0, 32, 4, 0, 2, 2, 2, 1024, 64, 128
340,32.9,125,6,1024,1024,1024,0.24, 0.22, 0.33, 0.21,up,0, 2, 0, 0, 0, 0, 2, 32, 0, 0, 4, 4, 2, 1024, 64, 128
351,32.17,100,6,1024,1024,1024,0.37, 0.14, 0.4, 0.09,up,2, 2, 2, 32, 2, 1024, 4, 4, 0, 0, 64, 128, 0, 0, 0, 0
353,31.01,115,6,1024,1024,1024,0.6, 0.26, 0, 0.15,right,4, 2, 2, 32, 2, 1024, 4, 4, 0, 0, 64, 128, 0, 0, 0, 0
356,32.82,122,7,1024,1024,1024,0.41, 0.17, 0.28, 0.14,right,0, 4, 4, 32, 0, 2, 1024, 8, 0, 2, 64, 128, 0, 0, 0, 0
351,31.51,97,7,1024,1024,1024,0.23, 0.08, 0.53, 0.16,up,0, 0, 8, 32, 0, 2, 1024, 8, 0, 2, 64, 128, 2, 0, 0, 0
355,31.97,136,6,1024,1024,1024,0.18, 0.17, 0.41, 0.23,up,2, 4, 8, 32, 0, 0, 1024, 8, 0, 0, 64, 128, 2, 0, 0, 0
354,28.79,103,7,1024,1024,1024,0.46, 0.49, 0, 0.05,left,4, 4, 8, 32, 2, 0, 1024, 8, 0, 0, 64, 128, 0, 0, 0, 0
363,27.7,114,6,1024,1024,1024,0.35, 0.18, 0.26, 0.21,right,8, 8, 32, 0, 2, 1024, 8, 0, 64, 128, 0, 0, 0, 0, 2, 0
366,27.72,127,6,1024,1024,1024,0.32, 0.13, 0.31, 0.23,right,0, 0, 16, 32, 0, 2, 1024, 8, 0, 0, 64, 128, 0, 0, 2, 2
366,26.8,111,7,1024,1024,1024,0, 0.38, 0.38, 0.23,up,0, 0, 16, 32, 0, 2, 1024, 8, 0, 2, 64, 128, 0, 0, 0, 4
369,25.51,127,7,1024,1024,1024,0, 0.21, 0, 0.79,down,0, 4, 16, 32, 0, 2, 1024, 8, 0, 0, 64, 128, 0, 0, 0, 4
373,26.8,96,7,1024,1024,1024,0, 0.22, 0.78, 0,up,0, 0, 2, 32, 0, 0, 16, 8, 0, 4, 1024, 128, 0, 2, 64, 4
369,41.64,133,15,1024,1024,1024,0, 0.77, 0, 0.23,left,2, 4, 2, 32, 0, 2, 16, 8, 0, 0, 1024, 128, 0, 0, 64, 4
325,44.14,124,14,1024,1024,1024,0.03, 0, 0.89, 0.08,up,2, 4, 2, 32, 2, 16, 8, 2, 1024, 128, 0, 0, 64, 4, 0, 0
317,35.75,119,12,1024,1024,1024,0.1, 0.71, 0.12, 0.06,left,4, 4, 2, 32, 1024, 16, 8, 2, 64, 128, 0, 0, 0, 4, 0, 2
342,45.84,124,13,1024,1024,1024,0.95, 0.02, 0.01, 0.03,right,8, 2, 32, 0, 1024, 16, 8, 2, 64, 128, 0, 0, 4, 2, 2, 0
312,46.12,122,13,1024,1024,1024,0.02, 0.01, 0.02, 0.95,down,0, 8, 2, 32, 1024, 16, 8, 2, 2, 0, 64, 128, 0, 0, 4, 4
311,41.47,109,11,1024,1024,1024,0.05, 0.07, 0.02, 0.85,down,2, 0, 2, 32, 0, 0, 8, 2, 1024, 8, 64, 128, 2, 16, 4, 4
325,50.14,125,12,1024,1024,1024,0.01, 0.98, 0, 0,left,0, 2, 2, 32, 2, 0, 8, 2, 1024, 8, 64, 128, 2, 16, 4, 4
299,48.79,142,10,1024,1024,1024,0.01, 0.01, 0.89, 0.08,up,4, 32, 0, 0, 2, 8, 2, 2, 1024, 8, 64, 128, 2, 16, 8, 0
303,47.47,130,10,1024,1024,1024,0.04, 0, 0.1, 0.85,down,4, 32, 2, 2, 2, 16, 64, 128, 1024, 16, 8, 2, 2, 0, 0, 0
307,50.94,122,9,1024,1024,1024,0.02, 0.04, 0.92, 0.02,up,4, 0, 0, 0, 2, 2, 2, 2, 1024, 32, 64, 128, 2, 32, 8, 2
297,50.33,112,7,1024,1024,1024,0.47, 0.49, 0.03, 0.01,left,4, 2, 2, 2, 2, 64, 64, 128, 1024, 0, 8, 2, 2, 0, 0, 2
299,49.34,101,7,1024,1024,1024,0.29, 0.6, 0, 0.12,left,4, 4, 2, 2, 2, 128, 128, 0, 1024, 8, 2, 0, 4, 0, 0, 0
301,51.16,127,6,1024,1024,1024,0.3, 0.12, 0.47, 0.11,up,8, 4, 0, 0, 2, 256, 0, 2, 1024, 8, 2, 0, 4, 0, 0, 0
296,48.28,124,7,1024,1024,1024,0.33, 0.56, 0.07, 0.04,left,8, 4, 2, 2, 2, 256, 0, 0, 1024, 8, 0, 0, 4, 0, 2, 0
305,46.89,105,7,1024,1024,1024,0.78, 0.18, 0.03, 0.02,right,8, 4, 4, 0, 2, 256, 0, 0, 1024, 8, 0, 0, 4, 2, 2, 0
309,45.62,100,6,1024,1024,1024,0.56, 0.25, 0.19, 0,right,0, 0, 8, 8, 0, 0, 2, 256, 0, 0, 1024, 8, 2, 0, 4, 4
313,44.29,105,6,1024,1024,1024,0, 0.12, 0.33, 0.55,down,0, 0, 2, 16, 0, 0, 2, 256, 0, 0, 1024, 8, 0, 0, 2, 8
317,44.76,124,6,1024,1024,1024,0.24, 0.11, 0.44, 0.22,up,0, 2, 0, 0, 0, 0, 4, 16, 0, 0, 1024, 256, 0, 0, 2, 16
315,43.45,98,7,1024,1024,1024,0.2, 0.17, 0.52, 0.11,up,0, 2, 4, 16, 0, 0, 1024, 256, 0, 0, 2, 16, 0, 2, 0, 0
319,43.09,111,7,1024,1024,1024,0.48, 0.41, 0, 0.11,right,0, 4, 4, 16, 0, 2, 1024, 256, 0, 0, 2, 16, 0, 0, 0, 0
320,43.4,107,6,1024,1024,1024,0.36, 0.15, 0.31, 0.18,right,0, 0, 8, 16, 0, 2, 1024, 256, 0, 2, 2, 16, 0, 0, 0, 0
319,42.16,119,7,1024,1024,1024,0.37, 0.17, 0.25, 0.21,right,0, 0, 8, 16, 0, 2, 1024, 256, 0, 0, 4, 16, 2, 0, 0, 0
323,39.94,92,8,1024,1024,1024,0, 0.41, 0.3, 0.29,left,0, 2, 8, 16, 0, 2, 1024, 256, 0, 0, 4, 16, 0, 0, 0, 2
330,42,96,7,1024,1024,1024,0.09, 0.06, 0.36, 0.49,down,2, 8, 16, 0, 2, 1024, 256, 0, 4, 16, 0, 0, 2, 2, 0, 0
324,41.54,110,6,1024,1024,1024,0.26, 0.36, 0.24, 0.14,left,0, 8, 0, 2, 4, 1024, 0, 0, 4, 16, 16, 0, 2, 2, 256, 0
325,43.1,107,6,1024,1024,1024,0.14, 0.43, 0.31, 0.11,left,8, 2, 0, 2, 4, 1024, 0, 0, 4, 32, 0, 0, 4, 256, 0, 0
320,42.14,113,7,1024,1024,1024,0.25, 0.13, 0.54, 0.08,up,8, 4, 0, 0, 4, 1024, 0, 0, 4, 32, 0, 0, 4, 256, 0, 2
323,39.49,99,6,1024,1024,1024,0.04, 0.25, 0.5, 0.21,up,8, 4, 0, 2, 8, 1024, 0, 0, 4, 32, 0, 2, 0, 256, 0, 0
331,39.8,100,7,1024,1024,1024,0.17, 0.46, 0.16, 0.22,left,16, 4, 0, 4, 4, 1024, 2, 0, 0, 32, 0, 0, 0, 256, 0, 0
330,39.28,93,7,1024,1024,1024,0.18, 0.16, 0.27, 0.39,down,16, 8, 0, 0, 4, 1024, 2, 2, 32, 0, 0, 0, 256, 0, 0, 0
332,40.73,125,9,1024,1024,1024,0.12, 0.32, 0.56, 0,up,16, 0, 0, 0, 4, 2, 0, 0, 32, 8, 0, 0, 256, 1024, 2, 2
327,38.4,120,7,1024,1024,1024,0.14, 0.1, 0.66, 0.11,up,16, 2, 2, 2, 4, 8, 0, 0, 32, 1024, 0, 0, 256, 0, 0, 2
334,42.32,102,8,1024,1024,1024,0.05, 0.79, 0.03, 0.14,left,16, 2, 2, 4, 4, 8, 2, 0, 32, 1024, 0, 0, 256, 0, 0, 0
323,37.94,103,8,1024,1024,1024,0.05, 0.76, 0.15, 0.04,left,16, 4, 4, 0, 4, 8, 2, 0, 32, 1024, 0, 0, 256, 0, 0, 2
336,38.18,94,7,1024,1024,1024,0.03, 0.52, 0.4, 0.05,left,16, 8, 0, 0, 4, 8, 2, 0, 32, 1024, 0, 0, 256, 2, 0, 2
335,37.38,102,8,1024,1024,1024,0.41, 0, 0.26, 0.33,right,16, 8, 0, 0, 4, 8, 2, 0, 32, 1024, 2, 0, 256, 4, 0, 0
337,35.75,102,8,1024,1024,1024,0, 0.02, 0.26, 0.72,down,0, 2, 16, 8, 0, 4, 8, 2, 0, 32, 1024, 2, 0, 0, 256, 4
342,34.51,102,10,1024,1024,1024,0.83, 0.03, 0.1, 0.04,right,0, 0, 16, 2, 0, 2, 8, 8, 0, 4, 1024, 4, 0, 32, 256, 4
346,32.54,106,8,1024,1024,1024,0.02, 0.83, 0.06, 0.09,left,2, 0, 16, 2, 0, 0, 2, 16, 0, 4, 1024, 4, 0, 32, 256, 4
352,31.66,96,7,1024,1024,1024,0.01, 0, 0.73, 0.26,up,2, 16, 2, 0, 2, 16, 0, 0, 4, 1024, 4, 0, 32, 256, 4, 2
355,34.26,96,7,1024,1024,1024,0.12, 0.54, 0.13, 0.22,left,4, 32, 2, 2, 4, 1024, 8, 0, 32, 256, 0, 2, 0, 0, 0, 0
347,32.34,101,7,1024,1024,1024,0.15, 0, 0.15, 0.7,down,4, 32, 4, 0, 4, 1024, 8, 2, 32, 256, 2, 0, 0, 0, 0, 0
352,28.5,105,6,1024,1024,1024,0.12, 0.27, 0.3, 0.31,down,2, 0, 0, 0, 0, 32, 4, 0, 8, 1024, 8, 0, 32, 256, 2, 2
364,28.08,89,7,1024,1024,1024,0.27, 0.1, 0.57, 0.05,up,0, 0, 0, 2, 2, 32, 4, 0, 8, 1024, 8, 0, 32, 256, 2, 2
365,27.15,96,7,1024,1024,1024,0.45, 0.49, 0, 0.06,left,2, 32, 4, 4, 8, 1024, 8, 0, 32, 256, 2, 0, 0, 2, 0, 0
368,26.99,101,6,1024,1024,1024,0.15, 0.31, 0.11, 0.43,down,2, 32, 8, 0, 8, 1024, 8, 0, 32, 256, 2, 0, 2, 0, 0, 2
369,28.08,89,7,1024,1024,1024,0.77, 0.13, 0.1, 0,right,2, 0, 0, 0, 8, 32, 2, 0, 32, 1024, 16, 0, 2, 256, 2, 2
365,28.61,96,8,1024,1024,1024,0.08, 0.45, 0.16, 0.31,left,0, 2, 0, 2, 0, 8, 32, 2, 0, 32, 1024, 16, 0, 2, 256, 4
364,28.84,81,9,1024,1024,1024,0.19, 0.14, 0.11, 0.56,down,4, 0, 0, 0, 8, 32, 2, 2, 32, 1024, 16, 0, 2, 256, 4, 0
363,30.09,91,13,1024,1024,1024,0.96, 0, 0.04, 0,right,4, 2, 0, 0, 8, 32, 2, 0, 32, 1024, 16, 0, 2, 256, 4, 2
359,27.54,108,12,1024,1024,1024,0, 0.09, 0.88, 0.03,up,0, 2, 4, 2, 0, 8, 32, 2, 0, 32, 1024, 16, 2, 256, 4, 2
367,27.43,90,9,1024,1024,1024,0.16, 0.23, 0.55, 0.05,up,2, 2, 4, 4, 0, 8, 32, 16, 0, 32, 1024, 2, 0, 256, 4, 2
367,27.28,93,10,1024,1024,1024,0.06, 0.88, 0.01, 0.05,left,2, 2, 4, 4, 0, 8, 32, 16, 0, 32, 1024, 4, 2, 256, 4, 0
368,28.72,82,9,1024,1024,1024,0.02, 0, 0.94, 0.05,up,4, 8, 0, 0, 8, 32, 16, 0, 32, 1024, 4, 2, 2, 256, 4, 0
363,26.53,94,11,1024,1024,1024,0.88, 0, 0.08, 0.04,right,4, 8, 16, 2, 8, 32, 8, 2, 32, 1024, 0, 0, 2, 256, 0, 0
370,26.83,73,11,1024,1024,1024,0.01, 0.03, 0.88, 0.08,up,4, 8, 16, 2, 8, 32, 8, 2, 2, 0, 32, 1024, 0, 0, 2, 256
369,31.85,90,13,1024,1024,1024,0.95, 0.01, 0.02, 0.01,right,4, 8, 16, 4, 8, 32, 8, 1024, 2, 0, 32, 256, 2, 0, 2, 0
354,27.02,70,9,1024,1024,1024,0.02, 0.98, 0, 0,left,4, 8, 16, 4, 8, 32, 8, 1024, 2, 2, 32, 256, 0, 0, 0, 4
368,28.2,84,8,1024,1024,1024,0.01, 0, 0.26, 0.73,down,4, 8, 16, 4, 8, 32, 8, 1024, 4, 32, 256, 2, 4, 0, 0, 0
365,28.81,75,10,1024,1024,1024,0.31, 0.05, 0.02, 0.62,down,0, 0, 2, 0, 4, 0, 16, 4, 8, 8, 8, 1024, 8, 64, 256, 2
363,26.89,98,8,1024,1024,1024,0.74, 0.22, 0.04, 0,right,0, 0, 2, 2, 0, 0, 16, 4, 4, 8, 8, 1024, 16, 64, 256, 2
369,25.15,84,7,1024,1024,1024,0, 0.22, 0.44, 0.34,up,0, 0, 0, 4, 0, 0, 16, 4, 2, 4, 16, 1024, 16, 64, 256, 2
374,23.35,87,7,1024,1024,1024,0.29, 0.28, 0.34, 0.09,up,2, 4, 32, 8, 16, 64, 256, 1024, 0, 0, 0, 2, 0, 2, 0, 0
379,25.62,78,9,1024,1024,1024,0.06, 0.09, 0, 0.85,down,2, 4, 32, 8, 16, 64, 256, 1024, 2, 2, 0, 2, 0, 0, 0, 0
373,25.4,76,10,1024,1024,1024,0.04, 0.8, 0.15, 0,left,0, 0, 0, 0, 2, 4, 2, 8, 16, 64, 32, 1024, 2, 2, 256, 2
373,19.3,78,7,1024,1024,1024,0.36, 0.52, 0.13, 0,left,0, 0, 0, 0, 2, 4, 2, 8, 16, 64, 32, 1024, 4, 256, 2, 2
392,31.27,125,13,1024,1024,1024,0.03, 0.04, 0.87, 0.07,up,0, 0, 2, 0, 2, 4, 2, 8, 16, 64, 32, 1024, 4, 256, 4, 0
356,25.97,78,12,1024,1024,1024,0.82, 0.17, 0, 0.01,right,2, 4, 4, 8, 16, 64, 32, 1024, 4, 256, 4, 0, 0, 2, 0, 0
372,26.66,72,13,1024,1024,1024,0.1, 0.74, 0.05, 0.1,left,0, 2, 8, 8, 16, 64, 32, 1024, 0, 4, 256, 4, 0, 0, 2, 2
370,35.38,140,10,1024,1024,1024,0.01, 0.01, 0.97, 0.01,up,2, 16, 0, 0, 16, 64, 32, 1024, 4, 256, 4, 0, 4, 0, 2, 0
343,35.37,70,9,1024,1024,1024,0.97, 0.02, 0, 0.01,right,2, 16, 32, 1024, 16, 64, 4, 0, 8, 256, 2, 0, 0, 2, 0, 0
343,35.92,108,9,1024,1024,1024,0.01, 0, 0.96, 0.02,up,2, 16, 32, 1024, 0, 16, 64, 4, 0, 8, 256, 2, 0, 0, 2, 2
342,36.93,79,7,1024,1024,1024,0.21, 0.22, 0.55, 0.03,up,2, 32, 32, 1024, 0, 8, 64, 4, 0, 0, 256, 4, 0, 2, 2, 0
339,35.85,95,8,1024,1024,1024,0.83, 0.08, 0.05, 0.03,right,2, 32, 32, 1024, 0, 8, 64, 8, 0, 2, 256, 0, 0, 0, 2, 2
342,35.02,91,7,1024,1024,1024,0.46, 0.19, 0.26, 0.1,right,2, 2, 64, 1024, 0, 8, 64, 8, 0, 0, 2, 256, 0, 0, 0, 4
344,34.92,79,7,1024,1024,1024,0.26, 0.27, 0.11, 0.36,down,0, 4, 64, 1024, 0, 8, 64, 8, 0, 0, 2, 256, 0, 2, 0, 4
345,34.64,102,9,1024,1024,1024,0.9, 0.05, 0.04, 0.02,right,0, 0, 0, 1024, 2, 4, 0, 8, 0, 8, 128, 256, 0, 2, 2, 4
346,35.53,77,7,1024,1024,1024,0.62, 0.33, 0.02, 0.04,right,0, 0, 0, 1024, 2, 2, 4, 8, 0, 8, 128, 256, 0, 0, 4, 4
343,33.1,138,6,1024,1024,1024,0.25, 0.49, 0.09, 0.17,left,0, 0, 0, 1024, 0, 4, 4, 8, 0, 8, 128, 256, 2, 0, 0, 8
350,33.88,124,9,1024,1024,1024,0.07, 0.71, 0.1, 0.12,left,1024, 2, 0, 0, 8, 8, 0, 0, 8, 128, 256, 0, 2, 8, 0, 0
348,33.82,131,7,1024,1024,1024,0.06, 0, 0.66, 0.27,up,1024, 2, 0, 0, 16, 2, 0, 0, 8, 128, 256, 0, 2, 8, 0, 0
348,33.43,127,6,1024,1024,1024,0.51, 0.38, 0.06, 0.05,right,1024, 4, 256, 0, 16, 128, 0, 0, 8, 8, 2, 0, 2, 0, 0, 0
349,33.5,72,6,1024,1024,1024,0, 0.27, 0.5, 0.23,up,0, 1024, 4, 256, 0, 0, 16, 128, 0, 2, 16, 2, 0, 0, 0, 2
349,32.31,72,6,1024,1024,1024,0.1, 0.25, 0.39, 0.25,up,0, 1024, 4, 256, 0, 2, 32, 128, 0, 0, 0, 4, 2, 0, 0, 0
353,31.25,68,6,1024,1024,1024,0.28, 0.25, 0.31, 0.16,up,2, 1024, 4, 256, 2, 2, 32, 128, 0, 0, 0, 4, 0, 0, 0, 0
356,30.13,72,7,1024,1024,1024,0.1, 0.15, 0.36, 0.4,down,4, 1024, 4, 256, 0, 2, 32, 128, 0, 2, 0, 4, 0, 0, 0, 0
359,30.39,132,8,1024,1024,1024,0.2, 0.19, 0.42, 0.19,up,2, 0, 0, 0, 0, 0, 0, 256, 0, 1024, 4, 128, 4, 4, 32, 4
358,30.4,107,7,1024,1024,1024,0.38, 0.29, 0.17, 0.15,right,2, 1024, 4, 256, 4, 4, 32, 128, 0, 0, 0, 4, 0, 2, 0, 0
358,28.64,70,6,1024,1024,1024,0.11, 0.53, 0.19, 0.18,left,2, 1024, 4, 256, 0, 8, 32, 128, 0, 0, 0, 4, 2, 0, 0, 2
364,27.26,85,7,1024,1024,1024,0.09, 0, 0.38, 0.54,down,2, 1024, 4, 256, 8, 32, 128, 0, 4, 2, 0, 0, 4, 0, 0, 0
368,26.84,89,6,1024,1024,1024,0.13, 0.31, 0.31, 0.25,left,0, 0, 0, 2, 2, 1024, 0, 0, 8, 32, 4, 0, 8, 2, 128, 256
369,25.25,69,6,1024,1024,1024,0.34, 0.23, 0.27, 0.17,right,2, 0, 0, 2, 2, 1024, 0, 0, 8, 32, 4, 0, 8, 2, 128, 256
374,24.96,62,7,1024,1024,1024,0.1, 0.8, 0.03, 0.07,left,0, 0, 0, 4, 2, 0, 2, 1024, 0, 8, 32, 4, 8, 2, 128, 256
375,23.82,70,6,1024,1024,1024,0.11, 0.11, 0.41, 0.37,up,4, 0, 0, 2, 4, 1024, 0, 0, 8, 32, 4, 0, 8, 2, 128, 256
378,21.67,60,7,1024,1024,1024,0.23, 0.38, 0.29, 0.09,left,8, 1024, 4, 2, 16, 32, 128, 256, 0, 2, 0, 0, 0, 0, 0, 2
384,23.34,65,8,1024,1024,1024,0.26, 0.44, 0.16, 0.15,left,8, 1024, 4, 2, 16, 32, 128, 256, 2, 0, 0, 2, 2, 0, 0, 0
379,22.43,87,8,1024,1024,1024,0.27, 0, 0, 0.73,down,8, 1024, 4, 2, 16, 32, 128, 256, 4, 2, 0, 0, 2, 0, 0, 0
382,25.73,93,10,1024,1024,1024,0.03, 0.05, 0.73, 0.19,up,8, 0, 0, 2, 16, 1024, 0, 0, 4, 32, 4, 2, 2, 2, 128, 256
372,19.31,69,7,1024,1024,1024,0.15, 0.43, 0.37, 0.04,left,8, 1024, 4, 4, 16, 32, 128, 256, 4, 2, 0, 0, 2, 0, 2, 0
392,22.5,128,12,1024,1024,1024,0.08, 0, 0.77, 0.15,up,8, 1024, 8, 0, 16, 32, 128, 256, 4, 2, 0, 0, 4, 2, 0, 0
382,25.45,89,10,1024,1024,1024,0.98, 0, 0, 0.02,right,8, 1024, 8, 256, 16, 32, 128, 0, 8, 4, 0, 0, 2, 0, 0, 0
373,24.93,62,9,1024,1024,1024,0.94, 0.02, 0, 0.04,right,8, 1024, 8, 256, 0, 16, 32, 128, 0, 0, 8, 4, 0, 0, 2, 2
375,25.12,76,9,1024,1024,1024,0.08, 0.01, 0.06, 0.85,down,8, 1024, 8, 256, 0, 16, 32, 128, 2, 0, 8, 4, 0, 0, 0, 4
374,24.07,94,7,1024,1024,1024,0.33, 0.64, 0.03, 0,left,0, 0, 0, 2, 0, 0, 8, 256, 8, 1024, 32, 128, 2, 16, 8, 8
377,25.51,119,7,1024,1024,1024,0.14, 0.25, 0.06, 0.54,down,2, 0, 0, 0, 8, 256, 0, 0, 8, 1024, 32, 128, 2, 16, 16, 2
373,24.07,60,6,1024,1024,1024,0.53, 0.2, 0.12, 0.15,right,0, 0, 2, 0, 2, 256, 0, 0, 16, 1024, 32, 128, 2, 16, 16, 2
377,25.17,82,7,1024,1024,1024,0.16, 0.04, 0.55, 0.25,up,0, 0, 0, 2, 0, 0, 2, 256, 16, 1024, 32, 128, 2, 2, 32, 2
374,25.06,112,6,1024,1024,1024,0.19, 0.11, 0.6, 0.1,up,16, 1024, 2, 2, 2, 2, 64, 256, 0, 0, 0, 128, 0, 2, 0, 2
374,25.11,97,6,1024,1024,1024,0.31, 0.45, 0, 0.24,left,16, 1024, 2, 2, 2, 4, 64, 256, 0, 0, 2, 128, 0, 0, 0, 2
374,22.74,94,7,1024,1024,1024,0.11, 0, 0.69, 0.2,up,16, 1024, 4, 0, 2, 4, 64, 256, 2, 128, 2, 0, 2, 0, 0, 0
381,23,64,7,1024,1024,1024,0.31, 0.4, 0.13, 0.16,left,16, 1024, 4, 256, 4, 4, 64, 0, 2, 128, 2, 0, 0, 0, 0, 2
381,23.34,88,10,1024,1024,1024,0.07, 0.04, 0.17, 0.72,down,16, 1024, 4, 256, 8, 64, 0, 0, 2, 128, 2, 0, 2, 0, 2, 0
379,22.53,127,8,1024,1024,1024,0.06, 0.07, 0.78, 0.09,up,0, 0, 0, 2, 16, 1024, 0, 0, 8, 64, 4, 0, 4, 128, 4, 256
382,22.37,85,9,1024,1024,1024,0.07, 0.9, 0, 0.04,left,16, 1024, 8, 2, 8, 64, 0, 256, 4, 128, 0, 0, 2, 0, 0, 0
382,20.34,94,10,1024,1024,1024,0.93, 0, 0, 0.07,right,16, 1024, 8, 2, 8, 64, 256, 0, 4, 128, 2, 0, 2, 0, 0, 0
388,21.54,90,8,1024,1024,1024,0.02, 0.84, 0.1, 0.03,left,16, 1024, 8, 2, 0, 8, 64, 256, 0, 4, 128, 2, 0, 2, 0, 2
385,21.91,78,7,1024,1024,1024,0.01, 0.05, 0.34, 0.6,down,16, 1024, 8, 2, 8, 64, 256, 0, 4, 128, 2, 0, 4, 0, 2, 0
384,20.54,111,6,1024,1024,1024,0.05, 0.29, 0.39, 0.27,up,0, 2, 0, 0, 16, 1024, 8, 0, 8, 64, 256, 0, 8, 128, 4, 2
388,19.99,89,7,1024,1024,1024,0.07, 0.14, 0.47, 0.32,up,16, 2, 8, 2, 16, 1024, 256, 0, 0, 64, 4, 0, 0, 128, 2, 0
390,18.98,55,6,1024,1024,1024,0.16, 0.27, 0.2, 0.37,down,32, 2, 8, 2, 0, 1024, 256, 0, 2, 64, 4, 0, 0, 128, 2, 0
393,17.07,89,7,1024,1024,1024,0.18, 0.2, 0.19, 0.44,down,0, 2, 8, 0, 0, 1024, 256, 0, 32, 64, 4, 2, 2, 128, 2, 2
398,16.63,66,7,1024,1024,1024,0.1, 0.39, 0.51, 0,up,0, 2, 8, 0, 0, 1024, 256, 0, 32, 64, 4, 2, 2, 128, 2, 4
400,15.29,81,8,1024,1024,1024,0.11, 0.06, 0.06, 0.78,down,32, 2, 8, 2, 2, 1024, 256, 4, 0, 64, 4, 0, 2, 128, 2, 0
404,15.8,102,8,1024,1024,1024,0.18, 0.11, 0.53, 0.18,up,0, 2, 8, 0, 0, 1024, 256, 2, 32, 64, 4, 2, 4, 128, 2, 4
402,25.3,125,12,1024,1024,1024,0.84, 0.1, 0.03, 0.03,right,32, 2, 8, 4, 4, 1024, 256, 4, 0, 64, 4, 0, 0, 128, 2, 2
374,15.47,75,7,1024,1024,1024,0.08, 0.01, 0.63, 0.28,up,32, 2, 8, 4, 4, 1024, 256, 4, 2, 0, 64, 4, 0, 0, 128, 4
403,14.43,84,7,1024,1024,1024,0.1, 0.37, 0.21, 0.32,left,32, 2, 8, 8, 4, 1024, 256, 8, 2, 0, 64, 0, 2, 0, 128, 0
406,13.21,61,7,1024,1024,1024,0.05, 0.24, 0.37, 0.33,up,32, 2, 16, 0, 4, 1024, 256, 8, 2, 64, 0, 0, 2, 128, 0, 2
410,13.08,48,8,1024,1024,1024,0.07, 0.44, 0.27, 0.21,left,32, 2, 16, 8, 4, 1024, 256, 2, 4, 64, 0, 2, 0, 128, 0, 0
410,19.48,90,16,1024,1024,1024,0.02, 0.04, 0.87, 0.08,up,32, 2, 16, 8, 4, 1024, 256, 2, 4, 64, 2, 0, 128, 0, 0, 2
391,14.53,75,10,1024,1024,1024,0.87, 0.05, 0, 0.09,right,32, 2, 16, 8, 8, 1024, 256, 4, 128, 64, 2, 2, 0, 0, 0, 0
406,15.36,61,8,1024,1024,1024,0.06, 0.02, 0.8, 0.13,up,32, 2, 16, 8, 8, 1024, 256, 4, 0, 128, 64, 4, 0, 2, 0, 0
403,38.02,128,13,1024,1024,1024,0.78, 0.03, 0.16, 0.03,right,32, 2, 16, 8, 8, 1024, 256, 8, 0, 128, 64, 0, 0, 2, 0, 2
335,38.29,106,13,1024,1024,1024,0.01, 0, 0.01, 0.98,down,32, 2, 16, 8, 8, 1024, 256, 8, 0, 0, 128, 64, 2, 0, 0, 4
335,40.25,124,11,1024,1024,1024,0.08, 0.91, 0.01, 0,left,0, 0, 0, 2, 32, 0, 16, 16, 8, 2, 256, 64, 2, 1024, 128, 4
329,47.98,128,11,1024,1024,1024,0.98, 0.01, 0.01, 0,right,2, 2, 0, 0, 32, 32, 0, 0, 8, 2, 256, 64, 2, 1024, 128, 4
306,48.28,116,10,1024,1024,1024,0.01, 0, 0.97, 0.01,up,0, 0, 0, 4, 2, 0, 0, 64, 8, 2, 256, 64, 2, 1024, 128, 4
305,50.24,128,9,1024,1024,1024,0.83, 0.12, 0.03, 0.02,right,2, 2, 256, 4, 8, 1024, 128, 128, 2, 0, 0, 4, 0, 2, 0, 0
299,49.32,121,8,1024,1024,1024,0.04, 0.18, 0, 0.78,down,0, 4, 256, 4, 0, 8, 1024, 256, 0, 2, 2, 4, 0, 0, 0, 2
302,51.81,125,8,1024,1024,1024,0.16, 0.83, 0.01, 0,left,0, 0, 0, 4, 0, 4, 256, 256, 0, 8, 1024, 4, 2, 2, 2, 2
294,49.44,129,6,1024,1024,1024,0.12, 0.44, 0.19, 0.25,left,4, 0, 0, 0, 4, 512, 0, 0, 8, 1024, 4, 2, 4, 4, 0, 0
301,49.64,139,6,1024,1024,1024,0.03, 0.13, 0.34, 0.51,down,4, 0, 0, 0, 4, 512, 0, 2, 8, 1024, 4, 2, 8, 0, 0, 0
301,49.22,126,6,1024,1024,1024,0.31, 0.31, 0.12, 0.26,right,0, 2, 0, 0, 0, 0, 0, 0, 8, 512, 0, 0, 16, 1024, 4, 4
302,48.28,114,8,1024,1024,1024,0.11, 0.65, 0.04, 0.19,left,0, 0, 0, 2, 0, 0, 0, 0, 2, 0, 8, 512, 0, 16, 1024, 8
305,46.99,106,8,1024,1024,1024,0.11, 0, 0.29, 0.61,down,2, 0, 0, 0, 2, 0, 0, 0, 2, 8, 512, 0, 16, 1024, 8, 0
309,44.97,117,7,1024,1024,1024,0.11, 0, 0.43, 0.45,down,0, 0, 0, 0, 2, 0, 0, 0, 4, 8, 512, 2, 16, 1024, 8, 0
315,43.94,98,7,1024,1024,1024,0.16, 0.63, 0.04, 0.17,left,0, 0, 0, 0, 2, 0, 0, 2, 4, 8, 512, 0, 16, 1024, 8, 2
318,45.61,127,7,1024,1024,1024,0.04, 0.06, 0.62, 0.27,up,0, 0, 0, 0, 4, 0, 0, 2, 4, 8, 512, 0, 16, 1024, 8, 2
313,45.06,100,7,1024,1024,1024,0.37, 0.32, 0.27, 0.03,right,8, 8, 512, 4, 16, 1024, 8, 0, 0, 0, 0, 0, 2, 0, 0, 0
314,44.68,132,8,1024,1024,1024,0.18, 0.21, 0.44, 0.17,up,0, 16, 512, 4, 0, 16, 1024, 8, 0, 0, 0, 0, 0, 0, 2, 2
315,43.98,116,7,1024,1024,1024,0.3, 0.14, 0.22, 0.34,down,0, 32, 512, 4, 2, 0, 1024, 8, 0, 0, 2, 2, 0, 0, 0, 0
318,42.46,112,7,1024,1024,1024,0.33, 0.34, 0.32, 0,left,0, 0, 0, 0, 0, 0, 512, 4, 0, 2, 1024, 8, 2, 32, 2, 2
322,40,109,8,1024,1024,1024,0.09, 0, 0.3, 0.61,down,0, 0, 0, 0, 512, 4, 0, 0, 2, 1024, 8, 0, 2, 32, 4, 2
329,39.14,90,8,1024,1024,1024,0.1, 0.41, 0.44, 0.05,up,0, 0, 2, 0, 0, 4, 0, 0, 512, 1024, 8, 0, 4, 32, 4, 2
332,40.89,105,8,1024,1024,1024,0.67, 0.26, 0, 0.07,right,512, 4, 2, 2, 4, 1024, 8, 0, 0, 32, 4, 0, 0, 2, 0, 0
327,40.31,101,9,1024,1024,1024,0.72, 0.14, 0.12, 0.02,right,0, 512, 4, 4, 2, 4, 1024, 8, 0, 0, 32, 4, 0, 0, 0, 2
329,38.03,127,6,1024,1024,1024,0.42, 0.13, 0.24, 0.21,right,0, 0, 512, 8, 2, 4, 1024, 8, 0, 0, 32, 4, 2, 0, 0, 2
335,37.89,107,6,1024,1024,1024,0.2, 0.03, 0.31, 0.47,down,0, 0, 512, 8, 2, 4, 1024, 8, 0, 0, 32, 4, 2, 0, 0, 4
336,36.82,134,7,1024,1024,1024,0.38, 0.45, 0.17, 0,left,0, 0, 0, 0, 0, 0, 512, 0, 2, 0, 1024, 16, 4, 4, 32, 8
339,35.37,104,7,1024,1024,1024,0.43, 0, 0.57, 0,up,2, 0, 0, 0, 512, 0, 0, 0, 2, 1024, 16, 0, 8, 32, 8, 0
343,40.27,92,10,1024,1024,1024,0.09, 0.08, 0, 0.83,down,2, 1024, 16, 0, 512, 32, 8, 0, 2, 2, 0, 0, 8, 0, 0, 0
329,33.44,90,7,1024,1024,1024,0.25, 0.26, 0.22, 0.27,down,2, 0, 2, 0, 512, 1024, 0, 0, 2, 32, 16, 0, 8, 2, 8, 0
349,34.92,105,8,1024,1024,1024,0.15, 0.22, 0.53, 0.1,up,2, 0, 0, 2, 512, 1024, 2, 0, 2, 32, 16, 0, 8, 2, 8, 0
345,36.19,111,12,1024,1024,1024,0.08, 0.84, 0, 0.08,left,2, 1024, 2, 2, 512, 32, 16, 0, 2, 2, 8, 0, 8, 0, 2, 0
341,33.49,98,12,1024,1024,1024,0.07, 0, 0.83, 0.1,up,2, 1024, 4, 0, 512, 32, 16, 2, 4, 8, 0, 0, 8, 2, 0, 0
349,35.39,85,10,1024,1024,1024,0.87, 0, 0.1, 0.03,right,2, 1024, 4, 2, 512, 32, 16, 2, 4, 8, 0, 0, 8, 2, 0, 0
343,33.98,99,11,1024,1024,1024,0.02, 0.92, 0.03, 0.02,left,2, 1024, 4, 2, 512, 32, 16, 2, 0, 0, 4, 8, 2, 0, 8, 2
348,37.85,85,8,1024,1024,1024,0.02, 0, 0.96, 0.02,up,2, 1024, 4, 2, 512, 32, 16, 2, 4, 8, 0, 2, 2, 8, 2, 0
336,36.34,81,8,1024,1024,1024,0.95, 0.01, 0.03, 0.01,right,2, 1024, 4, 4, 512, 32, 16, 2, 4, 16, 2, 2, 2, 0, 0, 0
340,35.76,94,8,1024,1024,1024,0, 0.08, 0.83, 0.09,up,0, 2, 1024, 8, 512, 32, 16, 2, 2, 4, 16, 4, 0, 0, 0, 2
342,35.76,100,10,1024,1024,1024,0.2, 0.76, 0.02, 0.02,left,512, 2, 1024, 8, 2, 32, 32, 2, 0, 4, 0, 4, 0, 0, 2, 2
342,35.5,96,6,1024,1024,1024,0.34, 0.27, 0, 0.39,down,512, 2, 1024, 8, 2, 64, 2, 2, 8, 0, 0, 0, 4, 0, 0, 0
343,33.82,98,8,1024,1024,1024,0.59, 0.1, 0.18, 0.13,right,512, 0, 2, 0, 2, 0, 0, 0, 8, 2, 1024, 8, 4, 64, 2, 2
348,32.22,87,8,1024,1024,1024,0.04, 0.74, 0.06, 0.16,left,0, 0, 512, 2, 0, 0, 2, 2, 8, 2, 1024, 8, 0, 4, 64, 4
353,30.51,101,10,1024,1024,1024,0.83, 0, 0.06, 0.11,right,512, 2, 0, 0, 4, 2, 0, 0, 8, 2, 1024, 8, 4, 64, 4, 0
358,32.56,87,10,1024,1024,1024,0, 0.03, 0.22, 0.76,down,0, 0, 512, 2, 0, 0, 4, 2, 8, 2, 1024, 8, 2, 4, 64, 4
352,29.2,85,9,1024,1024,1024,0.37, 0.56, 0.07, 0,left,0, 0, 512, 2, 0, 0, 4, 4, 8, 2, 1024, 8, 2, 4, 64, 4
362,28.57,83,7,1024,1024,1024,0.08, 0.08, 0.44, 0.41,up,512, 2, 2, 0, 8, 0, 0, 0, 8, 2, 1024, 8, 2, 4, 64, 4
364,28.57,81,9,1024,1024,1024,0.15, 0.49, 0.12, 0.24,left,512, 4, 2, 8, 16, 4, 1024, 4, 2, 0, 64, 0, 0, 2, 0, 0
364,28.29,91,9,1024,1024,1024,0.01, 0.18, 0.17, 0.64,down,512, 4, 2, 8, 16, 4, 1024, 4, 2, 64, 0, 2, 2, 0, 0, 0
365,29.32,78,7,1024,1024,1024,0.02, 0.47, 0.11, 0.41,left,0, 0, 2, 0, 512, 0, 0, 8, 16, 8, 2, 4, 4, 64, 1024, 2
362,30.35,85,8,1024,1024,1024,0.01, 0, 0.21, 0.78,down,2, 0, 0, 0, 512, 8, 2, 0, 16, 8, 2, 4, 4, 64, 1024, 2
358,29.25,89,7,1024,1024,1024,0.45, 0.52, 0.03, 0,left,2, 0, 0, 0, 512, 0, 0, 2, 16, 16, 4, 4, 4, 64, 1024, 2
362,29.04,79,7,1024,1024,1024,0.13, 0.42, 0.28, 0.17,left,2, 0, 2, 0, 512, 2, 0, 0, 32, 8, 0, 0, 4, 64, 1024, 2
362,28.56,81,8,1024,1024,1024,0.56, 0.19, 0.12, 0.14,right,4, 0, 0, 2, 512, 2, 0, 0, 32, 8, 0, 0, 4, 64, 1024, 2
364,27.21,80,8,1024,1024,1024,0.6, 0.11, 0.23, 0.05,right,2, 0, 4, 2, 0, 0, 512, 2, 0, 0, 32, 8, 4, 64, 1024, 2
368,26.73,75,7,1024,1024,1024,0.27, 0.03, 0.49, 0.22,up,0, 2, 4, 2, 0, 0, 512, 2, 2, 0, 32, 8, 4, 64, 1024, 2
369,25.55,88,8,1024,1024,1024,0.16, 0.7, 0.13, 0.02,left,2, 2, 4, 4, 4, 64, 512, 8, 0, 0, 32, 2, 0, 2, 1024, 0
373,26.21,71,8,1024,1024,1024,0.03, 0.15, 0.59, 0.24,up,4, 8, 0, 2, 4, 64, 512, 8, 32, 2, 0, 0, 2, 1024, 0, 0
371,35.18,127,13,1024,1024,1024,0.06, 0.79, 0.14, 0.01,left,8, 8, 512, 2, 32, 64, 0, 8, 2, 2, 0, 0, 0, 1024, 2, 0
344,24.34,78,6,1024,1024,1024,0.17, 0, 0.61, 0.22,up,16, 512, 2, 0, 32, 64, 8, 0, 4, 2, 0, 0, 1024, 2, 0, 0
376,34.8,83,11,1024,1024,1024,0.81, 0.1, 0.06, 0.03,right,16, 512, 2, 0, 32, 64, 8, 2, 4, 4, 0, 0, 1024, 0, 0, 0
345,37.84,80,11,1024,1024,1024,0.92, 0.01, 0.05, 0.02,right,0, 16, 512, 2, 32, 64, 8, 2, 0, 0, 0, 8, 2, 0, 0, 1024
336,38.74,91,10,1024,1024,1024,0.02, 0.02, 0.03, 0.94,down,0, 16, 512, 2, 32, 64, 8, 2, 0, 0, 0, 8, 2, 0, 2, 1024
333,38.97,84,9,1024,1024,1024,0.91, 0.08, 0.01, 0,right,0, 0, 0, 0, 2, 0, 512, 4, 32, 16, 8, 8, 2, 64, 2, 1024
333,40.16,113,8,1024,1024,1024,0.91, 0.08, 0.01, 0,right,0, 0, 2, 0, 0, 2, 512, 4, 0, 32, 16, 16, 2, 64, 2, 1024
329,39.03,84,7,1024,1024,1024,0.07, 0.85, 0.02, 0.06,left,0, 0, 0, 2, 0, 2, 512, 4, 0, 2, 32, 32, 2, 64, 2, 1024
332,38.06,81,7,1024,1024,1024,0.04, 0, 0.57, 0.39,up,2, 0, 0, 0, 2, 512, 4, 2, 2, 64, 0, 0, 2, 64, 2, 1024
335,39.66,96,6,1024,1024,1024,0.2, 0.05, 0.28, 0.48,down,4, 512, 4, 2, 4, 128, 2, 1024, 0, 0, 2, 0, 0, 0, 0, 0
331,37.27,90,6,1024,1024,1024,0, 0.31, 0.41, 0.28,up,0, 0, 0, 0, 0, 0, 0, 2, 0, 512, 4, 2, 8, 128, 4, 1024
338,36.51,78,7,1024,1024,1024,0, 0.57, 0, 0.43,left,8, 512, 8, 4, 0, 128, 2, 1024, 0, 0, 0, 0, 0, 0, 0, 0
340,35.48,79,7,1024,1024,1024,0.18, 0.16, 0, 0.66,down,8, 512, 8, 4, 128, 2, 1024, 0, 0, 0, 2, 0, 0, 0, 0, 0
343,34.84,71,7,1024,1024,1024,0.68, 0.23, 0.09, 0,right,0, 0, 0, 0, 2, 0, 8, 0, 8, 512, 1024, 0, 128, 2, 2, 4
345,33.85,76,7,1024,1024,1024,0.15, 0.62, 0.11, 0.12,left,0, 0, 0, 0, 2, 0, 2, 8, 0, 8, 512, 1024, 0, 128, 4, 4
348,34.83,94,7,1024,1024,1024,0.44, 0.14, 0.24, 0.19,right,0, 0, 0, 0, 4, 8, 0, 2, 8, 512, 1024, 0, 128, 8, 0, 0
345,33.2,78,7,1024,1024,1024,0.1, 0.12, 0.61, 0.16,up,0, 0, 2, 0, 0, 4, 8, 2, 0, 8, 512, 1024, 0, 0, 128, 8
350,31.78,84,6,1024,1024,1024,0.46, 0.43, 0, 0.12,right,0, 4, 2, 2, 0, 8, 8, 1024, 0, 2, 512, 8, 0, 0, 128, 0
354,32.7,77,8,1024,1024,1024,0.35, 0.09, 0.37, 0.18,up,2, 0, 4, 4, 0, 0, 16, 1024, 0, 2, 512, 8, 0, 0, 0, 128
351,31.61,68,7,1024,1024,1024,0.33, 0.23, 0.25, 0.18,right,2, 2, 4, 4, 0, 0, 16, 1024, 0, 2, 512, 8, 0, 0, 0, 128
355,29.94,77,8,1024,1024,1024,0.07, 0.09, 0.68, 0.15,up,0, 0, 4, 8, 0, 0, 16, 1024, 0, 2, 512, 8, 2, 0, 0, 128
360,30.91,71,7,1024,1024,1024,0.29, 0.32, 0.34, 0.04,up,2, 2, 4, 8, 0, 0, 16, 1024, 0, 2, 512, 8, 0, 0, 0, 128
357,29.04,78,7,1024,1024,1024,0.47, 0.38, 0.06, 0.08,right,2, 4, 4, 8, 0, 0, 16, 1024, 2, 0, 512, 8, 0, 0, 0, 128
362,30.18,86,6,1024,1024,1024,0.2, 0.42, 0.35, 0.03,left,0, 2, 8, 8, 0, 0, 16, 1024, 2, 2, 512, 8, 0, 0, 0, 128
359,28.79,71,9,1024,1024,1024,0.05, 0, 0.14, 0.8,down,2, 16, 0, 0, 16, 1024, 2, 0, 4, 512, 8, 0, 128, 0, 0, 0
363,27.94,65,7,1024,1024,1024,0.14, 0.66, 0.06, 0.13,left,2, 0, 2, 0, 16, 16, 0, 0, 4, 1024, 2, 0, 128, 512, 8, 0
366,28.01,68,8,1024,1024,1024,0.71, 0.16, 0.09, 0.05,right,4, 0, 0, 0, 32, 0, 0, 2, 4, 1024, 2, 0, 128, 512, 8, 0
365,27.99,62,7,1024,1024,1024,0, 0.11, 0.23, 0.66,down,0, 0, 0, 4, 0, 0, 32, 2, 2, 4, 1024, 2, 0, 128, 512, 8
366,27.48,93,7,1024,1024,1024,0.2, 0.03, 0.32, 0.45,down,0, 0, 2, 0, 0, 0, 32, 4, 0, 4, 1024, 4, 2, 128, 512, 8
367,27.28,115,7,1024,1024,1024,0.29, 0.12, 0.38, 0.21,up,0, 0, 2, 2, 0, 0, 32, 0, 0, 4, 1024, 8, 2, 128, 512, 8
368,27.78,83,6,1024,1024,1024,0.32, 0.19, 0.27, 0.21,right,2, 4, 2, 2, 0, 128, 32, 16, 0, 0, 1024, 0, 0, 2, 512, 0
366,26.31,108,8,1024,1024,1024,0.34, 0.19, 0.21, 0.25,right,0, 2, 4, 4, 2, 128, 32, 16, 0, 0, 0, 1024, 0, 0, 2, 512
371,26.22,62,7,1024,1024,1024,0, 0.44, 0.25, 0.31,left,0, 0, 2, 8, 2, 128, 32, 16, 0, 0, 2, 1024, 0, 0, 2, 512
371,23.23,59,8,1024,1024,1024,0.02, 0.14, 0.69, 0.15,up,2, 8, 0, 0, 2, 128, 32, 16, 2, 1024, 0, 0, 2, 512, 0, 2
380,28.05,67,8,1024,1024,1024,0.04, 0.74, 0.17, 0.06,left,4, 8, 32, 16, 4, 128, 0, 2, 0, 1024, 0, 0, 2, 512, 0, 0
365,22.52,77,8,1024,1024,1024,0.03, 0.1, 0.65, 0.22,up,4, 8, 32, 16, 4, 128, 2, 0, 1024, 0, 2, 0, 2, 512, 0, 0
382,28.79,89,10,1024,1024,1024,0.04, 0.94, 0, 0.02,left,8, 8, 32, 16, 1024, 128, 4, 0, 2, 512, 0, 0, 0, 2, 0, 0
363,22.6,90,6,1024,1024,1024,0.47, 0.11, 0.3, 0.12,right,16, 32, 16, 0, 1024, 128, 4, 0, 2, 512, 0, 0, 2, 0, 2, 0
382,19.68,69,8,1024,1024,1024,0, 0.66, 0.28, 0.06,left,0, 16, 32, 16, 2, 1024, 128, 4, 0, 0, 2, 512, 0, 0, 0, 4
390,23.69,63,10,1024,1024,1024,0.75, 0, 0.13, 0.12,right,16, 32, 16, 0, 2, 1024, 128, 4, 2, 512, 2, 0, 4, 0, 0, 0
378,23.88,55,10,1024,1024,1024,0.06, 0, 0.02, 0.92,down,0, 16, 32, 16, 2, 1024, 128, 4, 0, 2, 512, 2, 0, 2, 0, 4
378,23.98,82,11,1024,1024,1024,0.79, 0.03, 0.09, 0.09,right,2, 0, 0, 16, 0, 16, 32, 4, 0, 1024, 128, 2, 2, 4, 512, 4
378,20.68,59,11,1024,1024,1024,0.12, 0.83, 0.05, 0,left,0, 2, 2, 16, 0, 16, 32, 4, 0, 1024, 128, 2, 2, 4, 512, 4
387,21.89,61,11,1024,1024,1024,0.01, 0.94, 0.01, 0.04,left,4, 16, 0, 2, 16, 32, 4, 0, 1024, 128, 2, 0, 2, 4, 512, 4
384,20.88,93,12,1024,1024,1024,0.94, 0.02, 0.03, 0.01,right,4, 16, 2, 2, 16, 32, 4, 0, 1024, 128, 2, 0, 2, 4, 512, 4
387,20.78,81,10,1024,1024,1024,0, 0.96, 0.03, 0.01,left,0, 4, 16, 4, 2, 16, 32, 4, 0, 1024, 128, 2, 2, 4, 512, 4
387,19.84,48,9,1024,1024,1024,0, 0.01, 0.01, 0.97,down,4, 16, 4, 0, 2, 16, 32, 4, 1024, 128, 2, 2, 2, 4, 512, 4
390,22.51,67,11,1024,1024,1024,0.08, 0.91, 0, 0,left,4, 0, 4, 2, 2, 32, 32, 4, 1024, 128, 2, 2, 2, 4, 512, 4
382,22.86,78,10,1024,1024,1024,0.9, 0.02, 0.07, 0.01,right,8, 2, 2, 0, 2, 64, 4, 0, 1024, 128, 4, 0, 2, 4, 512, 4
381,24.66,84,9,1024,1024,1024,0, 0, 0.86, 0.14,up,0, 2, 8, 4, 0, 2, 64, 4, 0, 1024, 128, 4, 2, 4, 512, 4
376,23.41,70,10,1024,1024,1024,0.05, 0.05, 0.83, 0.08,up,2, 4, 8, 8, 0, 1024, 64, 8, 0, 4, 128, 0, 0, 2, 512, 0
379,24.23,71,7,1024,1024,1024,0.46, 0.02, 0.48, 0.04,up,2, 4, 8, 16, 0, 1024, 64, 0, 2, 4, 128, 0, 0, 2, 512, 0
377,24.32,86,8,1024,1024,1024,0.76, 0.21, 0, 0.03,right,4, 4, 8, 16, 2, 1024, 64, 0, 0, 4, 128, 0, 0, 2, 512, 0
377,23.58,77,7,1024,1024,1024,0.53, 0.29, 0.14, 0.04,right,0, 8, 8, 16, 2, 2, 1024, 64, 0, 0, 4, 128, 0, 0, 2, 512
379,23.89,77,6,1024,1024,1024,0.3, 0.22, 0.2, 0.28,right,0, 0, 16, 16, 0, 4, 1024, 64, 0, 2, 4, 128, 0, 0, 2, 512
378,23.78,87,7,1024,1024,1024,0, 0.11, 0.38, 0.51,down,0, 0, 0, 32, 2, 4, 1024, 64, 0, 2, 4, 128, 0, 0, 2, 512
378,23.22,84,7,1024,1024,1024,0.44, 0.08, 0.28, 0.2,right,0, 2, 0, 32, 0, 0, 1024, 64, 0, 4, 4, 128, 2, 2, 2, 512
380,21.74,72,7,1024,1024,1024,0.23, 0.05, 0.18, 0.54,down,0, 0, 2, 32, 2, 0, 1024, 64, 0, 0, 8, 128, 0, 2, 4, 512
384,21.48,66,7,1024,1024,1024,0.34, 0.24, 0.17, 0.25,right,0, 0, 2, 32, 0, 0, 1024, 64, 0, 2, 8, 128, 2, 2, 4, 512
385,21.24,82,7,1024,1024,1024,0.63, 0.09, 0.07, 0.21,right,0, 0, 2, 32, 2, 0, 1024, 64, 0, 2, 8, 128, 0, 4, 4, 512
386,20.91,83,6,1024,1024,1024,0, 0.37, 0.32, 0.31,left,0, 0, 2, 32, 0, 2, 1024, 64, 0, 2, 8, 128, 0, 2, 8, 512
387,19.72,82,6,1024,1024,1024,0.22, 0, 0.33, 0.45,down,2, 32, 2, 0, 2, 1024, 64, 0, 2, 8, 128, 0, 2, 8, 512, 0
390,18.24,73,6,1024,1024,1024,0.21, 0.24, 0.32, 0.23,up,0, 0, 2, 0, 0, 32, 64, 2, 4, 1024, 128, 0, 4, 16, 512, 0
395,17.32,77,7,1024,1024,1024,0.31, 0.25, 0.19, 0.24,right,8, 32, 2, 2, 0, 1024, 64, 0, 0, 16, 128, 0, 2, 0, 512, 0
398,17.15,67,8,1024,1024,1024,0, 0.22, 0, 0.78,down,0, 8, 32, 4, 0, 2, 1024, 64, 0, 0, 16, 128, 0, 0, 2, 512
398,17.2,86,8,1024,1024,1024,0.18, 0.1, 0.31, 0.41,down,2, 0, 32, 4, 0, 0, 1024, 64, 0, 8, 16, 128, 0, 2, 2, 512
398,19.52,78,12,1024,1024,1024,0.85, 0.04, 0.11, 0,right,0, 0, 32, 4, 0, 2, 1024, 64, 0, 8, 16, 128, 2, 2, 2, 512
391,29.01,73,14,1024,1024,1024,0, 0.88, 0.03, 0.1,left,0, 0, 32, 4, 0, 2, 1024, 64, 2, 8, 16, 128, 0, 2, 4, 512
362,20.43,68,10,1024,1024,1024,0.04, 0, 0.02, 0.94,down,32, 4, 0, 0, 2, 1024, 64, 0, 2, 8, 16, 128, 2, 4, 512, 2
388,28.65,74,17,1024,1024,1024,0.05, 0.94, 0.01, 0,left,0, 4, 0, 0, 32, 1024, 64, 2, 2, 8, 16, 128, 4, 4, 512, 2
364,35.91,85,13,1024,1024,1024,0.99, 0.01, 0, 0,right,4, 0, 2, 0, 32, 1024, 64, 2, 2, 8, 16, 128, 8, 512, 2, 0
342,33.04,91,11,1024,1024,1024,0, 0, 0.99, 0.01,up,0, 2, 4, 2, 32, 1024, 64, 2, 2, 8, 16, 128, 0, 8, 512, 2
350,32.06,77,12,1024,1024,1024,0.05, 0.03, 0.9, 0.01,up,32, 2, 4, 4, 2, 1024, 64, 128, 0, 16, 16, 2, 2, 0, 512, 0
353,34.38,92,11,1024,1024,1024,0.97, 0.01, 0.01, 0.01,right,32, 2, 4, 4, 4, 1024, 64, 128, 0, 16, 16, 2, 2, 0, 512, 0
346,36.15,87,10,1024,1024,1024,0.01, 0, 0, 0.98,down,0, 32, 2, 8, 4, 1024, 64, 128, 2, 0, 32, 2, 0, 0, 2, 512
341,36.47,77,9,1024,1024,1024,0.05, 0.95, 0, 0,left,0, 0, 2, 8, 2, 0, 64, 128, 4, 32, 32, 2, 2, 1024, 2, 512
340,33.9,87,9,1024,1024,1024,0.01, 0, 0.03, 0.96,down,2, 8, 0, 0, 2, 64, 128, 2, 4, 64, 2, 0, 2, 1024, 2, 512
348,35.58,97,9,1024,1024,1024,0.79, 0.08, 0.01, 0.11,right,0, 2, 0, 0, 4, 8, 0, 0, 4, 128, 128, 2, 2, 1024, 4, 512
343,34.21,89,8,1024,1024,1024,0.14, 0.76, 0.06, 0.04,left,0, 2, 0, 2, 0, 0, 4, 8, 0, 4, 256, 2, 2, 1024, 4, 512
347,34.64,92,7,1024,1024,1024,0.07, 0.62, 0.22, 0.08,left,4, 0, 0, 0, 4, 8, 0, 0, 4, 256, 2, 2, 2, 1024, 4, 512
346,33.23,71,9,1024,1024,1024,0.11, 0, 0.82, 0.08,up,4, 0, 0, 0, 4, 8, 2, 0, 4, 256, 4, 0, 2, 1024, 4, 512
350,32.97,84,7,1024,1024,1024,0.32, 0.4, 0.16, 0.12,left,8, 8, 2, 512, 4, 256, 8, 0, 2, 1024, 0, 0, 0, 0, 2, 0
351,30.63,76,6,1024,1024,1024,0.07, 0.05, 0.25, 0.63,down,16, 2, 512, 0, 4, 256, 8, 0, 2, 1024, 0, 0, 2, 0, 0, 2
358,30.35,91,7,1024,1024,1024,0.29, 0, 0.2, 0.5,down,0, 0, 0, 0, 16, 2, 0, 0, 4, 256, 512, 2, 4, 1024, 8, 2
358,28.35,106,7,1024,1024,1024,0.21, 0.31, 0.33, 0.15,up,0, 0, 2, 0, 0, 2, 0, 0, 16, 256, 512, 0, 8, 1024, 8, 4
364,28.02,67,8,1024,1024,1024,0.41, 0.5, 0, 0.09,left,16, 2, 2, 4, 8, 256, 512, 0, 0, 1024, 8, 0, 0, 2, 0, 0
365,29.36,71,8,1024,1024,1024,0.13, 0.71, 0.1, 0.06,left,16, 4, 4, 0, 8, 256, 512, 0, 1024, 8, 0, 0, 2, 0, 0, 2
361,29.35,76,8,1024,1024,1024,0.06, 0, 0.09, 0.86,down,16, 8, 0, 0, 8, 256, 512, 0, 1024, 8, 2, 0, 4, 0, 0, 0
361,28.6,85,7,1024,1024,1024,0.07, 0.55, 0.38, 0,left,16, 2, 0, 0, 8, 8, 0, 0, 1024, 256, 512, 0, 4, 8, 2, 0
364,29.21,73,7,1024,1024,1024,0.11, 0, 0.34, 0.55,down,16, 2, 0, 0, 16, 2, 0, 0, 1024, 256, 512, 0, 4, 8, 2, 0
362,27.01,80,6,1024,1024,1024,0.15, 0.11, 0.27, 0.47,down,0, 0, 2, 0, 32, 4, 0, 0, 1024, 256, 512, 0, 4, 8, 2, 0
368,26.04,94,7,1024,1024,1024,0.16, 0.41, 0.43, 0,up,0, 0, 0, 0, 32, 4, 2, 0, 1024, 256, 512, 0, 4, 8, 2, 2
371,25.47,69,8,1024,1024,1024,0.31, 0.57, 0.08, 0.04,left,32, 4, 2, 2, 1024, 256, 512, 0, 4, 8, 2, 2, 0, 0, 0, 0
373,26.01,66,7,1024,1024,1024,0.06, 0.34, 0.12, 0.49,down,32, 4, 4, 0, 1024, 256, 512, 0, 4, 8, 4, 2, 0, 0, 0, 0
371,24.91,74,10,1024,1024,1024,0.06, 0.06, 0.68, 0.2,up,0, 0, 0, 0, 32, 4, 4, 2, 1024, 256, 512, 0, 4, 8, 4, 2
375,23.58,62,10,1024,1024,1024,0.04, 0.18, 0.76, 0.03,up,32, 4, 4, 4, 1024, 256, 512, 0, 4, 8, 4, 2, 0, 0, 0, 0
379,22.84,64,9,1024,1024,1024,0.02, 0.93, 0, 0.05,left,32, 4, 4, 4, 1024, 256, 512, 2, 4, 8, 4, 0, 0, 0, 2, 0
381,24.69,75,8,1024,1024,1024,0.01, 0, 0.88, 0.11,up,32, 8, 4, 0, 1024, 256, 512, 2, 4, 8, 4, 2, 2, 0, 0, 0
375,22.92,72,10,1024,1024,1024,0.85, 0.14, 0, 0.02,right,32, 8, 4, 4, 1024, 256, 512, 2, 4, 8, 4, 0, 2, 0, 0, 0
381,23.18,72,8,1024,1024,1024,0.04, 0.93, 0.02, 0.02,left,0, 32, 8, 8, 1024, 256, 512, 2, 2, 4, 8, 4, 0, 0, 0, 2
380,22.02,65,7,1024,1024,1024,0.25, 0.23, 0.48, 0.04,up,32, 16, 0, 0, 1024, 256, 512, 2, 2, 4, 8, 4, 2, 0, 2, 0
383,26.29,68,8,1024,1024,1024,0.09, 0.03, 0.03, 0.85,down,32, 16, 512, 2, 1024, 256, 8, 4, 4, 4, 2, 0, 0, 0, 2, 0
371,26.7,64,8,1024,1024,1024,0.93, 0.05, 0.01, 0,right,0, 2, 0, 0, 32, 16, 512, 0, 1024, 256, 8, 2, 4, 4, 4, 4
369,26.38,68,7,1024,1024,1024,0.04, 0.06, 0.25, 0.66,down,0, 0, 2, 2, 0, 32, 16, 512, 1024, 256, 8, 2, 0, 0, 8, 8
370,27.1,72,8,1024,1024,1024,0.14, 0.1, 0.36, 0.41,down,0, 0, 2, 2, 0, 0, 2, 512, 0, 32, 16, 2, 1024, 256, 16, 8
368,25.61,81,9,1024,1024,1024,0, 0.97, 0.03, 0,left,0, 0, 0, 2, 0, 0, 2, 512, 0, 32, 4, 2, 1024, 256, 32, 8
373,24.53,70,8,1024,1024,1024,0.06, 0.06, 0.05, 0.83,down,2, 0, 0, 2, 2, 512, 0, 0, 32, 4, 2, 0, 1024, 256, 32, 8
376,26.01,70,8,1024,1024,1024,0.69, 0.25, 0.06, 0,right,2, 0, 0, 0, 4, 512, 0, 0, 32, 4, 2, 2, 1024, 256, 32, 8
371,25.88,62,7,1024,1024,1024,0.94, 0.01, 0.02, 0.03,right,0, 0, 0, 2, 0, 0, 4, 512, 2, 32, 4, 4, 1024, 256, 32, 8
372,26.68,75,8,1024,1024,1024,0.17, 0.01, 0.14, 0.68,down,0, 0, 0, 2, 2, 0, 4, 512, 0, 2, 32, 8, 1024, 256, 32, 8
369,25.32,65,7,1024,1024,1024,0.66, 0.18, 0.04, 0.13,right,0, 0, 0, 0, 2, 0, 0, 2, 2, 2, 4, 512, 1024, 256, 64, 16
374,24.65,54,7,1024,1024,1024,0.7, 0.19, 0.11, 0,right,0, 0, 0, 2, 0, 0, 0, 4, 0, 4, 4, 512, 1024, 256, 64, 16
376,23.96,67,8,1024,1024,1024,0, 0.77, 0.23, 0,left,0, 0, 0, 2, 0, 0, 0, 4, 0, 2, 8, 512, 1024, 256, 64, 16
378,23.83,73,7,1024,1024,1024,0.32, 0.54, 0.03, 0.11,left,2, 0, 0, 0, 4, 0, 0, 2, 2, 8, 512, 0, 1024, 256, 64, 16
378,22.6,60,7,1024,1024,1024,0.82, 0.12, 0.06, 0,right,2, 0, 0, 0, 4, 2, 2, 0, 2, 8, 512, 0, 1024, 256, 64, 16
382,22.07,70,7,1024,1024,1024,0.5, 0.17, 0.2, 0.13,right,0, 0, 0, 2, 0, 2, 4, 4, 0, 2, 8, 512, 1024, 256, 64, 16
383,21.39,50,7,1024,1024,1024,0.31, 0.26, 0.43, 0,up,0, 0, 0, 2, 0, 0, 2, 8, 2, 2, 8, 512, 1024, 256, 64, 16
385,19.75,61,6,1024,1024,1024,0.41, 0.31, 0.17, 0.12,right,2, 2, 2, 2, 1024, 256, 8, 8, 0, 0, 64, 512, 0, 2, 0, 16
390,18.21,78,6,1024,1024,1024,0.32, 0.24, 0.22, 0.23,right,0, 0, 4, 4, 0, 1024, 256, 16, 2, 0, 64, 512, 0, 0, 2, 16
395,17.13,58,7,1024,1024,1024,0, 0.16, 0.54, 0.3,up,0, 0, 2, 8, 0, 1024, 256, 16, 0, 2, 64, 512, 0, 0, 2, 16
398,17.1,53,7,1024,1024,1024,0.12, 0.34, 0.27, 0.26,left,0, 1024, 2, 8, 2, 2, 256, 16, 0, 0, 64, 512, 0, 0, 2, 16
398,18.5,58,8,1024,1024,1024,0.09, 0, 0, 0.91,down,1024, 2, 8, 2, 4, 256, 16, 0, 64, 512, 0, 0, 2, 16, 0, 0
394,19.14,62,7,1024,1024,1024,0.47, 0.2, 0.09, 0.23,right,1024, 2, 2, 0, 4, 256, 0, 0, 64, 512, 8, 0, 2, 16, 16, 2
392,17.65,58,7,1024,1024,1024,0, 0.68, 0.18, 0.14,left,0, 0, 1024, 4, 0, 0, 4, 256, 2, 64, 512, 8, 0, 2, 32, 2
397,16.14,48,8,1024,1024,1024,0.11, 0, 0.32, 0.57,down,1024, 4, 0, 0, 4, 256, 2, 0, 2, 64, 512, 8, 2, 32, 2, 0
401,14.16,49,8,1024,1024,1024,0.11, 0, 0.28, 0.6,down,2, 4, 0, 0, 1024, 256, 2, 0, 4, 64, 512, 0, 4, 32, 2, 8
407,13.74,72,8,1024,1024,1024,0.11, 0, 0.56, 0.33,up,2, 4, 0, 0, 2, 256, 2, 0, 1024, 64, 512, 0, 8, 32, 2, 8
408,12.99,51,7,1024,1024,1024,0.16, 0.48, 0.18, 0.19,left,4, 4, 2, 8, 1024, 256, 512, 0, 8, 64, 2, 0, 0, 32, 0, 2
411,12.4,63,8,1024,1024,1024,0.09, 0.46, 0.2, 0.25,left,8, 2, 8, 0, 1024, 256, 512, 0, 8, 64, 2, 2, 32, 2, 0, 0
412,18.91,54,14,1024,1024,1024,0.06, 0.94, 0, 0,left,8, 2, 8, 0, 1024, 256, 512, 0, 8, 64, 4, 0, 32, 2, 2, 0
393,12.05,54,10,1024,1024,1024,0.04, 0, 0, 0.96,down,8, 2, 8, 2, 1024, 256, 512, 0, 8, 64, 4, 0, 32, 4, 0, 0
413,20.19,69,13,1024,1024,1024,0.85, 0.09, 0.01, 0.05,right,8, 2, 0, 0, 1024, 256, 8, 2, 8, 64, 512, 0, 32, 4, 4, 2
389,19.64,54,14,1024,1024,1024,0.04, 0.02, 0.83, 0.1,up,2, 0, 8, 2, 1024, 256, 8, 2, 0, 8, 64, 512, 0, 32, 8, 2
391,20.8,59,12,1024,1024,1024,0, 0.88, 0.05, 0.07,left,2, 256, 16, 4, 1024, 8, 64, 512, 0, 32, 8, 2, 0, 0, 0, 2
387,24.36,55,10,1024,1024,1024,0.01, 0.02, 0.95, 0.02,up,2, 256, 16, 4, 1024, 8, 64, 512, 32, 8, 2, 0, 2, 0, 0, 2
376,21.21,74,14,1024,1024,1024,0.09, 0.04, 0.82, 0.05,up,2, 256, 16, 4, 1024, 16, 64, 512, 32, 0, 2, 2, 2, 0, 0, 2
386,24.03,61,12,1024,1024,1024,0.96, 0, 0.02, 0.01,right,2, 256, 16, 4, 1024, 16, 64, 512, 32, 0, 2, 4, 2, 2, 0, 0
377,20.41,60,13,1024,1024,1024,0, 0.01, 0.06, 0.93,down,2, 256, 16, 4, 1024, 16, 64, 512, 2, 32, 2, 4, 0, 0, 0, 4
388,21.08,52,14,1024,1024,1024,0, 0.99, 0.01, 0,left,0, 0, 0, 2, 2, 256, 16, 4, 1024, 16, 64, 512, 2, 32, 2, 8
386,19.92,54,11,1024,1024,1024,0.03, 0, 0.94, 0.03,up,2, 0, 2, 0, 2, 256, 16, 4, 1024, 16, 64, 512, 2, 32, 2, 8
390,21.88,56,11,1024,1024,1024,0.01, 0.96, 0.02, 0.01,left,4, 256, 2, 4, 1024, 16, 16, 512, 2, 32, 64, 8, 2, 0, 2, 0
384,22.73,48,12,1024,1024,1024,0, 0.01, 0.01, 0.98,down,4, 256, 2, 4, 1024, 32, 512, 0, 2, 32, 64, 8, 4, 0, 0, 2
381,22.18,55,9,1024,1024,1024,0.05, 0.88, 0.07, 0,left,4, 0, 0, 2, 1024, 0, 2, 4, 2, 256, 512, 8, 4, 64, 64, 2
383,21.67,54,9,1024,1024,1024,0.13, 0, 0.8, 0.06,up,4, 2, 0, 0, 1024, 2, 4, 2, 2, 256, 512, 8, 4, 128, 2, 0
384,20.88,49,11,1024,1024,1024,0.02, 0.9, 0.05, 0.03,left,4, 4, 4, 2, 1024, 256, 512, 8, 2, 128, 2, 0, 4, 0, 2, 0
387,18.95,45,8,1024,1024,1024,0.09, 0.2, 0.1, 0.61,down,8, 4, 2, 0, 1024, 256, 512, 8, 2, 128, 2, 0, 4, 2, 0, 2
393,22.12,63,10,1024,1024,1024,0.98, 0.01, 0.01, 0,right,8, 4, 0, 0, 1024, 256, 2, 2, 2, 128, 512, 8, 4, 2, 2, 2
383,21.8,53,10,1024,1024,1024,0, 0, 0.89, 0.11,up,0, 0, 8, 4, 0, 1024, 256, 4, 2, 128, 512, 8, 2, 4, 2, 4
384,22.14,50,8,1024,1024,1024,0.88, 0.03, 0.03, 0.06,right,4, 1024, 8, 8, 0, 128, 256, 8, 0, 4, 512, 4, 0, 0, 2, 2
383,21.99,75,7,1024,1024,1024,0, 0.02, 0.26, 0.72,down,0, 4, 1024, 16, 0, 128, 256, 8, 2, 4, 512, 4, 0, 0, 0, 4
384,21.8,51,7,1024,1024,1024,0, 0.02, 0.31, 0.67,down,0, 0, 0, 2, 0, 4, 1024, 16, 0, 128, 256, 8, 2, 4, 512, 8
384,20.87,51,7,1024,1024,1024,0.37, 0.05, 0.38, 0.2,up,0, 0, 2, 0, 0, 4, 1024, 2, 0, 128, 256, 16, 2, 4, 512, 16
387,20.67,50,7,1024,1024,1024,0.22, 0.12, 0, 0.66,down,2, 4, 2, 2, 0, 128, 1024, 32, 0, 4, 256, 0, 0, 2, 512, 0
387,20.09,56,7,1024,1024,1024,0.36, 0.23, 0.28, 0.14,right,2, 4, 2, 0, 0, 128, 1024, 0, 0, 4, 256, 2, 2, 2, 512, 32
389,19.41,43,7,1024,1024,1024,0, 0.1, 0.65, 0.25,up,0, 2, 4, 2, 0, 0, 128, 1024, 0, 4, 256, 2, 2, 4, 512, 32
391,18.33,53,7,1024,1024,1024,0.1, 0.81, 0, 0.09,left,2, 2, 4, 2, 0, 8, 128, 1024, 0, 2, 256, 2, 0, 0, 512, 32
395,17.78,53,7,1024,1024,1024,0.07, 0.6, 0.12, 0.21,left,4, 4, 2, 0, 8, 128, 1024, 0, 2, 256, 2, 0, 512, 32, 0, 2
396,16.96,52,6,1024,1024,1024,0.16, 0.31, 0.35, 0.18,up,8, 2, 2, 0, 8, 128, 1024, 0, 2, 256, 2, 0, 512, 32, 2, 0
399,15.7,40,7,1024,1024,1024,0.19, 0.42, 0.07, 0.32,left,16, 2, 2, 0, 2, 128, 1024, 0, 512, 256, 4, 0, 0, 32, 0, 2
402,14.55,37,7,1024,1024,1024,0.62, 0, 0.19, 0.19,right,16, 4, 0, 0, 2, 128, 1024, 0, 512, 256, 4, 2, 32, 2, 0, 0
406,14.81,47,9,1024,1024,1024,0.12, 0.07, 0.47, 0.33,up,2, 0, 16, 4, 0, 2, 128, 1024, 512, 256, 4, 2, 0, 0, 32, 2
405,12.02,48,7,1024,1024,1024,0.38, 0.33, 0.19, 0.1,right,2, 2, 16, 4, 512, 256, 128, 1024, 0, 0, 4, 4, 0, 2, 32, 0
413,13.58,42,8,1024,1024,1024,0, 0.11, 0.7, 0.19,up,0, 4, 16, 4, 512, 256, 128, 1024, 0, 0, 2, 8, 0, 0, 2, 32
409,12.27,40,8,1024,1024,1024,0.55, 0.15, 0.22, 0.07,right,512, 4, 16, 4, 0, 256, 128, 1024, 2, 0, 4, 8, 0, 0, 0, 32
413,12.92,38,11,1024,1024,1024,0, 0.08, 0, 0.92,down,512, 4, 16, 4, 2, 256, 128, 1024, 0, 2, 4, 8, 0, 0, 0, 32
411,12.7,39,10,1024,1024,1024,0.43, 0.49, 0.08, 0,left,0, 0, 2, 4, 0, 4, 16, 1024, 512, 256, 128, 8, 2, 2, 4, 32
411,11.31,43,9,1024,1024,1024,0.29, 0.57, 0.06, 0.08,left,2, 4, 0, 2, 4, 16, 1024, 0, 512, 256, 128, 8, 4, 4, 32, 0
416,11.48,43,10,1024,1024,1024,0.01, 0.03, 0.02, 0.94,down,2, 4, 2, 0, 4, 16, 1024, 0, 512, 256, 128, 8, 8, 32, 0, 2
415,11.44,37,11,1024,1024,1024,0.94, 0.02, 0.02, 0.02,right,2, 4, 0, 2, 4, 16, 2, 0, 512, 256, 1024, 8, 8, 32, 128, 2
415,14.9,39,15,1024,1024,1024,0, 0, 0.01, 0.99,down,0, 2, 4, 2, 2, 4, 16, 2, 512, 256, 1024, 8, 8, 32, 128, 2
405,10.52,32,11,1024,1024,1024,0, 1, 0, 0,left,0, 2, 4, 2, 2, 4, 16, 4, 512, 256, 1024, 8, 8, 32, 128, 2
418,10.87,38,11,1024,1024,1024,0.1, 0, 0, 0.9,down,2, 4, 2, 2, 2, 4, 16, 4, 512, 256, 1024, 8, 8, 32, 128, 2
417,11.86,70,11,1026.45,2048,1024,0.06, 0.93, 0.01, 0,left,0, 2, 2, 2, 4, 8, 16, 4, 512, 256, 1024, 8, 8, 32, 128, 2
414,11.85,37,9,1024,1024,1024,0.01, 0.02, 0.03, 0.95,down,4, 2, 2, 0, 4, 8, 16, 4, 512, 256, 1024, 8, 8, 32, 128, 2
414,10.79,33,9,1024,1024,1024,0.75, 0.24, 0.02, 0,right,0, 2, 2, 2, 8, 8, 16, 4, 512, 256, 1024, 8, 8, 32, 128, 2
417,10.65,42,8,1024,1024,1024,0.56, 0.03, 0.05, 0.36,right,0, 0, 2, 4, 2, 16, 16, 4, 512, 256, 1024, 8, 8, 32, 128, 2
418,13.87,58,11,1024,1024,1024,0.11, 0.01, 0.07, 0.81,down,0, 2, 2, 4, 0, 2, 32, 4, 512, 256, 1024, 8, 8, 32, 128, 2
408,10.85,53,9,1024,1024,1024,0.1, 0.13, 0.31, 0.46,down,2, 0, 2, 0, 0, 4, 32, 8, 512, 256, 1024, 8, 8, 32, 128, 2
417,9.04,52,8,1024,1024,1024,0.06, 0.45, 0.49, 0,up,0, 0, 2, 0, 2, 4, 32, 2, 512, 256, 1024, 16, 8, 32, 128, 2
422,10.91,90,12,1026.42,2048,1024,0.91, 0.06, 0, 0.03,right,2, 4, 2, 2, 512, 256, 32, 16, 8, 32, 1024, 2, 0, 2, 128, 0
417,10.83,32,10,1024,1024,1024,0.31, 0.66, 0, 0.03,left,2, 2, 4, 4, 512, 256, 32, 16, 8, 32, 1024, 2, 0, 0, 2, 128
417,11.62,41,10,1024,1024,1024,0.01, 0.01, 0.02, 0.96,down,4, 8, 0, 2, 512, 256, 32, 16, 8, 32, 1024, 2, 2, 128, 0, 0
415,12.02,40,11,1024,1024,1024,0.18, 0.81, 0.01, 0,left,4, 8, 2, 0, 512, 256, 0, 2, 8, 32, 32, 16, 2, 128, 1024, 2
413,13.21,32,10,1024,1024,1024,0.03, 0.03, 0.92, 0.02,up,4, 8, 2, 0, 512, 256, 2, 2, 8, 64, 16, 0, 2, 128, 1024, 2
410,12.43,46,10,1021.51,1024,1024,0.87, 0.11, 0, 0.01,right,4, 8, 4, 4, 512, 256, 16, 0, 8, 64, 1024, 0, 2, 128, 2, 0
412,12.49,32,9,1024,1024,1024,0.32, 0.08, 0, 0.6,down,2, 4, 8, 8, 0, 512, 256, 16, 0, 8, 64, 1024, 0, 2, 128, 2
412,12.52,42,9,1024,1024,1024,0.74, 0.05, 0.18, 0.03,right,0, 4, 8, 8, 0, 512, 256, 16, 2, 8, 64, 1024, 2, 2, 128, 2
412,12.33,29,8,1024,1024,1024,0, 0.02, 0.26, 0.72,down,0, 2, 4, 16, 0, 512, 256, 16, 2, 8, 64, 1024, 0, 4, 128, 2
412,11.31,32,8,1024,1024,1024,0.1, 0.18, 0.03, 0.69,down,0, 2, 4, 0, 2, 512, 256, 32, 0, 8, 64, 1024, 2, 4, 128, 2
416,11.43,86,7,1026.46,2048,1024,0.81, 0.04, 0.15, 0,right,0, 2, 4, 0, 0, 512, 256, 32, 2, 8, 64, 1024, 4, 4, 128, 2
415,10.89,26,7,1024,1024,1024,0.47, 0.14, 0.1, 0.29,right,2, 0, 2, 4, 0, 512, 256, 32, 2, 8, 64, 1024, 0, 8, 128, 2
417,10.58,50,9,1024,1024,1024,0.14, 0.06, 0.22, 0.58,down,0, 2, 4, 4, 0, 512, 256, 32, 2, 8, 64, 1024, 0, 8, 128, 2
418,12.08,72,10,1024,1024,1024,0.11, 0.05, 0.04, 0.79,down,2, 0, 4, 4, 0, 2, 256, 32, 0, 512, 64, 1024, 2, 16, 128, 2
413,14.57,107,10,1038.84,2048,1024,0.04, 0.93, 0.03, 0,left,0, 0, 4, 4, 0, 2, 256, 32, 2, 512, 64, 1024, 4, 16, 128, 2
406,45.53,190,18,1491.97,2048,1024,0.01, 0, 0.72, 0.27,up,8, 0, 0, 0, 2, 256, 32, 2, 2, 512, 64, 1024, 4, 16, 128, 2
313,64.51,169,14,1734.93,2048,1024,0.02, 0.01, 0.94, 0.02,up,8, 256, 32, 2, 4, 512, 64, 1024, 4, 16, 128, 2, 0, 2, 0, 0
256,46.92,167,15,1482.21,2048,1024,0.03, 0.04, 0.85, 0.08,up,8, 256, 32, 2, 8, 512, 64, 1024, 0, 16, 128, 2, 0, 2, 0, 2
309,45.76,146,15,1516.18,2048,1024,0.1, 0.09, 0, 0.81,down,16, 256, 32, 2, 0, 512, 64, 1024, 0, 16, 128, 4, 0, 2, 0, 2
312,44.87,156,18,1596.52,2048,1024,0.04, 0.03, 0.93, 0,up,0, 256, 0, 2, 0, 512, 32, 1024, 2, 16, 64, 4, 16, 2, 128, 2
315,20.36,133,13,1079.09,2048,1024,0.68, 0.02, 0, 0.3,right,2, 256, 32, 2, 16, 512, 64, 1024, 2, 16, 128, 4, 0, 2, 0, 2
388,62.21,171,20,1879.53,2048,1024,0, 0, 0.01, 0.99,down,2, 256, 32, 2, 16, 512, 64, 1024, 2, 16, 128, 4, 0, 2, 0, 4
263,45.62,142,16,1512.73,2048,1024,0.96, 0.01, 0.01, 0.02,right,0, 256, 0, 2, 2, 512, 32, 2, 16, 16, 64, 1024, 2, 2, 128, 8
313,66.86,196,15,1865.38,2048,1024,0, 0, 0.98, 0.01,up,2, 0, 256, 2, 2, 512, 32, 2, 0, 32, 64, 1024, 0, 4, 128, 8
249,69.27,179,12,1912.83,2048,1024,0.97, 0.01, 0.01, 0.02,right,4, 512, 256, 4, 0, 32, 32, 1024, 2, 4, 64, 8, 0, 0, 128, 0
242,54.43,142,13,1685.6,2048,1024,0, 0.01, 0.87, 0.13,up,4, 512, 256, 4, 0, 0, 64, 1024, 2, 4, 64, 8, 0, 0, 2, 128
286,49.44,151,14,1494.97,2048,1024,0.26, 0.03, 0.07, 0.64,down,4, 512, 256, 4, 2, 4, 128, 1024, 2, 0, 2, 8, 0, 0, 0, 128
301,54.38,182,14,1702.15,2048,1024,0.89, 0.05, 0.02, 0.05,right,2, 0, 0, 4, 0, 0, 256, 1024, 4, 512, 128, 8, 4, 4, 2, 128
286,65.41,170,11,1948.1,2048,1024,0.01, 0.95, 0.02, 0.03,left,0, 0, 2, 4, 2, 0, 256, 1024, 4, 512, 128, 8, 0, 8, 2, 128
253,73.06,198,8,2019.78,2048,1024,0, 0, 0.99, 0,up,2, 4, 0, 0, 2, 256, 1024, 0, 4, 512, 128, 8, 8, 2, 128, 2
230,71.94,193,7,2008.1,2048,1024,0.05, 0.91, 0.02, 0.01,left,4, 4, 1024, 8, 4, 256, 256, 2, 8, 512, 0, 0, 0, 2, 2, 0
234,70.91,163,6,2039.29,2048,1024,0.26, 0, 0.45, 0.29,up,8, 1024, 8, 0, 4, 512, 2, 0, 8, 512, 2, 0, 4, 0, 0, 0
237,70.93,163,9,2048,2048,1024,0.63, 0, 0.28, 0.1,right,8, 1024, 8, 0, 4, 1024, 4, 0, 8, 0, 0, 0, 4, 2, 0, 0
237,67.61,173,9,2048,2048,2048,0, 0.1, 0.86, 0.04,up,0, 8, 1024, 8, 0, 4, 1024, 4, 0, 0, 0, 8, 0, 2, 4, 2
247,68.73,166,8,2048,2048,2048,0.88, 0.08, 0.02, 0.02,right,0, 8, 2048, 8, 2, 4, 4, 4, 0, 2, 0, 8, 0, 0, 0, 2
243,69.09,161,6,2048,2048,2048,0.14, 0.46, 0.06, 0.34,left,0, 8, 2048, 8, 0, 2, 4, 8, 0, 0, 2, 8, 2, 0, 0, 2
242,68.28,202,6,2048,2048,2048,0.04, 0, 0.52, 0.44,up,8, 2048, 8, 0, 2, 4, 8, 0, 2, 8, 2, 0, 4, 0, 0, 0
245,67.88,139,7,2048,2048,2048,0.09, 0.41, 0.24, 0.26,left,8, 2048, 16, 0, 4, 4, 2, 0, 4, 8, 0, 0, 0, 2, 0, 0
246,64.33,160,7,2048,2048,2048,0.03, 0.82, 0.11, 0.04,left,8, 2048, 16, 0, 8, 2, 0, 0, 4, 8, 0, 0, 2, 0, 2, 0
257,65.09,143,7,2048,2048,2048,0.05, 0.03, 0.23, 0.69,down,8, 2048, 16, 0, 8, 2, 0, 0, 4, 8, 0, 0, 4, 0, 2, 0
254,67.44,190,6,2048,2048,2048,0.23, 0.39, 0.25, 0.13,left,2, 0, 0, 0, 0, 2048, 0, 0, 16, 2, 16, 0, 8, 8, 2, 0
247,67.44,171,6,2048,2048,2048,0.14, 0.31, 0.25, 0.3,left,2, 0, 0, 0, 2048, 0, 0, 0, 16, 2, 16, 0, 16, 2, 0, 2
247,65.75,175,7,2048,2048,2048,0.03, 0, 0.35, 0.62,down,2, 0, 0, 0, 2048, 2, 0, 0, 16, 2, 16, 0, 16, 4, 0, 0
252,62.72,151,5,2048,2048,2048,0.17, 0.32, 0.18, 0.33,down,0, 0, 2, 0, 2, 0, 0, 0, 2048, 4, 0, 0, 32, 4, 16, 0
261,61.72,160,6,2048,2048,2048,0.21, 0.49, 0.29, 0,left,0, 0, 0, 0, 2, 0, 0, 0, 2048, 0, 2, 0, 32, 8, 16, 2
264,59.58,166,6,2048,2048,2048,0.18, 0.2, 0.4, 0.21,up,0, 0, 0, 0, 2, 0, 0, 0, 2048, 2, 0, 2, 32, 8, 16, 2
271,59.62,126,7,2048,2048,2048,0.3, 0.12, 0.28, 0.3,right,2, 2, 16, 4, 2048, 8, 0, 0, 32, 0, 0, 0, 0, 2, 0, 0
271,60.19,168,7,2048,2048,2048,0, 0.43, 0, 0.57,down,0, 4, 16, 4, 0, 0, 2048, 8, 0, 0, 2, 32, 0, 0, 0, 2
269,59.01,168,10,2048,2048,2048,0.72, 0.12, 0.04, 0.12,right,2, 0, 0, 4, 0, 0, 16, 8, 0, 0, 2048, 32, 0, 4, 2, 2
272,58.1,155,7,2048,2048,2048,0.13, 0.66, 0.14, 0.07,left,0, 0, 2, 4, 2, 0, 16, 8, 0, 0, 2048, 32, 0, 0, 4, 4
275,59.96,167,8,2048,2048,2048,0.05, 0, 0.81, 0.14,up,2, 4, 0, 0, 2, 16, 8, 2, 2048, 32, 0, 0, 8, 0, 0, 0
270,58.12,199,6,2048,2048,2048,0.14, 0.44, 0.3, 0.13,left,4, 4, 8, 2, 2048, 16, 0, 0, 8, 32, 0, 2, 0, 0, 0, 0
275,59.97,165,7,2048,2048,2048,0.78, 0.09, 0.07, 0.06,right,8, 8, 2, 0, 2048, 16, 2, 0, 8, 32, 2, 0, 0, 0, 0, 0
270,60.64,164,6,2048,2048,2048,0, 0.32, 0.32, 0.37,down,0, 2, 16, 2, 0, 2048, 16, 2, 0, 8, 32, 2, 0, 0, 0, 0
268,58.74,182,6,2048,2048,2048,0.5, 0.05, 0.13, 0.33,right,0, 0, 0, 0, 0, 2, 0, 0, 2, 2048, 32, 2, 0, 8, 32, 4
273,57.64,134,7,2048,2048,2048,0.17, 0.02, 0.54, 0.28,up,0, 0, 2, 0, 0, 0, 0, 2, 2, 2048, 32, 2, 0, 8, 32, 4
277,57.33,152,6,2048,2048,2048,0.16, 0.09, 0.34, 0.41,down,2, 2048, 2, 4, 0, 8, 64, 4, 2, 0, 0, 0, 0, 0, 0, 0
277,54.17,119,9,2048,2048,2048,0.58, 0, 0.42, 0,right,0, 0, 0, 0, 0, 0, 0, 0, 2, 2048, 2, 0, 4, 8, 64, 8
287,53.83,138,7,2048,2048,2048,0.21, 0.35, 0.17, 0.28,left,0, 0, 0, 0, 2, 0, 0, 0, 0, 2, 2048, 2, 4, 8, 64, 8
288,51.51,113,8,2048,2048,2048,0.06, 0.05, 0.14, 0.74,down,0, 0, 0, 2, 2, 0, 0, 0, 2, 2048, 2, 0, 4, 8, 64, 8
295,51.95,151,7,2048,2048,2048,0.05, 0.19, 0.07, 0.69,down,0, 2, 0, 0, 0, 0, 0, 0, 4, 2048, 2, 2, 4, 8, 64, 8
294,53.05,189,7,2048,2048,2048,0.47, 0.32, 0.06, 0.15,right,0, 0, 2, 0, 0, 2, 0, 0, 0, 2048, 2, 2, 8, 8, 64, 8
290,51.59,131,6,2048,2048,2048,0.32, 0.08, 0.31, 0.29,right,0, 0, 0, 2, 0, 0, 2, 2, 0, 0, 2048, 4, 0, 16, 64, 8
295,54.4,168,7,2048,2048,2048,0, 0.01, 0.42, 0.57,down,0, 0, 0, 2, 0, 0, 0, 4, 0, 0, 2048, 4, 2, 16, 64, 8
286,46.35,107,6,2048,2048,2048,0.24, 0.15, 0.28, 0.34,down,0, 2, 0, 0, 0, 0, 0, 2, 0, 0, 2048, 8, 2, 16, 64, 8
310,49.55,173,6,2048,2048,2048,0.27, 0.38, 0.35, 0,left,0, 0, 0, 0, 0, 0, 2, 0, 0, 2, 2048, 2, 2, 16, 64, 16
301,48.24,152,7,2048,2048,2048,0.14, 0.32, 0.34, 0.21,up,0, 0, 0, 0, 2, 0, 2, 0, 2, 2048, 2, 0, 2, 16, 64, 16
305,45.77,116,6,2048,2048,2048,0.22, 0, 0.35, 0.43,down,4, 2048, 4, 16, 2, 16, 64, 0, 0, 0, 0, 0, 2, 0, 0, 0
312,47.41,132,8,2048,2048,2048,0.13, 0.16, 0.13, 0.58,down,0, 2, 0, 0, 0, 0, 0, 0, 4, 2048, 4, 0, 4, 16, 64, 16
307,45.33,132,7,2048,2048,2048,0.18, 0.09, 0.73, 0,up,0, 0, 0, 0, 0, 2, 0, 0, 2, 2048, 4, 0, 8, 16, 64, 16
314,48.43,151,8,2048,2048,2048,0.51, 0.47, 0, 0.02,right,2, 2, 4, 16, 8, 2048, 64, 0, 0, 16, 0, 0, 0, 2, 0, 0
304,49.14,138,7,2048,2048,2048,0.27, 0.54, 0.13, 0.06,left,0, 4, 4, 16, 0, 8, 2048, 64, 2, 0, 0, 16, 0, 0, 0, 2
302,47.71,113,7,2048,2048,2048,0.35, 0.06, 0.42, 0.17,up,8, 16, 0, 0, 8, 2048, 64, 0, 2, 16, 0, 0, 2, 0, 2, 0
306,45.78,148,7,2048,2048,2048,0.36, 0.13, 0.29, 0.22,right,16, 16, 64, 0, 4, 2048, 2, 2, 0, 16, 0, 0, 0, 0, 0, 0
312,44.51,146,8,2048,2048,2048,0, 0.81, 0, 0.19,left,0, 2, 32, 64, 0, 4, 2048, 4, 0, 0, 0, 16, 0, 0, 0, 0
316,42.86,102,8,2048,2048,2048,0.6, 0, 0, 0.4,right,2, 32, 64, 0, 4, 2048, 4, 0, 16, 2, 0, 0, 0, 0, 0, 0
321,46.16,136,6,2048,2048,2048,0.43, 0.18, 0, 0.39,right,0, 2, 32, 64, 0, 4, 2048, 4, 0, 0, 16, 2, 0, 0, 2, 0
311,41.75,144,7,2048,2048,2048,0, 0.09, 0.74, 0.17,up,0, 2, 32, 64, 0, 4, 2048, 4, 0, 2, 16, 2, 0, 0, 0, 2
324,43.41,113,7,2048,2048,2048,0.03, 0.11, 0.53, 0.34,up,0, 2, 32, 64, 0, 4, 2048, 4, 0, 2, 16, 4, 0, 2, 0, 0
319,39.48,102,6,2048,2048,2048,0.38, 0.25, 0.13, 0.24,right,0, 2, 32, 64, 0, 4, 2048, 8, 0, 4, 16, 0, 0, 2, 0, 0
331,47.7,151,12,2048,2048,2048,0.04, 0.08, 0, 0.88,down,0, 2, 32, 64, 0, 4, 2048, 8, 0, 0, 4, 16, 0, 0, 2, 2
306,44.2,137,7,2048,2048,2048,0.11, 0.88, 0.01, 0.01,left,0, 0, 32, 64, 0, 0, 2048, 8, 2, 2, 4, 16, 0, 4, 2, 2
317,46.56,144,7,2048,2048,2048,0.5, 0.27, 0.14, 0.09,right,32, 64, 0, 0, 2048, 8, 0, 0, 4, 4, 16, 0, 4, 4, 2, 0
310,42.67,116,7,2048,2048,2048,0, 0.29, 0.59, 0.12,up,0, 2, 32, 64, 0, 0, 2048, 8, 0, 0, 8, 16, 0, 0, 8, 2
321,50.51,143,8,2048,2048,2048,0.4, 0.56, 0, 0.04,left,2, 2, 32, 64, 0, 0, 2048, 8, 0, 0, 16, 16, 0, 0, 0, 2
298,39.89,123,6,2048,2048,2048,0.54, 0, 0, 0.46,right,4, 32, 64, 0, 2048, 8, 0, 0, 32, 2, 0, 0, 2, 0, 0, 0
330,36.33,117,8,2048,2048,2048,0.38, 0.1, 0.26, 0.27,right,0, 4, 32, 64, 2, 0, 2048, 8, 0, 0, 32, 2, 0, 0, 0, 2
341,37.46,121,9,2048,2048,2048,0.05, 0.66, 0.14, 0.14,left,0, 4, 32, 64, 0, 2, 2048, 8, 0, 0, 32, 2, 2, 0, 0, 2
337,44.82,136,11,2048,2048,2048,0.05, 0, 0.02, 0.93,down,4, 32, 64, 0, 2, 2048, 8, 0, 32, 2, 0, 0, 4, 2, 0, 0
315,47.81,138,9,2048,2048,2048,0.91, 0.06, 0.01, 0.02,right,4, 0, 2, 0, 2, 32, 0, 0, 32, 2048, 64, 0, 4, 4, 8, 0
306,49.1,158,8,2048,2048,2048,0.02, 0.94, 0.02, 0.01,left,2, 0, 4, 2, 0, 0, 2, 32, 0, 32, 2048, 64, 0, 0, 8, 8
302,48.37,101,6,2048,2048,2048,0.01, 0.06, 0.51, 0.43,up,2, 4, 2, 0, 2, 32, 0, 0, 32, 2048, 64, 0, 16, 0, 2, 0
304,49.45,150,7,2048,2048,2048,0.36, 0.49, 0.04, 0.1,left,4, 4, 2, 0, 32, 32, 64, 2, 16, 2048, 2, 0, 0, 0, 0, 0
301,49.55,107,8,2048,2048,2048,0.69, 0.11, 0.09, 0.1,right,8, 2, 0, 0, 64, 64, 2, 0, 16, 2048, 2, 0, 2, 0, 0, 0
301,50.49,134,8,2048,2048,2048,0, 0.06, 0.71, 0.23,up,0, 0, 8, 2, 0, 0, 128, 2, 2, 16, 2048, 2, 0, 0, 0, 2
298,49.04,129,7,2048,2048,2048,0.08, 0.02, 0.81, 0.1,up,2, 16, 8, 4, 0, 0, 128, 4, 0, 0, 2048, 0, 0, 0, 2, 0
302,48.76,111,7,2048,2048,2048,0.46, 0.21, 0.27, 0.06,right,2, 16, 8, 8, 0, 0, 128, 0, 0, 2, 2048, 0, 0, 0, 2, 0
303,48.34,144,6,2048,2048,2048,0.39, 0.26, 0.26, 0.1,right,0, 2, 16, 16, 0, 0, 0, 128, 2, 0, 2, 2048, 0, 0, 0, 2
304,49.14,161,6,2048,2048,2048,0, 0.2, 0.5, 0.3,up,0, 0, 2, 32, 0, 0, 2, 128, 0, 0, 4, 2048, 0, 0, 0, 2
302,46.47,161,6,2048,2048,2048,0.2, 0.3, 0.25, 0.24,left,0, 0, 4, 32, 0, 0, 4, 128, 2, 0, 0, 2048, 0, 0, 0, 2
310,46.51,144,6,2048,2048,2048,0.07, 0.36, 0.34, 0.22,left,4, 32, 0, 0, 4, 128, 0, 2, 2, 2048, 0, 0, 2, 0, 0, 0
310,45.38,124,6,2048,2048,2048,0.17, 0.3, 0.35, 0.19,up,4, 32, 0, 0, 4, 128, 2, 0, 2, 2048, 0, 2, 2, 0, 0, 0
313,42.18,121,6,2048,2048,2048,0.17, 0.39, 0.35, 0.09,left,8, 32, 2, 2, 4, 128, 2, 0, 0, 2048, 0, 0, 0, 0, 0, 0
323,40.92,116,9,2048,2048,2048,0.8, 0, 0, 0.2,right,8, 32, 4, 0, 4, 128, 2, 0, 2048, 2, 0, 0, 0, 0, 0, 0
327,40.64,120,6,2048,2048,2048,0.15, 0.08, 0.39, 0.38,up,0, 8, 32, 4, 0, 4, 128, 2, 2, 0, 2048, 2, 0, 0, 0, 0
328,40.34,130,8,2048,2048,2048,0, 0.12, 0.66, 0.22,up,2, 8, 32, 4, 0, 4, 128, 4, 0, 0, 2048, 2, 0, 0, 0, 0
328,40.49,114,7,2048,2048,2048,0, 0.42, 0.39, 0.2,left,2, 8, 32, 8, 0, 4, 128, 2, 0, 0, 2048, 2, 0, 0, 0, 0
328,38.15,133,9,2048,2048,2048,0.13, 0.15, 0.54, 0.18,up,2, 8, 32, 8, 4, 128, 2, 0, 2048, 2, 0, 0, 0, 0, 0, 2
335,37.39,102,8,2048,2048,2048,0.89, 0.05, 0, 0.07,right,2, 8, 32, 8, 4, 128, 2, 2, 2048, 2, 0, 0, 2, 0, 0, 0
337,39.38,123,7,2048,2048,2048,0.03, 0.09, 0.39, 0.49,down,2, 8, 32, 8, 0, 4, 128, 4, 0, 0, 2048, 2, 0, 2, 0, 2
331,39.16,137,9,2048,2048,2048,0.53, 0.02, 0.37, 0.08,right,0, 0, 0, 0, 0, 8, 32, 8, 2, 4, 128, 4, 2, 2, 2048, 4
332,37.62,116,6,2048,2048,2048,0.18, 0.01, 0.38, 0.43,down,0, 2, 0, 0, 0, 8, 32, 8, 2, 4, 128, 4, 0, 4, 2048, 4
337,36.41,155,7,2048,2048,2048,0.22, 0.02, 0.59, 0.17,up,0, 2, 0, 0, 0, 2, 32, 0, 0, 8, 128, 8, 2, 8, 2048, 8
340,38.82,127,8,2048,2048,2048,0.69, 0.07, 0, 0.25,right,2, 4, 32, 16, 0, 16, 128, 0, 0, 2, 2048, 0, 0, 0, 0, 0
333,41.55,117,8,2048,2048,2048,0.08, 0.04, 0.38, 0.49,down,2, 4, 32, 16, 0, 0, 16, 128, 0, 0, 2, 2048, 0, 0, 2, 0
325,40.95,113,9,2048,2048,2048,0.07, 0.04, 0.11, 0.77,down,0, 0, 0, 0, 0, 2, 32, 16, 0, 0, 16, 128, 2, 4, 4, 2048
327,43.23,124,7,2048,2048,2048,0.12, 0.74, 0.01, 0.13,left,2, 0, 0, 0, 0, 0, 32, 16, 0, 2, 16, 128, 2, 4, 4, 2048
320,39.11,120,6,2048,2048,2048,0.05, 0.1, 0.33, 0.51,down,2, 0, 0, 2, 32, 16, 0, 0, 2, 16, 128, 0, 2, 8, 2048, 0
332,38.89,115,7,2048,2048,2048,0.27, 0.39, 0.06, 0.29,left,0, 0, 2, 0, 2, 0, 0, 0, 32, 32, 128, 0, 4, 8, 2048, 2
333,39.12,101,6,2048,2048,2048,0.65, 0, 0.16, 0.18,right,2, 0, 0, 0, 2, 0, 0, 0, 64, 128, 2, 0, 4, 8, 2048, 2
332,36.99,112,8,2048,2048,2048,0.17, 0.12, 0.24, 0.47,down,0, 0, 0, 2, 2, 0, 0, 2, 0, 64, 128, 2, 4, 8, 2048, 2
339,36.75,115,7,2048,2048,2048,0.27, 0.38, 0.06, 0.29,left,0, 0, 0, 0, 0, 0, 2, 0, 2, 64, 128, 4, 4, 8, 2048, 4
339,37,150,7,2048,2048,2048,0.07, 0.14, 0.29, 0.5,down,0, 0, 2, 0, 2, 0, 0, 0, 2, 64, 128, 4, 4, 8, 2048, 4
339,34.6,116,6,2048,2048,2048,0.13, 0.3, 0.24, 0.33,down,2, 0, 0, 0, 0, 0, 2, 0, 4, 64, 128, 0, 4, 8, 2048, 8
346,33.48,150,7,2048,2048,2048,0.48, 0.34, 0.18, 0,right,0, 0, 0, 0, 0, 0, 2, 0, 2, 64, 128, 2, 8, 8, 2048, 8
349,34.77,102,7,2048,2048,2048,0.12, 0.1, 0.19, 0.59,down,0, 0, 0, 0, 0, 2, 0, 2, 2, 64, 128, 2, 0, 16, 2048, 8
345,34.94,125,7,2048,2048,2048,0.51, 0.28, 0.1, 0.11,right,2, 0, 0, 0, 0, 2, 0, 0, 0, 64, 128, 4, 2, 16, 2048, 8
345,33.84,101,7,2048,2048,2048,0.13, 0.07, 0.28, 0.51,down,0, 2, 0, 2, 0, 0, 0, 2, 0, 64, 128, 4, 2, 16, 2048, 8
348,33.49,103,7,2048,2048,2048,0.12, 0.03, 0.39, 0.46,down,2, 0, 0, 0, 0, 2, 0, 4, 0, 64, 128, 4, 2, 16, 2048, 8
349,31.21,148,7,2048,2048,2048,0.18, 0.16, 0.35, 0.3,up,0, 0, 0, 0, 0, 2, 2, 0, 0, 64, 128, 8, 4, 16, 2048, 8
356,31.1,131,6,2048,2048,2048,0.3, 0.22, 0.29, 0.19,right,4, 2, 2, 16, 0, 64, 128, 0, 0, 16, 2048, 0, 2, 0, 0, 0
356,30.64,117,6,2048,2048,2048,0.4, 0.32, 0.23, 0.04,right,0, 4, 4, 16, 0, 0, 64, 128, 0, 0, 16, 2048, 0, 2, 0, 2
358,30,124,6,2048,2048,2048,0, 0.28, 0.26, 0.46,down,0, 0, 8, 16, 0, 2, 64, 128, 0, 0, 16, 2048, 0, 0, 0, 4
360,28.69,99,9,2048,2048,2048,0.14, 0.04, 0.72, 0.1,up,2, 0, 0, 16, 0, 0, 8, 128, 0, 0, 64, 2048, 0, 2, 16, 4
363,28.48,94,8,2048,2048,2048,0.13, 0.08, 0.19, 0.61,down,2, 2, 8, 16, 0, 0, 64, 128, 2, 0, 16, 2048, 0, 0, 0, 4
364,31.35,123,8,2048,2048,2048,0.05, 0.01, 0.89, 0.05,up,0, 2, 0, 16, 0, 0, 8, 128, 0, 0, 64, 2048, 4, 2, 16, 4
355,31,118,6,2048,2048,2048,0.44, 0.24, 0.29, 0.02,right,4, 4, 8, 16, 0, 0, 64, 128, 2, 0, 16, 2048, 0, 0, 0, 4
357,31.77,127,7,2048,2048,2048,0.49, 0.39, 0.09, 0.02,right,0, 8, 8, 16, 0, 0, 64, 128, 0, 2, 16, 2048, 2, 0, 0, 4
354,29.12,113,6,2048,2048,2048,0.19, 0.15, 0.34, 0.32,up,2, 0, 16, 16, 0, 0, 64, 128, 0, 2, 16, 2048, 0, 0, 2, 4
362,30.32,93,8,2048,2048,2048,0.18, 0.05, 0.54, 0.24,up,2, 2, 16, 16, 2, 0, 64, 128, 0, 0, 16, 2048, 0, 0, 2, 4
359,29.63,106,7,2048,2048,2048,0.15, 0.19, 0.44, 0.21,up,4, 2, 16, 16, 0, 0, 64, 128, 0, 2, 16, 2048, 0, 0, 2, 4
361,25.15,114,7,2048,2048,2048,0.83, 0.1, 0, 0.06,right,4, 4, 16, 16, 2, 0, 64, 128, 0, 0, 16, 2048, 0, 0, 2, 4
374,26.51,93,9,2048,2048,2048,0.25, 0.12, 0.07, 0.56,down,0, 0, 8, 32, 0, 2, 64, 128, 0, 0, 16, 2048, 2, 0, 2, 4
370,31.71,130,10,2048,2048,2048,0.48, 0.06, 0.42, 0.05,right,0, 2, 8, 32, 0, 0, 64, 128, 0, 0, 16, 2048, 2, 2, 2, 4
354,27.51,110,8,2048,2048,2048,0.13, 0.04, 0.31, 0.52,down,0, 2, 8, 32, 0, 0, 64, 128, 0, 0, 16, 2048, 2, 2, 4, 4
367,27.35,102,7,2048,2048,2048,0.1, 0.02, 0.2, 0.68,down,0, 0, 8, 32, 2, 0, 64, 128, 0, 0, 16, 2048, 2, 4, 4, 4
367,25.21,85,7,2048,2048,2048,0.6, 0.24, 0.02, 0.14,right,0, 0, 8, 32, 0, 2, 64, 128, 0, 0, 16, 2048, 4, 4, 4, 4
374,27.98,115,8,2048,2048,2048,0.39, 0.2, 0.09, 0.32,right,0, 0, 8, 32, 0, 2, 64, 128, 0, 2, 16, 2048, 0, 0, 8, 8
366,31.89,116,11,2048,2048,2048,0.09, 0.07, 0.18, 0.66,down,0, 0, 8, 32, 0, 2, 64, 128, 2, 2, 16, 2048, 0, 0, 0, 16
354,25.04,88,7,2048,2048,2048,0.5, 0.06, 0.07, 0.38,right,0, 0, 0, 32, 0, 2, 8, 128, 0, 0, 64, 2048, 2, 4, 16, 16
374,24.93,98,8,2048,2048,2048,0.38, 0.18, 0.08, 0.36,right,0, 0, 0, 32, 0, 2, 8, 128, 2, 0, 64, 2048, 0, 2, 4, 32
375,24.47,97,7,2048,2048,2048,0.2, 0.22, 0.38, 0.21,up,2, 0, 0, 32, 0, 2, 8, 128, 0, 2, 64, 2048, 0, 2, 4, 32
376,28.02,114,12,2048,2048,2048,0.6, 0.04, 0.29, 0.07,right,2, 4, 8, 32, 0, 2, 64, 128, 0, 0, 4, 2048, 2, 0, 0, 32
365,27.5,99,13,2048,2048,2048,0, 0.02, 0.16, 0.82,down,2, 4, 8, 32, 0, 2, 64, 128, 0, 2, 4, 2048, 0, 0, 2, 32
367,40.24,145,12,2048,2048,2048,0.93, 0.02, 0.02, 0.03,right,0, 2, 8, 32, 0, 0, 64, 128, 0, 4, 4, 2048, 2, 4, 2, 32
329,25.85,121,11,2048,2048,2048,0.2, 0.63, 0.02, 0.15,left,0, 2, 8, 32, 0, 0, 64, 128, 2, 0, 8, 2048, 2, 4, 2, 32
372,21.42,100,12,2048,2048,2048,0.04, 0, 0.15, 0.81,down,2, 8, 32, 0, 64, 128, 0, 0, 2, 8, 2048, 2, 2, 4, 2, 32
385,18.1,85,11,2048,2048,2048,0.72, 0.05, 0.06, 0.17,right,0, 8, 0, 0, 2, 128, 32, 2, 64, 8, 2048, 2, 4, 4, 2, 32
395,33.7,127,14,2048,2048,2048,0, 0.01, 0.94, 0.05,up,0, 0, 2, 8, 2, 128, 32, 2, 64, 8, 2048, 2, 0, 8, 2, 32
348,27.72,103,14,2048,2048,2048,0.03, 0.92, 0.02, 0.03,left,2, 128, 2, 8, 64, 16, 32, 4, 0, 0, 2048, 32, 2, 0, 2, 0
366,42.58,104,12,2048,2048,2048,0.01, 0, 0, 0.99,down,2, 128, 2, 8, 64, 16, 32, 4, 2048, 32, 0, 0, 4, 2, 0, 0
322,33.15,124,12,2048,2048,2048,0.01, 0, 0.97, 0.01,up,2, 128, 0, 0, 64, 16, 2, 0, 2048, 32, 2, 8, 4, 2, 32, 4
350,37.21,116,12,2048,2048,2048,0.02, 0.01, 0, 0.97,down,2, 128, 4, 8, 64, 16, 32, 4, 2048, 32, 0, 2, 4, 2, 0, 0
338,42.28,100,9,2048,2048,2048,0.97, 0.03, 0.01, 0,right,2, 128, 0, 2, 64, 16, 0, 8, 2048, 32, 4, 4, 4, 2, 32, 2
323,43.98,102,8,2048,2048,2048,0, 0, 0.98, 0.01,up,0, 2, 128, 2, 0, 64, 16, 8, 2, 2048, 32, 8, 4, 2, 32, 2
318,42.27,100,8,2048,2048,2048,0.95, 0.05, 0, 0.01,right,2, 2, 128, 2, 4, 64, 16, 16, 2, 2048, 64, 2, 0, 2, 0, 0
323,42.21,96,7,2048,2048,2048,0.13, 0.01, 0.36, 0.5,down,0, 4, 128, 2, 0, 4, 64, 32, 2, 2048, 64, 2, 0, 2, 0, 2
323,42.03,103,7,2048,2048,2048,0.57, 0.12, 0.16, 0.15,right,2, 0, 0, 0, 0, 8, 0, 2, 0, 2048, 128, 32, 2, 2, 128, 4
323,40.8,131,6,2048,2048,2048,0.21, 0.37, 0.35, 0.08,left,0, 0, 0, 2, 2, 0, 8, 2, 0, 2048, 128, 32, 0, 4, 128, 4
327,40.28,125,7,2048,2048,2048,0.07, 0.06, 0.6, 0.26,up,2, 0, 2, 0, 2, 8, 2, 0, 2048, 128, 32, 0, 4, 128, 4, 0
329,38.88,95,7,2048,2048,2048,0.17, 0.12, 0.24, 0.47,down,4, 8, 4, 0, 2048, 256, 32, 0, 4, 0, 4, 2, 0, 0, 0, 0
333,39.01,121,8,2048,2048,2048,0.06, 0.72, 0.16, 0.06,left,0, 2, 0, 0, 4, 0, 4, 0, 2048, 8, 32, 0, 4, 256, 4, 2
332,37.65,94,7,2048,2048,2048,0.3, 0, 0.31, 0.39,down,2, 0, 0, 0, 8, 0, 0, 0, 2048, 8, 32, 2, 4, 256, 4, 2
337,36.28,132,8,2048,2048,2048,0.14, 0.19, 0.67, 0,up,2, 0, 0, 0, 8, 0, 0, 0, 2048, 8, 32, 2, 4, 256, 4, 4
341,37.34,98,8,2048,2048,2048,0.36, 0.02, 0.42, 0.19,up,2, 8, 32, 2, 8, 256, 4, 4, 2048, 0, 0, 0, 4, 2, 0, 0
337,37.05,105,8,2048,2048,2048,0.05, 0.16, 0.02, 0.77,down,2, 8, 32, 2, 8, 256, 4, 4, 2048, 2, 0, 0, 4, 2, 0, 0
338,36.86,110,8,2048,2048,2048,0.47, 0.51, 0.02, 0,left,2, 2, 0, 0, 8, 8, 0, 0, 2048, 256, 32, 2, 4, 4, 4, 4
339,36.64,108,7,2048,2048,2048,0.18, 0.44, 0.1, 0.28,left,4, 2, 0, 0, 16, 0, 0, 0, 2048, 256, 32, 2, 8, 8, 0, 0
340,37.34,97,9,2048,2048,2048,0.1, 0.12, 0.69, 0.08,up,4, 2, 0, 2, 16, 0, 0, 0, 2048, 256, 32, 2, 16, 0, 0, 0
337,33.61,89,8,2048,2048,2048,0.29, 0, 0, 0.71,down,4, 2, 32, 4, 16, 256, 2, 0, 2048, 0, 0, 0, 16, 0, 0, 0
349,34.68,88,10,2048,2048,2048,0.11, 0.03, 0.83, 0.03,up,4, 0, 0, 0, 16, 0, 0, 2, 2048, 2, 32, 0, 16, 256, 2, 4
345,38.47,107,10,2048,2048,2048,0.03, 0.03, 0.02, 0.92,down,4, 2, 32, 2, 16, 256, 2, 4, 2048, 0, 0, 0, 16, 0, 0, 2
334,35.92,99,9,2048,2048,2048,0.94, 0.01, 0.03, 0.02,right,4, 0, 0, 0, 16, 2, 0, 2, 2048, 2, 32, 4, 16, 256, 2, 2
342,38.55,99,8,2048,2048,2048,0, 0.01, 0.95, 0.05,up,0, 0, 2, 4, 0, 0, 16, 4, 2048, 2, 32, 4, 0, 16, 256, 4
334,38.55,102,7,2048,2048,2048,0.15, 0.23, 0.59, 0.03,up,2048, 2, 2, 8, 0, 16, 16, 8, 0, 0, 32, 0, 0, 2, 256, 0
334,39.17,97,7,2048,2048,2048,0.21, 0.21, 0.55, 0.03,up,2048, 2, 2, 16, 0, 16, 16, 0, 0, 2, 32, 0, 0, 0, 256, 2
332,36.27,110,7,2048,2048,2048,0.12, 0.12, 0.72, 0.04,up,2048, 2, 2, 16, 0, 16, 16, 2, 0, 2, 32, 0, 0, 0, 256, 2
341,35.18,102,6,2048,2048,2048,0.36, 0.48, 0.1, 0.06,left,2048, 2, 2, 16, 0, 16, 16, 4, 0, 2, 32, 0, 0, 2, 256, 0
344,36.65,153,7,2048,2048,2048,0.11, 0, 0.47, 0.42,up,2048, 4, 16, 0, 32, 4, 2, 0, 2, 32, 0, 0, 2, 256, 0, 0
340,33.47,95,6,2048,2048,2048,0.07, 0.46, 0.28, 0.2,left,2048, 8, 16, 0, 32, 32, 2, 0, 4, 256, 0, 0, 0, 0, 2, 0
349,32.62,91,8,2048,2048,2048,0.13, 0.61, 0, 0.25,left,2048, 8, 16, 0, 64, 2, 0, 0, 4, 256, 0, 0, 2, 2, 0, 0
352,32.53,88,6,2048,2048,2048,0.39, 0, 0.38, 0.22,right,2048, 8, 16, 2, 64, 2, 0, 0, 4, 256, 0, 0, 4, 0, 0, 0
352,30.26,100,7,2048,2048,2048,0.23, 0.13, 0.47, 0.17,up,2048, 8, 16, 2, 0, 0, 64, 2, 0, 0, 4, 256, 0, 2, 0, 4
359,31.04,90,7,2048,2048,2048,0.5, 0.34, 0, 0.16,right,2048, 8, 16, 4, 0, 2, 64, 256, 0, 0, 4, 4, 0, 0, 2, 0
356,31.82,97,8,2048,2048,2048,0.1, 0.75, 0.1, 0.05,left,2048, 8, 16, 4, 0, 2, 64, 256, 0, 0, 0, 8, 2, 0, 0, 2
354,30.25,79,9,2048,2048,2048,0.05, 0.03, 0.03, 0.89,down,2048, 8, 16, 4, 2, 64, 256, 0, 8, 0, 0, 0, 4, 0, 2, 0
359,30.39,92,9,2048,2048,2048,0.74, 0.21, 0.05, 0,right,2048, 0, 0, 0, 2, 2, 16, 0, 8, 8, 256, 0, 4, 64, 2, 4
358,31.46,85,9,2048,2048,2048,0, 0.05, 0.95, 0,up,0, 0, 2, 2048, 0, 0, 4, 16, 0, 0, 16, 256, 4, 64, 2, 4
355,29.43,83,8,2048,2048,2048,0, 0.01, 0, 0.99,down,4, 64, 2, 2048, 0, 2, 4, 16, 0, 0, 16, 256, 0, 0, 2, 4
361,28.27,78,9,2048,2048,2048,0.89, 0.06, 0.05, 0,right,0, 0, 2, 2048, 0, 0, 4, 16, 2, 64, 16, 256, 4, 2, 2, 4
365,27.7,111,8,2048,2048,2048,0.12, 0.07, 0.08, 0.74,down,2, 0, 2, 2048, 0, 0, 4, 16, 2, 64, 16, 256, 0, 4, 4, 4
366,28.75,88,7,2048,2048,2048,0.37, 0.59, 0.02, 0.02,left,0, 2, 2, 2048, 0, 0, 4, 16, 0, 64, 16, 256, 4, 4, 4, 4
363,27.42,78,6,2048,2048,2048,0.06, 0.25, 0.28, 0.41,down,4, 2048, 2, 0, 4, 16, 0, 0, 64, 16, 256, 0, 8, 8, 0, 0
367,25.83,77,6,2048,2048,2048,0.11, 0.35, 0.32, 0.23,left,0, 0, 0, 2, 8, 2048, 0, 0, 64, 32, 2, 0, 8, 8, 256, 0
372,26.06,82,7,2048,2048,2048,0.42, 0, 0.34, 0.23,right,2, 0, 0, 0, 8, 2048, 2, 0, 64, 32, 2, 0, 16, 256, 0, 0
371,26.78,75,6,2048,2048,2048,0, 0.38, 0.19, 0.44,down,0, 0, 0, 2, 2, 8, 2048, 2, 0, 64, 32, 2, 0, 0, 16, 256
369,25.09,76,8,2048,2048,2048,0.18, 0.37, 0.15, 0.29,left,0, 0, 0, 0, 2, 0, 2048, 2, 0, 8, 32, 4, 2, 64, 16, 256
374,25.59,88,7,2048,2048,2048,0.49, 0, 0.05, 0.47,right,2, 0, 0, 0, 2, 2048, 2, 0, 8, 32, 4, 0, 2, 64, 16, 256
373,30.02,79,12,2048,2048,2048,0.03, 0.04, 0.08, 0.85,down,0, 2, 0, 2, 0, 2, 2048, 2, 0, 8, 32, 4, 2, 64, 16, 256
359,32.59,83,11,2048,2048,2048,0.09, 0.04, 0.8, 0.07,up,2, 0, 0, 0, 0, 4, 2048, 4, 0, 8, 32, 4, 2, 64, 16, 256
352,30.95,75,12,2048,2048,2048,0.78, 0.08, 0.11, 0.03,right,4, 4, 2048, 8, 0, 8, 32, 256, 0, 64, 16, 0, 0, 0, 0, 2
357,20.64,79,7,2048,2048,2048,0, 0.33, 0.54, 0.14,up,0, 8, 2048, 8, 0, 8, 32, 256, 0, 2, 64, 16, 0, 0, 0, 2
388,20.54,72,7,2048,2048,2048,0.42, 0.28, 0, 0.29,right,0, 16, 2048, 8, 0, 2, 32, 256, 0, 0, 64, 16, 0, 0, 2, 2
388,20.07,70,10,2048,2048,2048,0, 0.15, 0, 0.85,down,0, 16, 2048, 8, 0, 2, 32, 256, 0, 0, 64, 16, 0, 0, 2, 4
389,23.58,85,10,2048,2048,2048,0.66, 0.19, 0.05, 0.1,right,0, 0, 2048, 8, 2, 0, 32, 256, 0, 16, 64, 16, 0, 2, 2, 4
379,30.16,83,10,2048,2048,2048,0.09, 0.86, 0.06, 0,left,0, 0, 2048, 8, 0, 2, 32, 256, 0, 16, 64, 16, 0, 2, 4, 4
359,32.23,71,10,2048,2048,2048,0.02, 0, 0.97, 0.02,up,2048, 8, 0, 0, 2, 32, 256, 2, 16, 64, 16, 0, 2, 8, 0, 0
353,30.83,103,11,2048,2048,2048,0.97, 0, 0.02, 0.01,right,2048, 8, 256, 2, 2, 32, 16, 0, 16, 64, 0, 0, 2, 8, 2, 0
357,28.89,129,13,2048,2048,2048,0.01, 0.01, 0.96, 0.01,up,2048, 8, 256, 2, 0, 2, 32, 16, 2, 0, 16, 64, 0, 2, 8, 2
363,30.95,73,10,2048,2048,2048,0, 0, 0.01, 0.98,down,2048, 8, 256, 2, 2, 4, 32, 16, 2, 0, 16, 64, 0, 0, 8, 2
357,28.94,75,9,2048,2048,2048,0.06, 0.93, 0.01, 0,left,0, 0, 256, 2, 0, 2, 32, 16, 2048, 8, 16, 64, 4, 4, 8, 2
363,30.88,68,10,2048,2048,2048,0.68, 0.04, 0.04, 0.24,right,256, 2, 0, 0, 2, 32, 16, 2, 2048, 8, 16, 64, 8, 8, 2, 0
357,28.2,75,9,2048,2048,2048,0.87, 0.02, 0.07, 0.04,right,2, 0, 256, 2, 2, 32, 16, 2, 2048, 8, 16, 64, 0, 0, 16, 2
365,29.18,75,11,2048,2048,2048,0, 0.02, 0.97, 0.01,up,0, 2, 256, 2, 2, 32, 16, 2, 2048, 8, 16, 64, 0, 2, 16, 2
362,31.4,71,10,2048,2048,2048,0.88, 0.11, 0, 0.01,right,2, 2, 256, 4, 2048, 32, 32, 64, 0, 8, 16, 2, 0, 2, 2, 0
355,29.23,65,8,2048,2048,2048,0.52, 0.35, 0, 0.13,right,2, 4, 256, 4, 0, 2048, 64, 64, 0, 8, 16, 2, 0, 0, 0, 4
362,29.11,85,9,2048,2048,2048,0, 0.64, 0.18, 0.18,left,2, 4, 256, 4, 0, 0, 2048, 128, 0, 8, 16, 2, 0, 0, 2, 4
362,27.48,65,9,2048,2048,2048,0.92, 0, 0.04, 0.04,right,2, 4, 256, 4, 2048, 128, 2, 0, 8, 16, 2, 0, 2, 4, 0, 0
367,25.57,72,10,2048,2048,2048,0, 0.03, 0.89, 0.08,up,2, 4, 256, 4, 0, 2048, 128, 2, 2, 8, 16, 2, 0, 0, 2, 4
373,26.69,65,9,2048,2048,2048,0.85, 0.05, 0.05, 0.04,right,4, 4, 256, 4, 0, 2048, 128, 4, 2, 8, 16, 4, 0, 0, 2, 0
369,26.68,114,9,2048,2048,2048,0, 0.03, 0.94, 0.03,up,2, 8, 256, 4, 0, 2048, 128, 4, 2, 8, 16, 4, 0, 0, 0, 2
369,23.75,65,10,2048,2048,2048,0.92, 0.04, 0.02, 0.01,right,4, 8, 256, 8, 0, 2048, 128, 4, 0, 8, 16, 2, 2, 0, 0, 0
378,26.08,66,9,2048,2048,2048,0, 0.01, 0.05, 0.94,down,4, 8, 256, 8, 2, 2048, 128, 4, 0, 8, 16, 2, 0, 0, 0, 2
371,27.11,103,11,2048,2048,2048,0.01, 0.01, 0.89, 0.09,up,0, 2, 0, 0, 0, 8, 256, 8, 4, 2048, 128, 4, 2, 8, 16, 4
368,26.25,85,7,2048,2048,2048,0.05, 0.01, 0.17, 0.77,down,4, 2, 256, 8, 2, 8, 128, 8, 0, 2048, 16, 0, 2, 8, 0, 0
371,26.47,83,7,2048,2048,2048,0.2, 0.27, 0.03, 0.51,down,0, 2, 2, 0, 0, 8, 256, 0, 4, 2048, 128, 0, 4, 8, 16, 16
370,24.03,60,6,2048,2048,2048,0.36, 0.62, 0.02, 0,left,0, 2, 2, 0, 0, 8, 256, 0, 0, 2048, 128, 2, 8, 8, 16, 16
377,22.88,66,6,2048,2048,2048,0.28, 0.2, 0.26, 0.27,right,4, 0, 0, 0, 8, 256, 0, 2, 2048, 128, 2, 0, 16, 32, 0, 0
381,23.49,105,7,2048,2048,2048,0, 0.09, 0.54, 0.37,up,0, 0, 0, 4, 0, 8, 256, 2, 2, 2048, 128, 2, 0, 0, 16, 32
379,22.6,84,7,2048,2048,2048,0.28, 0.12, 0.2, 0.39,down,2, 8, 256, 4, 0, 2048, 128, 4, 0, 0, 16, 32, 2, 0, 0, 0
382,24.59,140,10,2048,2048,2048,0.7, 0.2, 0.1, 0,right,0, 0, 0, 0, 0, 0, 256, 0, 2, 8, 128, 8, 4, 2048, 16, 32
376,21.2,78,7,2048,2048,2048,0.15, 0.34, 0.16, 0.34,down,0, 0, 2, 0, 0, 0, 0, 256, 2, 8, 128, 8, 4, 2048, 16, 32
386,20.76,111,7,2048,2048,2048,0.23, 0.43, 0.16, 0.19,left,0, 2, 0, 0, 0, 0, 2, 256, 2, 8, 128, 8, 4, 2048, 16, 32
387,23.55,57,10,2048,2048,2048,0.07, 0.05, 0.02, 0.86,down,2, 0, 0, 0, 2, 256, 0, 2, 2, 8, 128, 8, 4, 2048, 16, 32
379,25.98,57,10,2048,2048,2048,0.03, 0.01, 0.92, 0.03,up,0, 0, 0, 2, 2, 256, 0, 2, 4, 8, 128, 8, 4, 2048, 16, 32
372,26.5,108,9,2048,2048,2048,0.77, 0.17, 0, 0.05,right,2, 256, 128, 4, 8, 8, 16, 8, 0, 2048, 0, 32, 0, 0, 0, 2
370,26.36,102,7,2048,2048,2048,0.43, 0.21, 0, 0.35,right,2, 256, 128, 4, 0, 16, 16, 8, 0, 2, 2048, 32, 0, 0, 0, 2
370,25.96,69,6,2048,2048,2048,0.06, 0.05, 0.58, 0.31,up,2, 256, 128, 4, 0, 0, 32, 8, 0, 2, 2048, 32, 2, 0, 0, 2
372,23.73,81,9,2048,2048,2048,0.14, 0.64, 0, 0.23,left,4, 256, 128, 4, 0, 2, 32, 8, 0, 0, 2048, 32, 0, 0, 2, 2
378,24.62,111,9,2048,2048,2048,0.02, 0, 0.92, 0.06,up,4, 256, 128, 4, 2, 32, 8, 0, 2048, 32, 2, 0, 4, 0, 0, 0
376,24.98,71,8,2048,2048,2048,0.83, 0.06, 0.05, 0.06,right,4, 256, 128, 4, 2, 64, 8, 0, 2048, 0, 2, 0, 4, 2, 0, 0
375,22.84,113,8,2048,2048,2048,0.05, 0.07, 0.11, 0.77,down,4, 256, 128, 4, 0, 2, 64, 8, 2, 0, 2048, 2, 0, 0, 4, 2
381,23.08,119,7,2048,2048,2048,0.49, 0.48, 0.03, 0,right,0, 0, 128, 0, 2, 0, 64, 4, 4, 256, 2048, 8, 2, 2, 4, 4
380,22.6,58,8,2048,2048,2048,0.23, 0.08, 0.44, 0.26,up,0, 0, 0, 128, 0, 2, 64, 4, 4, 256, 2048, 8, 2, 0, 4, 8
382,21.03,86,7,2048,2048,2048,0.18, 0.09, 0.37, 0.35,up,4, 2, 64, 128, 2, 256, 2048, 4, 0, 0, 4, 16, 2, 0, 0, 0
386,22.45,68,9,2048,2048,2048,0.88, 0.05, 0.04, 0.03,right,4, 2, 64, 128, 4, 256, 2048, 4, 0, 0, 4, 16, 0, 2, 0, 0
382,23.52,78,8,2048,2048,2048,0.02, 0.9, 0.04, 0.03,left,4, 2, 64, 128, 4, 256, 2048, 4, 0, 0, 4, 16, 0, 2, 0, 2
379,21.79,74,8,2048,2048,2048,0.01, 0, 0.17, 0.82,down,4, 2, 64, 128, 4, 256, 2048, 4, 4, 16, 2, 0, 4, 0, 0, 0
384,22.42,98,9,2048,2048,2048,0.57, 0.15, 0.12, 0.16,right,0, 0, 0, 0, 2, 2, 64, 0, 8, 256, 2048, 128, 8, 16, 2, 4
382,21.63,55,7,2048,2048,2048,0.07, 0.09, 0.54, 0.31,up,2, 0, 0, 0, 0, 0, 4, 64, 8, 256, 2048, 128, 8, 16, 2, 4
385,21.11,56,7,2048,2048,2048,0.36, 0.23, 0, 0.41,down,2, 256, 4, 64, 16, 16, 2048, 128, 0, 0, 2, 4, 0, 0, 0, 2
386,20.34,76,7,2048,2048,2048,0.82, 0.11, 0.07, 0,right,0, 0, 2, 64, 0, 0, 4, 128, 2, 256, 2048, 4, 16, 16, 2, 2
388,20.12,74,9,2048,2048,2048,0, 0.07, 0.7, 0.23,up,0, 0, 2, 64, 0, 2, 4, 128, 2, 256, 2048, 4, 0, 0, 32, 4
389,19.29,107,7,2048,2048,2048,0.2, 0.06, 0.42, 0.32,up,2, 2, 2, 64, 2, 256, 4, 128, 0, 0, 2048, 8, 0, 0, 32, 0
392,19.1,76,8,2048,2048,2048,0.85, 0.11, 0, 0.04,right,4, 2, 2, 64, 0, 256, 4, 128, 0, 2, 2048, 8, 0, 0, 32, 0
392,19.41,95,9,2048,2048,2048,0.11, 0.06, 0.54, 0.29,up,0, 4, 4, 64, 0, 256, 4, 128, 0, 2, 2048, 8, 0, 2, 0, 32
391,19.22,103,8,2048,2048,2048,0.1, 0.07, 0.41, 0.42,down,0, 4, 8, 64, 0, 256, 2048, 128, 2, 4, 0, 8, 0, 0, 0, 32
392,18.97,75,8,2048,2048,2048,0.26, 0.04, 0.5, 0.2,up,0, 0, 0, 64, 2, 4, 0, 128, 0, 256, 8, 8, 2, 4, 2048, 32
393,18.86,122,8,2048,2048,2048,0.87, 0.08, 0, 0.04,right,4, 4, 8, 64, 0, 256, 2048, 128, 0, 4, 0, 8, 0, 2, 0, 32
393,19.37,128,6,2048,2048,2048,0.45, 0.46, 0.04, 0.05,left,0, 8, 8, 64, 0, 256, 2048, 128, 0, 0, 4, 8, 0, 2, 2, 32
391,19.83,90,8,2048,2048,2048,0.21, 0.31, 0.37, 0.11,up,16, 64, 0, 2, 256, 2048, 128, 0, 4, 8, 0, 0, 4, 32, 0, 0
390,17.56,78,7,2048,2048,2048,0.31, 0.53, 0, 0.16,left,16, 64, 128, 2, 256, 2048, 2, 0, 8, 8, 0, 0, 0, 32, 0, 0
397,16.74,109,7,2048,2048,2048,0.2, 0.3, 0.35, 0.14,up,16, 64, 128, 2, 256, 2048, 2, 0, 16, 0, 0, 2, 32, 0, 0, 0
399,15.42,116,8,2048,2048,2048,0.51, 0, 0, 0.49,right,16, 64, 128, 4, 256, 2048, 2, 0, 16, 2, 0, 0, 32, 0, 0, 0
403,25.37,117,15,2048,2048,2048,0.1, 0.06, 0.74, 0.1,up,16, 64, 128, 4, 0, 256, 2048, 2, 0, 0, 16, 2, 0, 2, 0, 32
373,21.29,97,10,2048,2048,2048,0.1, 0.04, 0.04, 0.82,down,16, 64, 128, 4, 0, 256, 2048, 4, 2, 2, 16, 32, 0, 0, 0, 0
386,23.32,83,11,2048,2048,2048,0.03, 0.95, 0.01, 0,left,0, 0, 2, 0, 0, 64, 128, 0, 16, 256, 2048, 8, 2, 2, 16, 32
380,40.43,117,14,2048,2048,2048,0, 0, 0.01, 0.99,down,2, 0, 0, 0, 64, 128, 2, 0, 16, 256, 2048, 8, 4, 16, 32, 0
328,45.8,115,11,2048,2048,2048,0.06, 0.01, 0.92, 0.01,up,2, 0, 2, 0, 64, 128, 2, 0, 16, 256, 2048, 0, 4, 16, 32, 8
312,45.41,124,12,2048,2048,2048,0.03, 0.97, 0, 0.01,left,2, 128, 4, 8, 64, 256, 2048, 2, 16, 16, 32, 0, 4, 0, 0, 0
313,40.75,112,8,2048,2048,2048,0.02, 0.96, 0.01, 0.01,left,2, 128, 4, 8, 64, 256, 2048, 2, 32, 32, 0, 0, 4, 0, 2, 0
327,45.29,118,11,2048,2048,2048,0.01, 0.86, 0.1, 0.03,left,2, 128, 4, 8, 64, 256, 2048, 2, 64, 0, 0, 0, 4, 2, 2, 0
314,44.91,107,12,2048,2048,2048,0.02, 0.02, 0.88, 0.08,up,2, 128, 4, 8, 64, 256, 2048, 2, 64, 0, 0, 2, 4, 4, 0, 0
315,45.66,128,11,2048,2048,2048,0.09, 0.78, 0.06, 0.06,left,2, 128, 4, 8, 128, 256, 2048, 4, 4, 4, 0, 0, 0, 0, 2, 0
313,47.73,109,10,2048,2048,2048,0.02, 0.03, 0.02, 0.92,down,2, 128, 4, 8, 128, 256, 2048, 4, 8, 0, 0, 0, 2, 2, 0, 0
306,44.91,127,8,2048,2048,2048,0.06, 0.88, 0.06, 0,left,2, 2, 0, 0, 128, 128, 0, 0, 8, 256, 4, 8, 2, 2, 2048, 4
315,47.24,126,8,2048,2048,2048,0.03, 0, 0.49, 0.49,down,4, 0, 0, 0, 256, 2, 0, 0, 8, 256, 4, 8, 4, 2048, 4, 0
308,46.22,121,8,2048,2048,2048,0.67, 0.16, 0.08, 0.09,right,4, 0, 0, 2, 256, 2, 0, 0, 8, 256, 0, 0, 4, 2048, 8, 8
311,45.49,105,9,2048,2048,2048,0.45, 0.03, 0.24, 0.28,right,0, 0, 4, 2, 0, 0, 256, 2, 2, 0, 8, 256, 0, 4, 2048, 16
313,44.21,103,7,2048,2048,2048,0.14, 0.02, 0.83, 0.01,up,0, 0, 4, 2, 0, 0, 256, 2, 2, 2, 8, 256, 0, 4, 2048, 16
317,46.6,117,8,2048,2048,2048,0.27, 0.72, 0, 0.01,left,2, 2, 4, 4, 0, 4, 256, 256, 0, 0, 8, 16, 0, 0, 2048, 2
310,45.12,124,7,2048,2048,2048,0.01, 0, 0.35, 0.63,down,4, 8, 0, 0, 4, 512, 2, 0, 8, 16, 0, 0, 2048, 2, 0, 0
314,44.2,133,7,2048,2048,2048,0.07, 0.28, 0.16, 0.49,down,0, 8, 0, 0, 8, 512, 0, 0, 8, 16, 0, 2, 2048, 2, 2, 0
317,42.93,101,7,2048,2048,2048,0.29, 0.6, 0.04, 0.07,left,0, 8, 2, 0, 0, 512, 0, 0, 16, 16, 0, 0, 2048, 2, 2, 2
321,42.98,112,8,2048,2048,2048,0.04, 0.25, 0.58, 0.13,up,8, 2, 0, 0, 512, 0, 0, 2, 32, 0, 0, 0, 2048, 4, 2, 0
321,43.7,97,7,2048,2048,2048,0.05, 0.65, 0.06, 0.24,left,8, 2, 2, 2, 512, 4, 0, 0, 32, 0, 0, 0, 2048, 0, 2, 0
318,43.41,118,7,2048,2048,2048,0.02, 0.22, 0.66, 0.1,up,8, 4, 2, 0, 512, 4, 0, 0, 32, 0, 0, 2, 2048, 2, 0, 0
319,41.93,112,6,2048,2048,2048,0.25, 0.34, 0.27, 0.14,left,8, 8, 2, 2, 512, 2, 0, 0, 32, 2, 0, 0, 2048, 0, 0, 0
324,40.75,127,6,2048,2048,2048,0.2, 0, 0.74, 0.07,up,16, 4, 0, 0, 512, 2, 0, 0, 32, 2, 0, 0, 2048, 2, 0, 0
327,42.7,110,8,2048,2048,2048,0.19, 0.18, 0.43, 0.2,up,16, 4, 0, 0, 512, 4, 0, 0, 32, 2, 2, 0, 2048, 0, 0, 0
321,40.42,109,7,2048,2048,2048,0.05, 0.21, 0.56, 0.18,up,16, 8, 2, 0, 512, 2, 0, 0, 32, 0, 0, 0, 2048, 0, 2, 0
328,40.13,102,7,2048,2048,2048,0.63, 0.14, 0.18, 0.05,right,16, 8, 4, 0, 512, 2, 0, 0, 32, 0, 0, 2, 2048, 0, 0, 0
329,40.85,141,8,2048,2048,2048,0, 0.09, 0.68, 0.24,up,0, 16, 8, 4, 0, 2, 512, 2, 0, 0, 32, 2, 0, 0, 0, 2048
327,39.89,104,6,2048,2048,2048,0.19, 0.11, 0.58, 0.12,up,0, 16, 8, 4, 0, 2, 512, 4, 2, 0, 32, 2048, 0, 0, 0, 0
330,41.04,106,7,2048,2048,2048,0.49, 0.25, 0.17, 0.09,right,2, 16, 8, 8, 0, 2, 512, 2048, 0, 0, 32, 0, 0, 0, 0, 2
326,41.61,105,7,2048,2048,2048,0.18, 0.52, 0.23, 0.07,left,0, 2, 16, 16, 0, 2, 512, 2048, 0, 0, 0, 32, 0, 2, 0, 2
325,41.65,90,7,2048,2048,2048,0.04, 0.1, 0.25, 0.6,down,2, 32, 0, 0, 2, 512, 2048, 0, 32, 0, 0, 0, 4, 0, 2, 0
325,42.25,103,6,2048,2048,2048,0.21, 0.5, 0.29, 0,left,0, 0, 0, 0, 4, 2, 0, 0, 32, 32, 2048, 0, 4, 512, 2, 0
323,41.2,87,6,2048,2048,2048,0.27, 0.39, 0.17, 0.18,left,0, 0, 0, 0, 4, 2, 2, 0, 64, 2048, 0, 0, 4, 512, 2, 0
326,40.79,92,7,2048,2048,2048,0.15, 0.23, 0.17, 0.45,down,0, 0, 0, 2, 4, 4, 0, 0, 64, 2048, 0, 0, 4, 512, 2, 0
327,38.69,101,8,2048,2048,2048,0.07, 0.17, 0.62, 0.14,up,0, 0, 0, 0, 4, 4, 0, 2, 64, 2048, 0, 0, 4, 512, 2, 2
333,38.54,98,7,2048,2048,2048,0.17, 0.13, 0, 0.7,down,4, 4, 2, 4, 64, 2048, 0, 0, 4, 512, 0, 0, 2, 0, 0, 0
334,36.72,86,8,2048,2048,2048,0.02, 0.02, 0.91, 0.05,up,4, 0, 2, 0, 64, 4, 0, 0, 4, 2048, 0, 0, 2, 512, 2, 4
339,37.76,96,7,2048,2048,2048,0.76, 0.22, 0, 0.02,right,4, 4, 4, 4, 64, 2048, 2, 0, 4, 512, 0, 0, 2, 0, 0, 0
336,35.48,81,7,2048,2048,2048,0.33, 0.57, 0, 0.09,left,0, 2, 8, 8, 0, 64, 2048, 2, 0, 0, 4, 512, 0, 0, 0, 2
343,34.89,88,7,2048,2048,2048,0.23, 0, 0.43, 0.35,up,2, 16, 2, 0, 64, 2048, 2, 0, 4, 512, 0, 0, 2, 0, 0, 0
345,32.97,105,7,2048,2048,2048,0.29, 0, 0, 0.71,down,2, 16, 4, 2, 64, 2048, 0, 0, 4, 512, 0, 0, 2, 0, 0, 0
351,33.7,91,7,2048,2048,2048,0.5, 0.11, 0.2, 0.19,right,2, 0, 0, 0, 64, 16, 0, 0, 4, 2048, 0, 2, 2, 512, 4, 2
348,31.21,78,6,2048,2048,2048,0, 0.04, 0.32, 0.64,down,0, 0, 0, 2, 0, 0, 64, 16, 2, 4, 2048, 2, 2, 512, 4, 2
356,32.19,107,7,2048,2048,2048,0.19, 0.45, 0.16, 0.2,left,0, 0, 0, 2, 0, 0, 64, 2, 0, 4, 2048, 16, 4, 512, 4, 4
353,31.49,86,7,2048,2048,2048,0.12, 0.62, 0.16, 0.1,left,2, 2, 0, 0, 64, 2, 0, 0, 4, 2048, 16, 0, 4, 512, 8, 0
355,30.9,94,7,2048,2048,2048,0.14, 0, 0.38, 0.48,down,4, 2, 0, 0, 64, 2, 0, 0, 4, 2048, 16, 0, 4, 512, 8, 0
357,29.6,92,6,2048,2048,2048,0.3, 0.27, 0.22, 0.21,right,0, 0, 0, 2, 4, 4, 0, 0, 64, 2048, 16, 0, 8, 512, 8, 0
361,27.49,100,8,2048,2048,2048,0.2, 0.28, 0.36, 0.17,up,0, 0, 2, 2, 0, 0, 0, 8, 0, 64, 2048, 16, 0, 8, 512, 8
367,26.52,90,7,2048,2048,2048,0.28, 0.35, 0, 0.37,down,2, 64, 2, 2, 0, 8, 2048, 8, 0, 0, 512, 16, 0, 0, 0, 8
370,28.44,98,8,2048,2048,2048,0.62, 0.11, 0.13, 0.15,right,2, 0, 0, 2, 0, 0, 2, 8, 0, 64, 2048, 16, 2, 8, 512, 8
364,26.85,83,8,2048,2048,2048,0.4, 0.45, 0.15, 0,left,0, 0, 0, 4, 0, 2, 2, 8, 0, 64, 2048, 16, 2, 8, 512, 8
369,24.27,72,7,2048,2048,2048,0.07, 0, 0.47, 0.46,up,4, 0, 0, 0, 4, 8, 2, 0, 64, 2048, 16, 0, 2, 8, 512, 8
377,25,102,9,2048,2048,2048,0.15, 0.24, 0, 0.61,down,8, 8, 2, 8, 64, 2048, 16, 0, 2, 8, 512, 0, 0, 2, 0, 0
375,26.21,75,8,2048,2048,2048,0.05, 0.29, 0.59, 0.08,up,0, 8, 0, 0, 8, 2048, 2, 2, 64, 8, 16, 0, 2, 2, 512, 8
371,25.88,77,7,2048,2048,2048,0.94, 0.05, 0, 0.01,right,8, 8, 2, 2, 64, 2048, 16, 8, 2, 8, 512, 0, 0, 2, 2, 0
372,27.56,94,7,2048,2048,2048,0, 0.03, 0.58, 0.39,up,0, 2, 16, 4, 64, 2048, 16, 8, 0, 2, 8, 512, 0, 0, 0, 4
367,25.85,91,7,2048,2048,2048,0.24, 0.65, 0, 0.12,left,64, 2, 32, 4, 2, 2048, 8, 8, 0, 2, 0, 512, 0, 0, 0, 4
372,23.41,84,7,2048,2048,2048,0.11, 0, 0.6, 0.29,up,64, 2, 32, 4, 2, 2048, 16, 0, 2, 512, 2, 0, 4, 0, 0, 0
379,32.64,98,13,2048,2048,2048,0.04, 0, 0.13, 0.83,down,64, 2, 32, 4, 4, 2048, 16, 2, 4, 512, 2, 0, 0, 0, 0, 0
352,24.31,81,7,2048,2048,2048,0.49, 0.23, 0.28, 0,right,0, 0, 0, 0, 0, 2, 32, 2, 64, 2048, 16, 4, 8, 512, 2, 2
377,25.75,80,9,2048,2048,2048,0, 0.1, 0.17, 0.73,down,0, 0, 0, 2, 0, 2, 32, 2, 64, 2048, 16, 4, 0, 8, 512, 4
372,26.93,78,10,2048,2048,2048,0.08, 0.73, 0.09, 0.11,left,0, 0, 0, 2, 0, 2, 32, 0, 0, 2048, 16, 4, 64, 8, 512, 8
369,26.61,70,10,2048,2048,2048,0.13, 0.54, 0.04, 0.29,left,2, 0, 0, 0, 2, 32, 0, 2, 2048, 16, 4, 0, 64, 8, 512, 8
370,29.46,79,11,2048,2048,2048,0.08, 0.74, 0.12, 0.06,left,2, 0, 0, 2, 2, 32, 2, 0, 2048, 16, 4, 0, 64, 8, 512, 8
361,29.76,80,11,2048,2048,2048,0.94, 0.03, 0.01, 0.02,right,4, 0, 0, 0, 2, 32, 2, 2, 2048, 16, 4, 0, 64, 8, 512, 8
360,30.52,80,11,2048,2048,2048,0.01, 0.88, 0.01, 0.1,left,0, 0, 0, 4, 2, 2, 32, 4, 0, 2048, 16, 4, 64, 8, 512, 8
358,25.55,82,9,2048,2048,2048,0.05, 0, 0.58, 0.37,up,4, 2, 0, 0, 4, 32, 4, 0, 2048, 16, 4, 0, 64, 8, 512, 8
373,29.67,81,9,2048,2048,2048,0.01, 0.04, 0, 0.95,down,8, 2, 8, 8, 2048, 32, 512, 2, 64, 16, 0, 0, 0, 8, 0, 0
360,29.14,78,8,2048,2048,2048,0.77, 0.22, 0.01, 0,right,2, 2, 0, 0, 8, 32, 0, 0, 2048, 16, 8, 8, 64, 8, 512, 2
362,31.02,115,9,2048,2048,2048,0.84, 0.11, 0.02, 0.03,right,2, 0, 0, 4, 0, 0, 8, 32, 0, 2048, 16, 16, 64, 8, 512, 2
356,30.64,111,7,2048,2048,2048,0, 0.02, 0.84, 0.14,up,0, 0, 2, 4, 0, 0, 8, 32, 0, 2, 2048, 32, 64, 8, 512, 2
358,30.75,80,7,2048,2048,2048,0.51, 0.29, 0.18, 0.02,right,64, 2, 2, 4, 0, 8, 8, 64, 0, 0, 2048, 2, 0, 2, 512, 0
357,30.96,143,7,2048,2048,2048,0.2, 0.51, 0.26, 0.03,left,0, 64, 4, 4, 0, 0, 16, 64, 2, 0, 2048, 2, 0, 0, 2, 512
357,32.09,75,7,2048,2048,2048,0.04, 0.15, 0.19, 0.63,down,64, 8, 0, 0, 16, 64, 0, 0, 2, 2048, 2, 0, 2, 512, 0, 2
353,32.32,72,9,2048,2048,2048,0.54, 0.2, 0.13, 0.13,right,0, 8, 0, 2, 64, 64, 0, 0, 16, 2048, 0, 0, 4, 512, 2, 2
353,31.71,72,10,2048,2048,2048,0, 0.07, 0.93, 0,up,0, 0, 8, 2, 0, 0, 2, 128, 0, 0, 16, 2048, 0, 4, 512, 4
354,30.54,95,8,2048,2048,2048,0.09, 0.73, 0.07, 0.11,left,0, 4, 8, 2, 0, 0, 2, 128, 2, 0, 16, 2048, 0, 0, 512, 4
358,29.77,105,8,2048,2048,2048,0.1, 0, 0.54, 0.36,up,4, 8, 2, 0, 2, 128, 2, 0, 2, 16, 2048, 0, 512, 4, 0, 0
360,27.78,71,7,2048,2048,2048,0.09, 0.58, 0.27, 0.07,left,4, 8, 4, 0, 4, 128, 2048, 0, 512, 16, 0, 0, 0, 4, 2, 0
366,27.13,82,8,2048,2048,2048,0.13, 0, 0.35, 0.52,down,4, 8, 4, 0, 4, 128, 2048, 0, 512, 16, 2, 0, 4, 2, 0, 0
368,28.17,94,7,2048,2048,2048,0.13, 0.64, 0.19, 0.04,left,0, 8, 0, 0, 8, 128, 4, 0, 512, 16, 2048, 2, 4, 2, 2, 0
365,27.79,75,8,2048,2048,2048,0.11, 0.19, 0.28, 0.42,down,8, 2, 0, 0, 8, 128, 4, 0, 512, 16, 2048, 2, 4, 4, 0, 0
366,27.94,134,7,2048,2048,2048,0.23, 0.25, 0.16, 0.36,down,0, 2, 0, 0, 16, 128, 0, 0, 512, 16, 4, 2, 4, 4, 2048, 2
366,27.17,76,9,2048,2048,2048,0.07, 0.89, 0.04, 0,left,0, 2, 0, 0, 16, 128, 0, 0, 512, 16, 4, 2, 4, 4, 2048, 4
368,26.29,98,8,2048,2048,2048,0.07, 0.71, 0.14, 0.08,left,2, 2, 0, 0, 16, 128, 0, 0, 512, 16, 4, 2, 8, 2048, 4, 0
371,26.17,62,7,2048,2048,2048,0.05, 0.2, 0.58, 0.17,up,4, 0, 2, 0, 16, 128, 0, 0, 512, 16, 4, 2, 8, 2048, 4, 0
371,24.97,72,8,2048,2048,2048,0.25, 0.63, 0, 0.12,left,4, 128, 2, 2, 16, 16, 8, 0, 512, 2048, 0, 0, 8, 2, 0, 0
375,24.48,63,8,2048,2048,2048,0.07, 0.59, 0.18, 0.16,left,4, 128, 4, 0, 32, 8, 0, 0, 512, 2048, 0, 0, 8, 2, 0, 2
376,24.73,72,8,2048,2048,2048,0.04, 0.11, 0.34, 0.51,down,4, 128, 4, 0, 32, 8, 0, 0, 512, 2048, 0, 2, 8, 4, 0, 0
375,24.25,79,7,2048,2048,2048,0.13, 0.63, 0.06, 0.18,left,4, 128, 2, 0, 32, 8, 0, 0, 512, 2048, 0, 0, 8, 4, 4, 2
377,23.28,79,7,2048,2048,2048,0.09, 0.27, 0.21, 0.43,down,4, 128, 2, 0, 32, 8, 0, 0, 512, 2048, 0, 0, 8, 8, 2, 2
380,24.11,102,9,2048,2048,2048,0.76, 0.1, 0.13, 0,right,4, 128, 0, 0, 32, 8, 0, 0, 512, 2048, 2, 0, 8, 8, 4, 2
377,23.98,66,10,2048,2048,2048,0, 0.04, 0.09, 0.86,down,0, 0, 4, 128, 0, 0, 32, 8, 0, 512, 2048, 2, 2, 16, 4, 2
378,25.44,62,10,2048,2048,2048,0.87, 0.07, 0.03, 0.04,right,2, 0, 4, 0, 0, 0, 32, 128, 0, 512, 2048, 8, 2, 16, 4, 4
373,25.28,55,8,2048,2048,2048,0, 0.02, 0.63, 0.35,up,0, 0, 2, 4, 0, 0, 32, 128, 2, 512, 2048, 8, 0, 2, 16, 8
374,25.97,93,10,2048,2048,2048,0, 0.85, 0, 0.15,left,2, 512, 2, 4, 0, 2, 32, 128, 0, 0, 2048, 16, 0, 0, 16, 2
372,28.63,91,9,2048,2048,2048,0.88, 0.02, 0.08, 0.02,right,2, 512, 2, 4, 2, 32, 128, 0, 2048, 16, 0, 2, 16, 2, 0, 0
364,27.46,69,8,2048,2048,2048,0.05, 0.03, 0.62, 0.3,up,2, 512, 2, 4, 0, 2, 32, 128, 0, 2048, 16, 2, 2, 0, 16, 2
367,26.65,74,6,2048,2048,2048,0.1, 0.5, 0.11, 0.29,left,4, 512, 2, 4, 2, 2, 32, 128, 0, 2048, 32, 4, 0, 0, 0, 0
370,26.3,92,8,2048,2048,2048,0.01, 0, 0.68, 0.31,up,4, 512, 2, 4, 4, 32, 128, 0, 2048, 32, 4, 2, 0, 0, 0, 0
371,25.05,89,7,2048,2048,2048,0.14, 0.18, 0.35, 0.32,up,8, 512, 2, 4, 2048, 64, 128, 2, 0, 0, 4, 0, 2, 0, 0, 0
374,23.45,54,6,2048,2048,2048,0.22, 0.14, 0.14, 0.5,down,8, 512, 2, 4, 2048, 64, 128, 2, 2, 0, 4, 0, 0, 2, 0, 0
379,23.95,93,6,2048,2048,2048,0.29, 0.22, 0.37, 0.11,up,0, 0, 2, 0, 8, 512, 2, 0, 2048, 64, 128, 4, 2, 2, 4, 2
378,23.01,77,7,2048,2048,2048,0.21, 0.27, 0.15, 0.38,down,8, 512, 4, 4, 2048, 64, 128, 2, 2, 2, 4, 2, 0, 0, 0, 0
380,22.57,58,7,2048,2048,2048,0.24, 0.15, 0.09, 0.53,down,0, 0, 0, 2, 8, 512, 4, 0, 2048, 64, 128, 4, 2, 2, 4, 4
382,21.29,55,8,2048,2048,2048,0.25, 0.73, 0.02, 0,left,0, 2, 0, 0, 8, 512, 4, 0, 2048, 64, 128, 2, 2, 2, 4, 8
386,21.12,78,6,2048,2048,2048,0.47, 0.38, 0.07, 0.08,right,2, 2, 0, 0, 8, 512, 4, 0, 2048, 64, 128, 2, 4, 4, 8, 0
386,20.33,64,7,2048,2048,2048,0.15, 0.27, 0.44, 0.14,up,0, 0, 0, 4, 0, 8, 512, 4, 2048, 64, 128, 2, 0, 2, 8, 8
389,20.13,75,6,2048,2048,2048,0.31, 0.44, 0.07, 0.18,left,2048, 8, 512, 8, 0, 64, 128, 2, 0, 2, 8, 8, 2, 0, 0, 0
389,19.57,61,7,2048,2048,2048,0.2, 0.3, 0.17, 0.33,down,2048, 8, 512, 8, 64, 128, 2, 0, 2, 16, 0, 0, 2, 0, 2, 0
391,20.19,61,8,2048,2048,2048,0.05, 0.04, 0.79, 0.12,up,0, 0, 0, 0, 2048, 8, 0, 2, 64, 128, 512, 0, 4, 16, 4, 8
389,18.27,85,10,2048,2048,2048,0.06, 0, 0, 0.94,down,2048, 8, 512, 2, 64, 128, 4, 8, 4, 16, 2, 0, 0, 0, 0, 0
395,18.69,55,11,2048,2048,2048,0, 0, 0.16, 0.84,down,0, 0, 0, 0, 2048, 8, 512, 2, 64, 128, 4, 2, 4, 16, 2, 8
393,16.75,95,7,2048,2048,2048,0.41, 0.54, 0.05, 0,left,0, 2, 0, 0, 2048, 8, 512, 0, 64, 128, 4, 4, 4, 16, 2, 8
399,16.52,52,8,2048,2048,2048,0.13, 0.29, 0.48, 0.1,up,2, 0, 0, 2, 2048, 8, 512, 0, 64, 128, 8, 0, 4, 16, 2, 8
400,17.81,89,9,2048,2048,2048,0.59, 0.25, 0.12, 0.03,right,2, 8, 512, 2, 2048, 128, 8, 8, 64, 16, 2, 0, 4, 0, 2, 0
396,17.47,87,9,2048,2048,2048,0.1, 0.13, 0.11, 0.65,down,2, 8, 512, 2, 0, 2048, 128, 16, 0, 64, 16, 2, 2, 0, 4, 2
397,16.37,53,10,2048,2048,2048,0.15, 0.81, 0.04, 0,left,0, 0, 512, 0, 0, 8, 128, 2, 2, 2048, 16, 16, 4, 64, 4, 4
400,16.96,72,8,2048,2048,2048,0.31, 0.11, 0.52, 0.07,up,512, 0, 0, 0, 8, 128, 2, 2, 2, 2048, 32, 0, 4, 64, 8, 0
399,16.22,73,9,2048,2048,2048,0.29, 0.08, 0.54, 0.09,up,512, 128, 2, 2, 8, 2048, 32, 0, 2, 64, 8, 2, 4, 0, 0, 0
401,16.55,89,7,2048,2048,2048,0.59, 0.12, 0.23, 0.05,right,512, 128, 2, 4, 8, 2048, 32, 0, 2, 64, 8, 0, 4, 0, 0, 2
400,25.59,75,16,2048,2048,2048,0.02, 0.93, 0.01, 0.04,left,512, 128, 2, 4, 0, 8, 2048, 32, 0, 2, 64, 8, 2, 0, 4, 2
373,14.8,80,9,2048,2048,2048,0.04, 0, 0.01, 0.94,down,512, 128, 2, 4, 8, 2048, 32, 0, 2, 64, 8, 2, 2, 4, 2, 0
405,18.67,67,13,2048,2048,2048,0.93, 0.06, 0.02, 0,right,2, 128, 2, 0, 512, 2048, 32, 0, 8, 64, 8, 4, 4, 4, 2, 2
394,11.75,55,7,2048,2048,2048,0.27, 0.04, 0.15, 0.54,down,0, 2, 128, 2, 0, 512, 2048, 32, 8, 64, 8, 4, 2, 0, 8, 4
414,10.73,41,8,2048,2048,2048,0, 0.48, 0.24, 0.28,left,0, 0, 0, 2, 0, 2, 128, 2, 8, 512, 2048, 32, 2, 64, 16, 8
417,11.25,57,7,2048,2048,2048,0.06, 0.2, 0.41, 0.32,up,2, 2, 0, 0, 2, 128, 2, 0, 8, 512, 2048, 32, 2, 64, 16, 8
416,11.23,55,7,2048,2048,2048,0.61, 0.29, 0, 0.1,right,4, 2, 2, 32, 8, 128, 2048, 8, 2, 512, 16, 0, 0, 64, 2, 0
416,11.79,57,7,2048,2048,2048,0.07, 0.48, 0.42, 0.03,left,0, 4, 4, 32, 8, 128, 2048, 8, 0, 2, 512, 16, 0, 2, 64, 2
414,15.08,61,11,2048,2048,2048,0.06, 0, 0.84, 0.1,up,8, 32, 0, 0, 8, 128, 2048, 8, 2, 512, 16, 2, 2, 64, 2, 0
404,13.21,54,8,2048,2048,2048,0.1, 0.12, 0.7, 0.08,up,16, 32, 2048, 8, 4, 128, 16, 2, 0, 512, 2, 0, 0, 64, 0, 2
410,20.33,59,13,2048,2048,2048,0.95, 0.01, 0.03, 0.01,right,16, 32, 2048, 8, 4, 128, 16, 4, 0, 512, 2, 0, 0, 64, 0, 2
389,21.2,72,12,2048,2048,2048,0.15, 0.01, 0.1, 0.74,down,16, 32, 2048, 8, 4, 128, 16, 4, 2, 0, 512, 2, 0, 0, 64, 2
386,19.56,73,11,2048,2048,2048,0.01, 0.07, 0.3, 0.62,down,0, 0, 2048, 0, 16, 2, 16, 8, 4, 32, 512, 4, 2, 128, 64, 4
391,25.55,80,12,2048,2048,2048,0.02, 0.01, 0.96, 0.01,up,2, 0, 2048, 0, 16, 2, 16, 0, 4, 32, 512, 8, 2, 128, 64, 8
373,21.44,75,11,2048,2048,2048,0.77, 0.2, 0, 0.03,right,2, 2, 2048, 16, 16, 32, 16, 2, 4, 128, 512, 0, 2, 0, 64, 0
385,15.87,73,9,2048,2048,2048,0.03, 0.94, 0.02, 0.01,left,0, 4, 2048, 16, 16, 32, 16, 2, 0, 4, 128, 512, 0, 2, 2, 64
402,16.22,60,8,2048,2048,2048,0.01, 0.14, 0.23, 0.61,down,4, 2048, 16, 0, 16, 32, 16, 2, 4, 128, 512, 0, 4, 64, 0, 2
401,23.02,75,15,2048,2048,2048,0.02, 0.06, 0.04, 0.87,down,0, 2048, 0, 0, 4, 32, 0, 2, 16, 128, 32, 0, 8, 64, 512, 4
380,25.71,74,13,2048,2048,2048,0.03, 0.84, 0.07, 0.07,left,0, 2048, 0, 2, 4, 32, 0, 0, 16, 128, 32, 2, 8, 64, 512, 4
372,15.66,57,10,2048,2048,2048,0.05, 0.27, 0.14, 0.54,down,2048, 2, 0, 0, 4, 32, 0, 2, 16, 128, 32, 2, 8, 64, 512, 4
403,24.05,70,12,2048,2048,2048,0.84, 0, 0.05, 0.11,right,2048, 2, 0, 0, 4, 32, 2, 0, 16, 128, 32, 4, 8, 64, 512, 4
377,23.06,70,13,2048,2048,2048,0, 0.07, 0.08, 0.85,down,0, 0, 2048, 2, 2, 4, 32, 2, 16, 128, 32, 4, 8, 64, 512, 4
380,25.94,62,10,2048,2048,2048,0.03, 0, 0.91, 0.06,up,2, 0, 0, 0, 2, 4, 2048, 0, 16, 128, 64, 4, 8, 64, 512, 8
372,25.1,83,10,2048,2048,2048,0.89, 0.06, 0.01, 0.03,right,4, 4, 2048, 4, 16, 128, 64, 8, 8, 64, 512, 0, 0, 0, 0, 2
374,26.9,73,10,2048,2048,2048,0.02, 0.01, 0.94, 0.03,up,0, 8, 2048, 4, 16, 128, 64, 8, 0, 8, 64, 512, 0, 0, 2, 2
369,26.43,68,11,2048,2048,2048,0.05, 0.89, 0, 0.06,left,16, 8, 2048, 4, 2, 128, 128, 8, 0, 8, 2, 512, 0, 0, 0, 2
370,24,62,10,2048,2048,2048,0.06, 0, 0.11, 0.83,down,16, 8, 2048, 4, 2, 256, 8, 0, 8, 2, 512, 2, 2, 0, 0, 0
377,24.43,74,12,2048,2048,2048,0.06, 0.17, 0.77, 0,up,16, 0, 0, 0, 2, 8, 2048, 2, 8, 256, 8, 4, 2, 2, 512, 2
376,21.7,65,11,2048,2048,2048,0.01, 0.01, 0.96, 0.02,up,16, 8, 2048, 2, 2, 256, 8, 4, 8, 2, 512, 2, 2, 0, 0, 2
384,21.53,61,9,2048,2048,2048,0.81, 0.02, 0.08, 0.09,right,16, 8, 2048, 2, 2, 256, 8, 4, 8, 2, 512, 4, 2, 2, 0, 0
385,26.47,57,12,2048,2048,2048,0.02, 0.01, 0.06, 0.9,down,16, 8, 2048, 2, 2, 256, 8, 4, 8, 2, 512, 4, 0, 2, 0, 4
370,25.81,82,12,2048,2048,2048,0.04, 0.01, 0.96, 0,up,0, 0, 2, 0, 16, 8, 2048, 2, 2, 256, 8, 4, 8, 4, 512, 8
372,23.81,68,9,2048,2048,2048,0.97, 0.03, 0, 0,right,16, 8, 2, 2, 2, 256, 2048, 4, 8, 4, 8, 8, 0, 2, 512, 0
378,23.2,80,9,2048,2048,2048,0, 0.03, 0.95, 0.03,up,0, 16, 8, 4, 2, 256, 2048, 4, 2, 8, 4, 16, 0, 0, 2, 512
380,22.81,62,8,2048,2048,2048,0.92, 0.06, 0, 0.02,right,4, 16, 8, 8, 2, 256, 2048, 16, 0, 8, 4, 512, 0, 0, 2, 0
381,22.19,71,7,2048,2048,2048,0.11, 0.31, 0.52, 0.07,up,2, 4, 16, 16, 2, 256, 2048, 16, 0, 8, 4, 512, 0, 0, 0, 2
383,22.89,63,9,2048,2048,2048,0.88, 0.09, 0, 0.03,right,4, 4, 16, 32, 0, 256, 2048, 512, 0, 8, 4, 2, 0, 0, 2, 0
381,20.56,61,7,2048,2048,2048,0.16, 0.2, 0.57, 0.06,up,0, 8, 16, 32, 0, 256, 2048, 512, 0, 8, 4, 2, 0, 0, 2, 2
388,20.22,58,7,2048,2048,2048,0.46, 0.42, 0, 0.12,right,0, 8, 16, 32, 0, 256, 2048, 512, 0, 8, 4, 4, 0, 0, 2, 2
389,23.62,76,9,2048,2048,2048,0.84, 0.12, 0, 0.04,right,2, 8, 16, 32, 0, 256, 2048, 512, 0, 0, 8, 8, 0, 0, 0, 4
379,21.91,68,10,2048,2048,2048,0.1, 0.06, 0.15, 0.69,down,2, 8, 16, 32, 0, 256, 2048, 512, 0, 0, 0, 16, 0, 2, 0, 4
384,22.85,58,9,2048,2048,2048,0.8, 0.07, 0.06, 0.08,right,0, 0, 0, 32, 2, 8, 0, 512, 0, 256, 16, 16, 2, 2, 2048, 4
381,21.88,55,8,2048,2048,2048,0.32, 0.08, 0.49, 0.12,up,0, 0, 0, 32, 2, 2, 8, 512, 0, 0, 256, 32, 0, 4, 2048, 4
384,21.21,67,8,2048,2048,2048,0.38, 0.33, 0.06, 0.23,right,2, 2, 8, 32, 0, 4, 256, 512, 2, 0, 2048, 32, 0, 0, 0, 4
386,22.86,86,9,2048,2048,2048,0, 0.7, 0.14, 0.16,left,0, 4, 8, 32, 2, 4, 256, 512, 0, 2, 2048, 32, 0, 0, 0, 4
381,19.13,55,7,2048,2048,2048,0.08, 0, 0.49, 0.44,up,4, 8, 32, 0, 2, 4, 256, 512, 2, 2048, 32, 2, 4, 0, 0, 0
392,21.58,53,9,2048,2048,2048,0.08, 0.11, 0.78, 0.03,up,4, 8, 32, 512, 4, 4, 256, 2, 4, 2048, 32, 0, 2, 0, 0, 0
385,19.39,66,7,2048,2048,2048,0.13, 0.24, 0.37, 0.27,up,8, 8, 32, 512, 4, 4, 256, 2, 2, 2048, 32, 0, 2, 0, 0, 0
391,20.99,52,10,2048,2048,2048,0.15, 0.04, 0.58, 0.23,up,8, 8, 32, 512, 4, 4, 256, 2, 4, 2048, 32, 2, 0, 0, 0, 0
387,22.08,68,10,2048,2048,2048,0.06, 0.07, 0.84, 0.04,up,8, 8, 32, 512, 8, 4, 256, 4, 2, 2048, 32, 0, 0, 0, 0, 0
383,22.65,60,9,2048,2048,2048,0.03, 0, 0.95, 0.02,up,16, 8, 32, 512, 2, 4, 256, 4, 2, 2048, 32, 0, 0, 0, 0, 0
382,22.98,62,8,2048,2048,2048,0.96, 0.02, 0, 0.02,right,16, 8, 32, 512, 4, 4, 256, 4, 0, 2048, 32, 0, 0, 2, 0, 0
381,22.1,62,8,2048,2048,2048,0.27, 0.04, 0.66, 0.03,up,16, 8, 32, 512, 0, 8, 256, 4, 0, 0, 2048, 32, 2, 0, 0, 2
383,22.85,72,7,2048,2048,2048,0.32, 0.45, 0.19, 0.04,left,16, 16, 32, 512, 2, 0, 256, 4, 0, 2, 2048, 32, 0, 0, 0, 2
381,22.89,56,7,2048,2048,2048,0.24, 0.42, 0.24, 0.11,left,32, 32, 512, 0, 2, 256, 4, 0, 2, 2048, 32, 0, 2, 0, 2, 0
381,22.59,59,6,2048,2048,2048,0.12, 0.36, 0.25, 0.26,left,64, 512, 0, 0, 2, 256, 4, 0, 2, 2048, 32, 0, 4, 0, 2, 0
382,22.4,52,6,2048,2048,2048,0.35, 0.31, 0.18, 0.17,right,64, 512, 0, 0, 2, 256, 4, 0, 2, 2048, 32, 0, 4, 2, 2, 0
382,20.72,54,7,2048,2048,2048,0.27, 0.11, 0.47, 0.14,up,2, 0, 64, 512, 0, 2, 256, 4, 0, 2, 2048, 32, 0, 0, 4, 4
387,20.04,62,7,2048,2048,2048,0.28, 0.17, 0, 0.54,down,2, 4, 64, 512, 0, 2, 256, 4, 0, 0, 2048, 32, 0, 0, 4, 4
389,19.46,66,7,2048,2048,2048,0.13, 0.6, 0.19, 0.08,left,0, 0, 64, 512, 0, 0, 256, 4, 2, 4, 2048, 32, 2, 2, 4, 4
391,19.41,65,7,2048,2048,2048,0.1, 0, 0.65, 0.25,up,64, 512, 2, 0, 256, 4, 0, 0, 2, 4, 2048, 32, 4, 8, 0, 0
391,17.72,53,8,2048,2048,2048,0.51, 0, 0.36, 0.12,right,64, 512, 2, 32, 256, 8, 2048, 2, 2, 8, 0, 0, 4, 0, 0, 0
396,19.44,46,11,2048,2048,2048,0.08, 0.86, 0.03, 0.03,left,64, 512, 2, 32, 256, 8, 2048, 2, 0, 0, 2, 8, 2, 0, 0, 4
391,18.76,52,9,2048,2048,2048,0.35, 0, 0.29, 0.35,right,64, 512, 2, 32, 256, 8, 2048, 2, 2, 8, 2, 0, 2, 4, 0, 0
393,21.58,54,12,2048,2048,2048,0.15, 0.07, 0.04, 0.73,down,64, 512, 2, 32, 256, 8, 2048, 2, 0, 2, 8, 2, 2, 0, 2, 4
385,19.91,69,11,2048,2048,2048,0.82, 0.02, 0.14, 0.02,right,0, 0, 2, 2, 64, 512, 2048, 32, 256, 8, 8, 4, 2, 2, 2, 4
390,23.18,63,11,2048,2048,2048,0.02, 0.04, 0.03, 0.92,down,0, 0, 0, 4, 64, 512, 2048, 32, 2, 256, 16, 4, 0, 2, 4, 4
380,23.14,60,10,2048,2048,2048,0.19, 0.73, 0.08, 0,left,0, 0, 0, 0, 2, 512, 2048, 4, 64, 256, 16, 32, 2, 2, 4, 8
380,26.41,53,9,2048,2048,2048,0.02, 0.96, 0, 0.01,left,0, 0, 0, 2, 2, 512, 2048, 4, 64, 256, 16, 32, 4, 4, 8, 0
370,23.9,53,10,2048,2048,2048,0.91, 0.03, 0.02, 0.04,right,2, 0, 0, 0, 2, 512, 2048, 4, 64, 256, 16, 32, 8, 8, 0, 2
378,20.75,52,7,2048,2048,2048,0.7, 0.11, 0.09, 0.1,right,2, 0, 0, 2, 2, 512, 2048, 4, 64, 256, 16, 32, 0, 0, 16, 2
387,21.31,67,7,2048,2048,2048,0.02, 0.01, 0.78, 0.19,up,2, 0, 0, 4, 2, 512, 2048, 4, 64, 256, 16, 32, 0, 0, 16, 2
386,21.13,58,6,2048,2048,2048,0.23, 0.35, 0.29, 0.13,left,4, 512, 2048, 8, 64, 256, 32, 32, 0, 0, 0, 2, 0, 0, 2, 0
386,20.61,50,7,2048,2048,2048,0.15, 0.32, 0.4, 0.13,up,4, 512, 2048, 8, 64, 256, 64, 0, 2, 0, 0, 0, 2, 2, 0, 0
388,19.3,47,8,2048,2048,2048,0.5, 0.24, 0.18, 0.07,right,4, 512, 2048, 8, 64, 256, 64, 0, 4, 2, 0, 2, 0, 0, 0, 0
392,18.86,64,8,2048,2048,2048,0.11, 0.31, 0.15, 0.42,down,4, 512, 2048, 8, 0, 64, 256, 64, 0, 0, 4, 4, 0, 2, 0, 0
393,17.11,55,9,2048,2048,2048,0.17, 0.17, 0.66, 0,up,0, 2, 0, 0, 0, 512, 2048, 8, 0, 64, 256, 64, 4, 2, 4, 4
398,19.08,54,11,2048,2048,2048,0.8, 0.15, 0, 0.05,right,4, 2, 2048, 8, 0, 512, 256, 64, 0, 64, 4, 4, 0, 2, 0, 2
392,21.2,51,9,2048,2048,2048,0, 0.03, 0, 0.97,down,4, 2, 2048, 8, 0, 512, 256, 64, 0, 0, 64, 8, 0, 0, 2, 4
386,20.88,54,9,2048,2048,2048,0.79, 0.14, 0.05, 0.02,right,2, 0, 2048, 8, 0, 0, 256, 64, 0, 2, 64, 8, 4, 512, 2, 4
387,22.35,57,11,2048,2048,2048,0.01, 0.95, 0.01, 0.02,left,2, 2, 2048, 8, 0, 0, 256, 64, 0, 2, 64, 8, 4, 512, 2, 4
382,20.81,44,12,2048,2048,2048,0.01, 0, 0.97, 0.02,up,4, 2048, 8, 0, 256, 64, 2, 0, 2, 64, 8, 0, 4, 512, 2, 4
387,21.19,50,11,2048,2048,2048,0.02, 0.02, 0.95, 0.01,up,4, 2048, 8, 4, 256, 128, 2, 0, 2, 512, 8, 2, 4, 0, 2, 0
386,21.22,57,10,2048,2048,2048,0.83, 0.06, 0.09, 0.03,right,4, 2048, 8, 4, 256, 128, 2, 2, 2, 512, 8, 2, 4, 0, 2, 0
386,18.07,50,7,2048,2048,2048,0, 0.06, 0.22, 0.73,down,4, 2048, 8, 4, 2, 256, 128, 4, 2, 512, 8, 2, 0, 0, 4, 2
395,18.84,51,8,2048,2048,2048,0.2, 0.66, 0.05, 0.09,left,0, 2, 8, 0, 0, 2048, 128, 0, 4, 256, 8, 8, 4, 512, 4, 4
393,15.12,42,7,2048,2048,2048,0.14, 0, 0.29, 0.57,down,2, 8, 0, 0, 2048, 128, 2, 0, 4, 256, 16, 0, 4, 512, 8, 0
404,15.18,47,7,2048,2048,2048,0.15, 0, 0.36, 0.49,down,2, 8, 0, 0, 2, 128, 2, 0, 2048, 256, 16, 0, 8, 512, 8, 0
404,15.65,49,9,2048,2048,2048,0.11, 0.34, 0.56, 0,up,0, 8, 0, 0, 4, 128, 2, 0, 2048, 256, 16, 0, 8, 512, 8, 2
403,15.55,46,11,2048,2048,2048,0.03, 0.89, 0, 0.09,left,4, 8, 2, 2, 2048, 128, 16, 0, 8, 256, 8, 0, 0, 512, 2, 0
403,14.07,47,9,2048,2048,2048,0.1, 0, 0.14, 0.76,down,4, 8, 4, 0, 2048, 128, 16, 0, 8, 256, 8, 2, 512, 2, 0, 0
407,15.08,44,9,2048,2048,2048,0.04, 0, 0.94, 0.01,up,4, 8, 0, 0, 2048, 128, 4, 0, 8, 256, 16, 2, 512, 2, 8, 2
404,14.65,50,10,2048,2048,2048,0.28, 0.09, 0.62, 0.01,up,4, 8, 4, 4, 2048, 128, 16, 0, 8, 256, 8, 2, 512, 2, 0, 0
406,14.31,50,9,2048,2048,2048,0.13, 0.79, 0.06, 0.01,left,4, 8, 4, 4, 2048, 128, 16, 2, 8, 256, 8, 0, 512, 2, 0, 2
407,14.06,45,10,2048,2048,2048,0.9, 0.05, 0.04, 0,right,4, 8, 8, 2, 2048, 128, 16, 2, 8, 256, 8, 0, 512, 4, 0, 0
407,13.08,37,12,2048,2048,2048,0, 0.08, 0.04, 0.88,down,2, 4, 16, 2, 2048, 128, 16, 2, 0, 8, 256, 8, 0, 0, 512, 4
410,15.44,43,12,2048,2048,2048,0, 0.95, 0.05, 0,left,0, 0, 0, 2, 0, 4, 32, 4, 2, 128, 256, 8, 2048, 8, 512, 4
403,13.17,49,8,2042.93,2048,2048,0.66, 0.05, 0.29, 0,right,2, 2, 0, 0, 4, 32, 4, 0, 2, 128, 256, 8, 2048, 8, 512, 4
410,12.42,50,8,2048,2048,2048,0.02, 0.03, 0.72, 0.23,up,2, 0, 0, 4, 0, 4, 32, 4, 2, 128, 256, 8, 2048, 8, 512, 4
412,11.52,45,7,2048,2048,2048,0.4, 0.25, 0.29, 0.06,right,4, 4, 32, 8, 2048, 128, 256, 8, 0, 8, 512, 4, 0, 2, 0, 0
415,11.77,40,7,2048,2048,2048,0.37, 0.21, 0.24, 0.18,right,0, 8, 32, 8, 2048, 128, 256, 8, 0, 8, 512, 4, 0, 2, 0, 2
414,11.38,39,8,2048,2048,2048,0.23, 0.03, 0.6, 0.14,up,0, 8, 32, 8, 2048, 128, 256, 8, 0, 8, 512, 4, 2, 0, 0, 4
415,12.95,42,11,2048,2048,2048,0.19, 0.54, 0.13, 0.14,left,2048, 8, 32, 16, 2, 128, 256, 8, 0, 8, 512, 0, 2, 0, 0, 0
411,14.58,39,13,2048,2048,2048,0.98, 0, 0, 0.02,right,2048, 8, 32, 16, 2, 128, 256, 8, 8, 512, 2, 0, 2, 0, 0, 0
406,14.48,38,10,2048,2048,2048,0.01, 0.01, 0.96, 0.01,up,2048, 8, 32, 16, 2, 128, 256, 8, 0, 8, 512, 2, 0, 0, 2, 2
406,15.07,41,9,2048,2048,2048,0.94, 0.01, 0.04, 0.01,right,2048, 8, 32, 16, 2, 128, 256, 8, 0, 8, 512, 4, 2, 0, 2, 0
404,16.37,89,9,2048,2048,2048,0.02, 0.01, 0.91, 0.06,up,2048, 8, 32, 16, 2, 128, 256, 8, 0, 8, 512, 4, 2, 0, 0, 4
400,16.85,36,8,2048,2048,2048,0, 0, 0.91, 0.09,up,2048, 8, 32, 16, 4, 128, 256, 8, 2, 8, 512, 8, 0, 0, 0, 0
399,17.39,52,8,2048,2048,2048,0.25, 0.42, 0.24, 0.09,left,2048, 8, 32, 16, 4, 128, 256, 16, 2, 8, 512, 0, 0, 2, 0, 0
397,16.16,49,8,2048,2048,2048,0.55, 0.02, 0.29, 0.14,right,2048, 8, 32, 16, 4, 128, 256, 16, 2, 8, 512, 0, 2, 0, 2, 0
401,16.41,45,8,2048,2048,2048,0.02, 0.03, 0.37, 0.59,down,2048, 8, 32, 16, 4, 128, 256, 16, 0, 2, 8, 512, 0, 2, 0, 4
400,15.06,40,7,2048,2048,2048,0.44, 0.51, 0.05, 0,left,0, 0, 2, 0, 0, 8, 32, 32, 2048, 128, 256, 512, 4, 4, 8, 4
404,14.89,44,7,2048,2048,2048,0.22, 0.35, 0.25, 0.18,left,2, 2, 0, 0, 8, 64, 0, 0, 2048, 128, 256, 512, 8, 8, 4, 0
405,14.15,55,7,2048,2048,2048,0.14, 0.41, 0.28, 0.18,left,4, 0, 0, 2, 8, 64, 0, 0, 2048, 128, 256, 512, 16, 4, 0, 0
407,14,36,11,2048,2048,2048,0.1, 0, 0.08, 0.82,down,4, 2, 0, 0, 8, 64, 0, 0, 2048, 128, 256, 512, 16, 4, 2, 0
408,12.13,37,12,2048,2048,2048,0.91, 0, 0.09, 0,right,4, 2, 0, 0, 8, 64, 0, 0, 2048, 128, 256, 2, 16, 4, 2, 512
413,12.88,88,9,2048,2048,2048,0.57, 0.21, 0.04, 0.18,right,2, 0, 4, 2, 0, 0, 8, 64, 2048, 128, 256, 2, 16, 4, 2, 512
411,11.84,31,10,2048,2048,2048,0.03, 0.86, 0.09, 0.02,left,2, 2, 4, 2, 0, 0, 8, 64, 2048, 128, 256, 2, 16, 4, 2, 512
414,11.48,41,8,2048,2048,2048,0.14, 0.66, 0.06, 0.14,left,4, 4, 2, 2, 8, 64, 0, 0, 2048, 128, 256, 2, 16, 4, 2, 512
415,11.19,99,8,2048,2048,2048,0.16, 0.12, 0.54, 0.18,up,8, 4, 0, 0, 8, 64, 0, 2, 2048, 128, 256, 2, 16, 4, 2, 512
416,9.87,39,13,2048,2048,2048,0.89, 0, 0, 0.11,right,16, 4, 256, 4, 2048, 64, 2, 512, 16, 128, 0, 0, 2, 4, 0, 0
420,8.78,34,12,2048,2048,2048,0.05, 0.94, 0, 0.01,left,16, 4, 256, 4, 2048, 64, 2, 512, 2, 0, 16, 128, 0, 0, 2, 4
423,9.14,59,13,2033.51,2048,2048,0.02, 0, 0.01, 0.97,down,16, 4, 256, 4, 2048, 64, 2, 512, 2, 16, 128, 2, 2, 4, 0, 0
422,20.86,120,19,2048,2048,2048,0.03, 0.95, 0.01, 0,left,0, 4, 2, 0, 16, 64, 256, 4, 2048, 16, 2, 512, 4, 4, 128, 2
387,9.59,99,8,2048,2048,2048,0.04, 0.39, 0.07, 0.5,down,4, 2, 0, 2, 16, 64, 256, 4, 2048, 16, 2, 512, 8, 128, 2, 0
421,10.55,83,10,2048,2048,2048,0.14, 0.28, 0.05, 0.53,down,4, 2, 0, 2, 16, 64, 0, 2, 2048, 16, 256, 4, 8, 128, 4, 512
418,9.33,34,9,2048,2048,2048,0.83, 0.09, 0.05, 0.04,right,4, 2, 2, 0, 16, 64, 0, 4, 2048, 16, 256, 4, 8, 128, 4, 512
422,21.3,104,18,2048,2048,2048,0.91, 0.01, 0.03, 0.05,right,0, 2, 4, 4, 0, 16, 64, 4, 2048, 16, 256, 4, 8, 128, 4, 512
386,9.59,64,6,2048,2048,2048,0.23, 0.02, 0.32, 0.43,down,0, 2, 2, 8, 0, 16, 64, 4, 2048, 16, 256, 4, 8, 128, 4, 512
421,9.78,67,9,2048,2048,2048,0.11, 0.04, 0.6, 0.24,up,0, 0, 2, 0, 2, 2, 64, 8, 2048, 32, 256, 8, 8, 128, 4, 512
420,10.08,91,8,2048,2048,2048,0.36, 0.07, 0, 0.57,down,2, 2, 2, 16, 2048, 32, 64, 512, 8, 128, 256, 0, 0, 2, 4, 0
419,17.14,110,18,2038.25,2048,2048,0.05, 0.02, 0.88, 0.04,up,2, 2, 2, 0, 2, 32, 64, 0, 2048, 128, 256, 16, 8, 2, 4, 512
398,8.07,91,8,2048,2048,2048,0.74, 0.22, 0, 0.04,right,4, 2, 2, 16, 2048, 32, 64, 512, 8, 128, 256, 2, 0, 2, 4, 0
425,7.98,79,7,2048,2048,2048,0.13, 0.67, 0.04, 0.16,left,0, 4, 4, 16, 2048, 32, 64, 512, 8, 128, 256, 2, 0, 2, 2, 4
426,7.65,58,7,2048,2048,2048,0.08, 0.31, 0.43, 0.18,up,8, 16, 0, 0, 2048, 32, 64, 512, 8, 128, 256, 2, 4, 4, 0, 2
427,7.4,121,9,2043.21,2048,2048,0.45, 0.52, 0, 0.03,left,8, 16, 64, 512, 2048, 32, 256, 4, 8, 128, 2, 0, 4, 4, 0, 0
427,6.76,43,7,2048,2048,2048,0.25, 0, 0.42, 0.33,up,8, 16, 64, 512, 2048, 32, 256, 4, 8, 128, 2, 0, 8, 2, 0, 0
429,6.3,65,7,2028.95,2048,2048,0.41, 0.45, 0, 0.14,left,8, 16, 64, 512, 2048, 32, 256, 4, 16, 128, 2, 2, 0, 2, 0, 0
431,25.76,107,18,2048,2048,2048,0.06, 0.06, 0, 0.88,down,8, 16, 64, 512, 2048, 32, 256, 4, 16, 128, 4, 0, 2, 0, 2, 0
372,17.07,115,16,2020.55,2048,2048,0, 0.95, 0.03, 0.02,left,8, 0, 64, 2, 2048, 16, 256, 0, 16, 32, 4, 512, 2, 128, 2, 4
398,13.85,114,15,2027.47,2048,2048,0, 0, 1, 0,up,8, 64, 2, 0, 2048, 16, 256, 2, 16, 32, 4, 512, 2, 128, 2, 4
408,32,98,19,2042.99,2048,2048,0.98, 0.02, 0, 0,right,8, 64, 2, 2, 2048, 16, 256, 512, 16, 32, 4, 4, 2, 128, 2, 2
354,22.5,119,15,2042.23,2048,2048,0.12, 0.01, 0.72, 0.15,up,0, 8, 64, 4, 2048, 16, 256, 512, 0, 16, 32, 8, 2, 2, 128, 4
382,31.72,115,17,2048,2048,2048,0.04, 0.94, 0.01, 0.01,left,2048, 8, 64, 4, 2, 32, 256, 512, 0, 2, 32, 8, 2, 0, 128, 4
354,37.45,103,14,2048,2048,2048,0.01, 0, 0.99, 0,up,2048, 8, 64, 4, 2, 32, 256, 512, 2, 32, 8, 0, 2, 128, 4, 2
337,37.32,106,15,2048,2048,2048,0.96, 0.03, 0, 0.01,right,2048, 8, 64, 4, 4, 64, 256, 512, 2, 128, 8, 2, 0, 2, 4, 0
338,38.9,120,14,2048,2048,2048,0, 0.99, 0.01, 0,left,2048, 8, 64, 4, 4, 64, 256, 512, 2, 128, 8, 2, 2, 0, 2, 4
333,31.75,116,12,2048,2048,2048,0.97, 0.01, 0, 0.02,right,2048, 8, 64, 4, 4, 64, 256, 512, 2, 128, 8, 2, 4, 4, 2, 0
354,38.18,142,13,2048,2048,2048,0, 0, 0.99, 0.01,up,2048, 8, 64, 4, 4, 64, 256, 512, 2, 128, 8, 2, 2, 0, 8, 2
335,35.4,110,14,2048,2048,2048,0.03, 0.91, 0.05, 0.01,left,2048, 8, 64, 4, 4, 64, 256, 512, 4, 128, 16, 4, 0, 0, 2, 0
343,38.83,101,15,2048,2048,2048,0.02, 0, 0.01, 0.97,down,2048, 8, 64, 4, 4, 64, 256, 512, 4, 128, 16, 4, 2, 2, 0, 0
333,37.94,140,12,2048,2048,2048,0, 0.99, 0, 0,left,0, 8, 2, 0, 2048, 64, 64, 4, 8, 128, 256, 512, 2, 2, 16, 4
336,37.66,103,9,2048,2048,2048,0, 0, 0.07, 0.93,down,8, 2, 0, 0, 2048, 128, 4, 0, 8, 128, 256, 512, 4, 16, 4, 2
337,37.83,105,9,2048,2048,2048,0.02, 0.97, 0, 0,left,8, 0, 2, 0, 2048, 2, 4, 0, 8, 256, 256, 512, 4, 16, 4, 2
336,40.24,98,9,2048,2048,2048,0.01, 0.03, 0.89, 0.06,up,8, 2, 0, 0, 2048, 2, 4, 2, 8, 512, 512, 0, 4, 16, 4, 2
329,39.02,98,8,2048,2048,2048,0.15, 0.84, 0, 0.01,left,8, 4, 4, 4, 2048, 512, 512, 0, 8, 16, 4, 0, 4, 2, 0, 0
332,38.33,102,7,2048,2048,2048,0.18, 0.16, 0.29, 0.37,down,8, 8, 4, 0, 2048, 1024, 0, 0, 8, 16, 4, 2, 4, 2, 0, 0
335,39.59,115,8,2048,2048,2048,0.83, 0.08, 0.04, 0.06,right,8, 8, 2, 0, 2048, 1024, 0, 0, 8, 16, 0, 0, 4, 2, 8, 2
331,38.45,113,6,2048,2048,2048,0.27, 0.02, 0.47, 0.24,up,2, 0, 16, 2, 0, 0, 2048, 1024, 0, 0, 8, 16, 4, 2, 8, 2
334,38.75,101,7,2048,2048,2048,0.4, 0.43, 0.07, 0.1,left,2, 2, 16, 2, 4, 0, 2048, 1024, 0, 2, 16, 16, 0, 0, 0, 2
333,38.69,101,7,2048,2048,2048,0.18, 0, 0.45, 0.37,up,4, 16, 2, 0, 4, 2048, 1024, 2, 2, 32, 0, 0, 2, 0, 0, 0
333,38.65,102,10,2048,2048,2048,0.78, 0.06, 0, 0.15,right,8, 16, 2, 2, 4, 2048, 1024, 0, 0, 32, 2, 0, 0, 0, 0, 0
334,38.2,100,11,2048,2048,2048,0, 0.88, 0, 0.12,left,2, 8, 16, 4, 0, 4, 2048, 1024, 0, 0, 32, 2, 0, 0, 0, 0
335,36.76,93,9,2048,2048,2048,0.07, 0.08, 0.06, 0.79,down,2, 8, 16, 4, 4, 2048, 1024, 0, 32, 2, 0, 0, 0, 0, 2, 0
339,38.67,110,10,2048,2048,2048,0.94, 0.03, 0.03, 0,right,0, 0, 0, 0, 2, 8, 16, 0, 4, 2048, 1024, 2, 32, 2, 2, 4
333,37.15,102,11,2048,2048,2048,0.03, 0.94, 0.01, 0.02,left,0, 0, 0, 2, 0, 2, 8, 16, 4, 2048, 1024, 2, 0, 32, 4, 4
338,38.36,116,9,2048,2048,2048,0.01, 0, 0.88, 0.11,up,2, 0, 0, 0, 2, 8, 16, 2, 4, 2048, 1024, 2, 32, 8, 0, 0
334,37.86,97,8,2048,2048,2048,0.05, 0, 0.82, 0.13,up,4, 8, 16, 4, 4, 2048, 1024, 0, 32, 8, 0, 0, 2, 0, 0, 0
336,39.91,100,8,2048,2048,2048,0.2, 0.67, 0.08, 0.04,left,8, 8, 16, 4, 32, 2048, 1024, 0, 2, 8, 0, 0, 2, 0, 0, 0
330,39.18,96,7,2048,2048,2048,0.21, 0.4, 0.12, 0.27,left,16, 16, 4, 0, 32, 2048, 1024, 0, 2, 8, 0, 0, 2, 0, 0, 2
332,37.95,86,7,2048,2048,2048,0.61, 0, 0.16, 0.23,right,32, 4, 2, 0, 32, 2048, 1024, 0, 2, 8, 0, 0, 4, 0, 0, 0
336,37.13,99,7,2048,2048,2048,0.21, 0.62, 0.09, 0.08,left,0, 32, 4, 2, 0, 32, 2048, 1024, 2, 0, 2, 8, 0, 0, 0, 4
338,37.13,113,7,2048,2048,2048,0.05, 0.05, 0.32, 0.58,down,32, 4, 2, 0, 32, 2048, 1024, 0, 4, 8, 0, 0, 4, 0, 0, 2
338,35.19,98,7,2048,2048,2048,0.18, 0.36, 0.05, 0.4,down,0, 0, 0, 0, 0, 4, 0, 2, 64, 2048, 2, 0, 8, 8, 1024, 2
344,34.94,103,8,2048,2048,2048,0.53, 0.42, 0.05, 0,right,0, 0, 0, 0, 2, 4, 0, 0, 64, 2048, 2, 0, 8, 8, 1024, 4
345,33.78,102,8,2048,2048,2048,0.07, 0.58, 0.13, 0.22,left,0, 0, 2, 0, 0, 0, 2, 4, 0, 64, 2048, 2, 0, 16, 1024, 4
348,34.22,84,7,2048,2048,2048,0.07, 0.26, 0.52, 0.15,up,2, 0, 0, 0, 2, 4, 0, 2, 64, 2048, 2, 0, 16, 1024, 4, 0
347,32.57,81,8,2048,2048,2048,0.27, 0.46, 0.08, 0.2,left,4, 4, 2, 2, 64, 2048, 4, 0, 16, 1024, 0, 0, 0, 0, 0, 2
352,31.03,95,7,2048,2048,2048,0.08, 0, 0.78, 0.14,up,8, 4, 0, 0, 64, 2048, 4, 2, 16, 1024, 0, 0, 2, 0, 0, 0
356,32.66,80,7,2048,2048,2048,0.34, 0.59, 0, 0.07,left,8, 4, 4, 2, 64, 2048, 2, 0, 16, 1024, 0, 0, 2, 0, 0, 0
352,31.5,88,8,2048,2048,2048,0.58, 0.18, 0.19, 0.06,right,8, 8, 2, 0, 64, 2048, 2, 0, 16, 1024, 0, 2, 2, 0, 0, 0
355,28.73,81,6,2048,2048,2048,0, 0.1, 0.27, 0.63,down,0, 2, 16, 2, 0, 64, 2048, 2, 0, 16, 1024, 2, 0, 0, 0, 2
363,28.11,77,6,2048,2048,2048,0, 0.35, 0.38, 0.27,up,0, 0, 0, 0, 0, 2, 16, 2, 0, 64, 2048, 4, 0, 16, 1024, 4
365,28.19,92,6,2048,2048,2048,0.22, 0.2, 0.18, 0.39,down,0, 2, 16, 2, 0, 64, 2048, 8, 0, 16, 1024, 0, 0, 0, 0, 2
365,29.5,78,9,2048,2048,2048,0, 0.07, 0.1, 0.82,down,0, 0, 0, 0, 0, 2, 16, 2, 2, 64, 2048, 8, 0, 16, 1024, 2
361,27.61,111,8,2048,2048,2048,0.09, 0.08, 0.11, 0.71,down,0, 2, 0, 0, 0, 2, 16, 2, 0, 64, 2048, 8, 2, 16, 1024, 2
367,26.16,71,9,2048,2048,2048,0, 0.74, 0.19, 0.08,left,0, 0, 0, 0, 2, 4, 16, 2, 0, 64, 2048, 8, 2, 16, 1024, 2
371,23.68,87,8,2048,2048,2048,0.07, 0, 0.66, 0.27,up,2, 0, 0, 0, 2, 4, 16, 2, 64, 2048, 8, 0, 2, 16, 1024, 2
378,24.45,88,9,2048,2048,2048,0.07, 0.15, 0.73, 0.04,up,4, 4, 16, 4, 64, 2048, 8, 0, 2, 16, 1024, 0, 0, 0, 0, 2
376,26.61,81,8,2048,2048,2048,0.15, 0.05, 0.37, 0.43,down,4, 4, 16, 4, 64, 2048, 8, 2, 2, 16, 1024, 2, 0, 0, 0, 0
370,25.95,79,7,2048,2048,2048,0.53, 0.03, 0.07, 0.37,right,2, 0, 0, 0, 4, 4, 16, 0, 64, 2048, 8, 4, 2, 16, 1024, 4
372,25.12,83,6,2048,2048,2048,0.25, 0.03, 0.31, 0.4,down,0, 0, 2, 2, 0, 0, 8, 16, 64, 2048, 8, 4, 2, 16, 1024, 4
374,25.35,78,7,2048,2048,2048,0.23, 0.25, 0.22, 0.31,down,0, 0, 0, 2, 0, 0, 2, 2, 64, 2048, 16, 16, 2, 16, 1024, 8
373,23.93,92,7,2048,2048,2048,0.38, 0.21, 0.41, 0,up,0, 0, 0, 2, 0, 0, 2, 4, 64, 2048, 16, 16, 2, 16, 1024, 8
378,26.23,82,10,2048,2048,2048,0.55, 0.24, 0, 0.21,right,64, 2048, 2, 2, 2, 16, 16, 4, 0, 2, 1024, 16, 0, 0, 0, 8
371,26.39,84,10,2048,2048,2048,0.04, 0.03, 0.2, 0.73,down,0, 64, 2048, 4, 0, 2, 32, 4, 0, 2, 1024, 16, 0, 2, 0, 8
370,22.61,94,8,2048,2048,2048,0.23, 0.14, 0.44, 0.2,up,2, 0, 0, 0, 0, 64, 2048, 8, 0, 2, 32, 16, 0, 4, 1024, 8
382,28.14,73,10,2048,2048,2048,0.12, 0.69, 0.09, 0.1,left,2, 64, 2048, 8, 0, 2, 32, 16, 0, 4, 1024, 8, 2, 0, 0, 0
365,30.77,83,10,2048,2048,2048,0.02, 0.04, 0.9, 0.04,up,2, 64, 2048, 8, 2, 32, 16, 0, 4, 1024, 8, 0, 2, 0, 2, 0
357,34.3,96,11,2048,2048,2048,0.04, 0.01, 0.06, 0.89,down,4, 64, 2048, 8, 4, 32, 16, 0, 2, 1024, 8, 0, 0, 2, 2, 0
347,35.62,89,10,2048,2048,2048,0.01, 0.97, 0.01, 0.01,left,0, 64, 2048, 0, 0, 32, 16, 2, 8, 1024, 8, 0, 2, 2, 2, 8
343,36.27,74,8,2048,2048,2048,0.01, 0, 0.98, 0.01,up,64, 2048, 2, 0, 32, 16, 2, 0, 8, 1024, 8, 0, 4, 2, 8, 0
341,36.96,80,9,2048,2048,2048,0.03, 0.91, 0.04, 0.01,left,64, 2048, 4, 0, 32, 16, 16, 2, 8, 1024, 0, 0, 4, 2, 0, 0
339,36.97,77,8,2048,2048,2048,0.05, 0.1, 0, 0.85,down,64, 2048, 4, 2, 32, 32, 2, 0, 8, 1024, 0, 0, 4, 2, 0, 0
339,37.18,103,8,2048,2048,2048,0.03, 0.37, 0.56, 0.04,up,64, 2048, 0, 0, 32, 32, 0, 0, 8, 1024, 4, 2, 4, 2, 2, 2
338,33.75,109,10,2048,2048,2048,0.07, 0.19, 0.65, 0.09,up,64, 2048, 4, 4, 32, 32, 2, 0, 8, 1024, 2, 0, 4, 2, 0, 0
348,35.33,75,8,2048,2048,2048,0.79, 0.11, 0.08, 0.03,right,64, 2048, 4, 4, 32, 32, 4, 0, 8, 1024, 0, 2, 4, 2, 0, 0
344,33.36,79,11,2048,2048,2048,0.03, 0.11, 0.79, 0.07,up,0, 64, 2048, 8, 0, 0, 64, 4, 0, 8, 1024, 2, 2, 0, 4, 2
349,31.1,84,8,2048,2048,2048,0.17, 0.24, 0.11, 0.49,down,2, 64, 2048, 8, 0, 8, 64, 4, 0, 0, 1024, 4, 2, 0, 4, 0
356,30.48,84,8,2048,2048,2048,0.51, 0.03, 0.29, 0.16,right,0, 0, 2048, 0, 0, 2, 64, 0, 0, 64, 1024, 8, 4, 8, 4, 8
358,23.64,95,7,2048,2048,2048,0.18, 0.07, 0.11, 0.63,down,0, 0, 0, 2048, 2, 0, 2, 64, 0, 64, 1024, 8, 4, 8, 4, 8
379,23.07,67,7,2048,2048,2048,0.34, 0.11, 0.1, 0.45,down,0, 0, 2, 0, 0, 0, 2, 2048, 2, 64, 1024, 64, 4, 8, 4, 16
380,23.57,107,10,2048,2048,2048,0, 0.78, 0.22, 0,left,0, 0, 0, 0, 0, 2, 4, 2048, 2, 64, 1024, 64, 4, 8, 4, 16
379,20.52,62,8,2048,2048,2048,0.04, 0.12, 0.2, 0.64,down,0, 0, 2, 0, 2, 4, 2048, 0, 2, 64, 1024, 64, 4, 8, 4, 16
388,18.07,53,7,2048,2048,2048,0.42, 0.21, 0.07, 0.31,right,0, 0, 2, 0, 2, 4, 2048, 0, 4, 64, 1024, 64, 4, 8, 4, 16
395,18.46,54,8,2048,2048,2048,0.11, 0.08, 0.01, 0.79,down,0, 0, 2, 2, 0, 2, 4, 2048, 4, 64, 1024, 64, 4, 8, 4, 16
394,18.25,95,8,2048,2048,2048,0.75, 0.12, 0.06, 0.07,right,2, 0, 2, 2, 0, 2, 4, 2048, 0, 64, 1024, 64, 8, 8, 4, 16
395,18.45,55,10,2048,2048,2048,0.13, 0.66, 0.11, 0.09,left,0, 2, 2, 4, 0, 2, 4, 2048, 0, 64, 1024, 64, 0, 16, 4, 16
394,23.63,61,10,2048,2048,2048,0.05, 0.02, 0.91, 0.02,up,4, 4, 0, 0, 2, 4, 2048, 0, 64, 1024, 64, 0, 16, 4, 16, 2
379,19.67,57,11,2048,2048,2048,0.03, 0.13, 0.75, 0.09,up,4, 8, 2048, 2, 2, 1024, 64, 0, 64, 4, 16, 0, 16, 0, 0, 2
391,21.16,57,11,2048,2048,2048,0.99, 0, 0, 0.01,right,4, 8, 2048, 4, 2, 1024, 64, 2, 64, 4, 16, 0, 16, 0, 0, 0
386,18.3,74,10,2048,2048,2048,0, 0.03, 0.94, 0.03,up,4, 8, 2048, 4, 2, 1024, 64, 2, 0, 64, 4, 16, 0, 0, 2, 16
395,21.13,102,14,2048,2048,2048,0.03, 0.01, 0.91, 0.05,up,4, 8, 2048, 4, 2, 1024, 64, 2, 2, 64, 4, 32, 0, 0, 2, 0
386,21.88,62,10,2048,2048,2048,0.01, 0.01, 0.01, 0.96,down,4, 8, 2048, 4, 4, 1024, 64, 2, 0, 64, 4, 32, 0, 2, 2, 0
384,21.4,54,9,2048,2048,2048,0.51, 0.06, 0.01, 0.42,right,0, 8, 2048, 0, 2, 1024, 64, 4, 0, 64, 4, 2, 8, 2, 2, 32
385,24.74,88,11,2048,2048,2048,0.03, 0.02, 0.32, 0.63,down,2, 0, 8, 2048, 2, 1024, 64, 4, 0, 64, 4, 2, 0, 8, 4, 32
375,22.44,77,9,2048,2048,2048,0.24, 0.61, 0.15, 0,left,0, 0, 2, 2048, 0, 1024, 8, 4, 0, 64, 64, 2, 4, 8, 8, 32
382,24.61,74,11,2048,2048,2048,0.03, 0, 0.9, 0.07,up,2, 2048, 2, 0, 1024, 8, 4, 0, 128, 2, 0, 0, 4, 16, 32, 0
376,22.2,88,15,2048,2048,2048,1, 0, 0, 0,right,2, 2048, 2, 0, 1024, 8, 4, 0, 128, 2, 32, 0, 4, 16, 2, 0
383,24.99,71,11,2048,2048,2048,0, 0.98, 0.01, 0.01,left,0, 2, 2048, 2, 0, 1024, 8, 4, 2, 128, 2, 32, 0, 4, 16, 2
375,23.3,75,11,2048,2048,2048,0.03, 0.03, 0.92, 0.02,up,2, 2048, 2, 0, 1024, 8, 4, 0, 2, 128, 2, 32, 4, 16, 2, 2
380,26.02,86,11,2048,2048,2048,0.94, 0, 0.04, 0.02,right,2, 2048, 2, 32, 1024, 8, 4, 2, 2, 128, 4, 2, 4, 16, 0, 0
371,24.28,97,10,2048,2048,2048,0, 0.03, 0.1, 0.88,down,2, 2048, 2, 32, 1024, 8, 4, 2, 2, 128, 4, 2, 0, 2, 4, 16
377,23.1,76,12,2048,2048,2048,0.02, 0.03, 0.89, 0.06,up,0, 2048, 2, 0, 2, 8, 2, 32, 1024, 128, 4, 4, 2, 2, 8, 16
380,24.03,59,9,2048,2048,2048,0.43, 0.51, 0.04, 0.02,left,2, 2048, 4, 32, 1024, 8, 4, 4, 2, 128, 8, 16, 2, 2, 0, 0
377,24.41,72,9,2048,2048,2048,0.06, 0.01, 0.9, 0.03,up,2, 2048, 4, 32, 1024, 8, 8, 0, 2, 128, 8, 16, 4, 2, 0, 0
376,24.47,80,8,2048,2048,2048,0.81, 0.18, 0, 0.01,right,2, 2048, 4, 32, 1024, 8, 16, 16, 2, 128, 0, 0, 4, 2, 0, 2
376,24.37,70,7,2048,2048,2048,0.82, 0.03, 0.07, 0.08,right,2, 2048, 4, 32, 0, 1024, 8, 32, 0, 0, 2, 128, 2, 0, 4, 4
376,23.1,77,7,2048,2048,2048,0, 0.21, 0.2, 0.59,down,2, 2048, 4, 32, 2, 1024, 8, 32, 0, 0, 2, 128, 0, 0, 2, 8
380,22.13,63,6,2048,2048,2048,0.15, 0.25, 0.26, 0.34,down,2, 0, 0, 0, 0, 0, 4, 64, 0, 2048, 8, 128, 4, 1024, 4, 8
383,21.57,65,7,2048,2048,2048,0.05, 0.06, 0.51, 0.38,up,0, 2, 0, 0, 0, 0, 4, 64, 2, 2048, 8, 128, 4, 1024, 4, 8
385,23.01,68,8,2048,2048,2048,0.3, 0.6, 0.06, 0.04,left,2, 2, 4, 64, 4, 2048, 8, 128, 0, 1024, 4, 8, 2, 0, 0, 0
380,23.59,97,7,2048,2048,2048,0.53, 0.32, 0.07, 0.08,right,4, 4, 64, 0, 4, 2048, 8, 128, 1024, 4, 8, 0, 2, 0, 2, 0
379,22.41,59,8,2048,2048,2048,0.03, 0.04, 0.07, 0.86,down,2, 0, 8, 64, 4, 2048, 8, 128, 0, 1024, 4, 8, 0, 0, 0, 4
382,22.54,60,7,2048,2048,2048,0.25, 0.48, 0.08, 0.19,left,0, 0, 0, 64, 2, 0, 0, 128, 2, 2048, 16, 8, 4, 1024, 4, 4
382,22.43,67,7,2048,2048,2048,0.09, 0, 0.28, 0.63,down,64, 0, 0, 0, 2, 128, 2, 0, 2, 2048, 16, 8, 4, 1024, 8, 0
382,22.12,58,7,2048,2048,2048,0.37, 0.35, 0.08, 0.2,right,0, 0, 2, 0, 64, 128, 2, 0, 4, 2048, 16, 0, 4, 1024, 8, 8
383,21.52,73,7,2048,2048,2048,0, 0.04, 0.46, 0.5,down,0, 0, 0, 2, 0, 64, 128, 2, 2, 4, 2048, 16, 0, 4, 1024, 16
385,20.15,74,6,2048,2048,2048,0.24, 0.11, 0.29, 0.36,down,0, 2, 0, 0, 0, 0, 128, 0, 0, 64, 2048, 4, 2, 8, 1024, 32
389,19.51,62,6,2048,2048,2048,0.26, 0.28, 0.47, 0,up,0, 0, 2, 0, 0, 2, 128, 0, 0, 64, 2048, 4, 2, 8, 1024, 32
391,19.99,81,6,2048,2048,2048,0.43, 0.07, 0.3, 0.21,right,2, 2, 2, 4, 0, 64, 128, 32, 0, 8, 2048, 0, 2, 0, 1024, 0
390,18.44,79,7,2048,2048,2048,0.22, 0.17, 0.2, 0.4,down,0, 2, 4, 4, 0, 64, 128, 32, 0, 0, 8, 2048, 2, 0, 2, 1024
394,18.54,71,9,2048,2048,2048,0.24, 0.08, 0.51, 0.17,up,0, 0, 4, 4, 0, 0, 128, 32, 2, 2, 8, 2048, 2, 64, 2, 1024
394,18.98,79,13,2048,2048,2048,0.05, 0.03, 0.03, 0.89,down,4, 2, 4, 4, 0, 64, 128, 32, 2, 0, 8, 2048, 0, 0, 2, 1024
393,17.4,85,8,2048,2048,2048,0.13, 0.02, 0.52, 0.32,up,0, 0, 4, 4, 0, 2, 128, 32, 4, 2, 8, 2048, 2, 64, 2, 1024
397,19.23,74,8,2048,2048,2048,0.71, 0.14, 0.12, 0.04,right,4, 4, 4, 4, 2, 64, 128, 32, 0, 0, 8, 2048, 2, 0, 2, 1024
392,19.73,71,9,2048,2048,2048,0.07, 0.81, 0.05, 0.07,left,0, 0, 8, 8, 2, 64, 128, 32, 2, 0, 8, 2048, 0, 0, 4, 1024
390,20.58,72,8,2048,2048,2048,0.01, 0, 0.36, 0.62,down,16, 0, 0, 0, 2, 64, 128, 32, 2, 8, 2048, 2, 4, 1024, 0, 0
388,25.4,67,12,2048,2048,2048,0.22, 0, 0.74, 0.04,up,2, 0, 0, 0, 16, 64, 0, 0, 4, 8, 128, 32, 4, 1024, 2048, 2
373,20.96,82,11,2048,2048,2048,0.22, 0.74, 0, 0.04,left,2, 64, 128, 32, 16, 8, 2048, 2, 8, 1024, 0, 0, 0, 2, 0, 0
387,17.98,66,7,2048,2048,2048,0.59, 0.08, 0.04, 0.29,right,2, 64, 128, 32, 16, 8, 2048, 2, 8, 1024, 0, 2, 2, 0, 0, 0
396,16.53,68,7,2048,2048,2048,0.39, 0.02, 0.51, 0.09,up,2, 64, 128, 32, 16, 8, 2048, 2, 0, 8, 1024, 2, 0, 2, 0, 2
400,21.43,69,13,2048,2048,2048,0.63, 0.1, 0.17, 0.1,right,2, 64, 128, 32, 16, 16, 2048, 4, 0, 2, 1024, 2, 2, 0, 0, 0
385,16.83,60,7,2048,2048,2048,0.06, 0.07, 0.28, 0.59,down,2, 64, 128, 32, 0, 32, 2048, 4, 0, 2, 1024, 2, 0, 0, 2, 2
399,16.23,69,7,2048,2048,2048,0.31, 0.04, 0.28, 0.37,down,0, 2, 128, 0, 0, 64, 2048, 32, 0, 32, 1024, 4, 2, 2, 2, 4
401,17.48,73,10,2048,2048,2048,0.5, 0.11, 0.14, 0.25,right,0, 2, 128, 2, 0, 64, 2048, 0, 0, 32, 1024, 32, 2, 2, 2, 8
397,14.44,55,10,2048,2048,2048,0, 0.14, 0.49, 0.37,up,0, 2, 128, 2, 0, 2, 64, 2048, 0, 32, 1024, 32, 0, 2, 4, 8
406,22.16,89,13,2048,2048,2048,0, 0.09, 0.1, 0.81,down,0, 4, 128, 2, 2, 32, 64, 2048, 0, 2, 1024, 32, 0, 0, 4, 8
383,14.22,69,7,2048,2048,2048,0.61, 0.23, 0.13, 0.03,right,0, 0, 128, 2, 2, 4, 64, 2048, 0, 32, 1024, 32, 2, 2, 4, 8
407,24.98,76,13,2048,2048,2048,0.03, 0.92, 0.02, 0.02,left,0, 0, 128, 2, 2, 4, 64, 2048, 2, 32, 1024, 32, 0, 4, 4, 8
375,19.18,64,12,2048,2048,2048,0.06, 0.19, 0.73, 0.03,up,128, 2, 0, 0, 2, 4, 64, 2048, 2, 32, 1024, 32, 8, 8, 2, 0
392,23.98,66,10,2048,2048,2048,0.06, 0.91, 0.02, 0.01,left,128, 2, 64, 2048, 4, 4, 1024, 32, 8, 32, 2, 0, 0, 8, 0, 2
378,31.37,78,11,2048,2048,2048,0.02, 0, 0.04, 0.94,down,128, 2, 64, 2048, 8, 1024, 32, 2, 8, 32, 2, 0, 8, 2, 0, 0
355,23.53,63,11,2048,2048,2048,0.03, 0.08, 0.03, 0.86,down,0, 2, 0, 2, 128, 1024, 64, 0, 8, 32, 32, 2048, 16, 2, 2, 2
379,24.61,82,11,2048,2048,2048,0.92, 0.05, 0.03, 0,right,2, 2, 0, 0, 128, 1024, 64, 2, 8, 32, 32, 2048, 16, 2, 2, 2
376,25.29,80,12,2048,2048,2048,0.02, 0.01, 0.9, 0.06,up,2, 0, 0, 4, 128, 1024, 64, 2, 0, 8, 64, 2048, 0, 16, 2, 4
374,24.58,70,10,2048,2048,2048,0.81, 0.04, 0.03, 0.13,right,2, 1024, 128, 4, 128, 8, 2, 2, 0, 16, 0, 2048, 0, 0, 2, 4
376,24.97,72,10,2048,2048,2048,0, 0.01, 0.11, 0.87,down,2, 1024, 128, 4, 0, 128, 8, 4, 0, 2, 16, 2048, 0, 0, 2, 4
375,26.33,80,10,2048,2048,2048,0.09, 0.23, 0.05, 0.63,down,2, 0, 128, 0, 0, 1024, 8, 8, 0, 128, 16, 2048, 2, 2, 2, 4
371,26.19,68,10,2048,2048,2048,0.11, 0.87, 0.02, 0,left,0, 0, 128, 0, 0, 1024, 8, 8, 2, 128, 16, 2048, 4, 2, 2, 4
371,28.79,71,10,2048,2048,2048,0.04, 0.02, 0.87, 0.07,up,128, 0, 0, 0, 1024, 16, 0, 2, 2, 128, 16, 2048, 4, 4, 4, 0
363,28.74,89,8,2048,2048,2048,0.06, 0.38, 0.54, 0.02,up,128, 16, 16, 2, 1024, 128, 4, 2048, 2, 4, 0, 0, 4, 0, 0, 2
363,28.13,84,8,2048,2048,2048,0.8, 0.04, 0.07, 0.09,right,128, 16, 16, 2, 1024, 128, 4, 2048, 2, 4, 0, 2, 4, 0, 0, 2
365,28.91,72,7,2048,2048,2048,0.07, 0.02, 0.73, 0.18,up,0, 128, 32, 2, 1024, 128, 4, 2048, 0, 2, 4, 2, 2, 0, 4, 2
363,28.65,77,6,2048,2048,2048,0.18, 0.37, 0.39, 0.06,up,1024, 256, 32, 2, 2, 2, 8, 2048, 0, 2, 4, 4, 0, 0, 0, 0
364,27.65,73,6,2048,2048,2048,0.06, 0.06, 0.44, 0.44,down,1024, 256, 32, 2, 2, 4, 8, 2048, 2, 0, 4, 4, 0, 0, 0, 0
367,26.87,86,8,2048,2048,2048,0.24, 0.64, 0.04, 0.08,left,2, 0, 0, 0, 0, 0, 32, 2, 1024, 256, 8, 2048, 4, 4, 4, 4
369,25.44,72,6,2048,2048,2048,0.37, 0.27, 0.07, 0.3,right,2, 0, 0, 2, 32, 2, 0, 0, 1024, 256, 8, 2048, 8, 8, 0, 0
373,24.99,65,7,2048,2048,2048,0.23, 0.12, 0.11, 0.54,down,0, 0, 0, 4, 2, 0, 32, 2, 1024, 256, 8, 2048, 0, 0, 0, 16
375,24.54,73,6,2048,2048,2048,0.31, 0.19, 0.18, 0.32,down,0, 0, 0, 4, 0, 2, 0, 2, 2, 0, 32, 2048, 1024, 256, 8, 16
376,23,65,7,2048,2048,2048,0.11, 0.46, 0.09, 0.35,left,2, 0, 0, 4, 0, 0, 0, 2, 2, 2, 32, 2048, 1024, 256, 8, 16
381,21.91,60,6,2048,2048,2048,0.32, 0, 0.21, 0.46,down,2, 4, 0, 0, 2, 0, 0, 0, 4, 32, 2048, 2, 1024, 256, 8, 16
384,24.99,56,10,2048,2048,2048,0.06, 0.03, 0.06, 0.85,down,0, 0, 0, 0, 4, 4, 0, 2, 4, 32, 2048, 2, 1024, 256, 8, 16
375,27.43,80,9,2048,2048,2048,0.94, 0.02, 0.02, 0.02,right,2, 0, 0, 0, 0, 4, 0, 0, 8, 32, 2048, 4, 1024, 256, 8, 16
367,22.13,75,8,2048,2048,2048,0, 0.05, 0.09, 0.86,down,0, 0, 0, 2, 0, 0, 2, 4, 8, 32, 2048, 4, 1024, 256, 8, 16
383,23.04,64,7,2048,2048,2048,0.22, 0.52, 0.02, 0.24,left,0, 2, 0, 0, 0, 0, 2, 2, 8, 32, 2048, 8, 1024, 256, 8, 16
380,23.43,57,8,2048,2048,2048,0.22, 0.12, 0.03, 0.63,down,2, 0, 0, 2, 4, 0, 0, 0, 8, 32, 2048, 8, 1024, 256, 8, 16
379,25.84,75,9,2048,2048,2048,0.02, 0.01, 0.97, 0,up,2, 0, 0, 0, 4, 2, 0, 2, 8, 32, 2048, 8, 1024, 256, 8, 16
372,26.27,81,8,2048,2048,2048,0.23, 0.76, 0, 0.01,left,2, 2, 2048, 2, 4, 32, 8, 8, 8, 256, 0, 16, 1024, 0, 0, 2
371,25.24,59,7,2048,2048,2048,0.14, 0.14, 0.55, 0.17,up,4, 2048, 2, 0, 4, 32, 16, 0, 8, 256, 16, 0, 1024, 2, 2, 0
374,25.79,84,7,2048,2048,2048,0.45, 0.29, 0.2, 0.06,right,8, 2048, 2, 0, 8, 32, 32, 2, 1024, 256, 2, 0, 0, 2, 0, 0
372,24.72,66,6,2048,2048,2048,0, 0.1, 0.35, 0.55,down,2, 8, 2048, 2, 0, 8, 64, 2, 0, 1024, 256, 2, 0, 0, 0, 2
375,24.11,73,7,2048,2048,2048,0.24, 0.05, 0.37, 0.34,up,0, 0, 0, 0, 0, 2, 2048, 0, 0, 16, 64, 4, 2, 1024, 256, 4
377,23.4,60,6,2048,2048,2048,0.24, 0.32, 0.24, 0.19,left,2, 2, 2048, 8, 0, 16, 64, 0, 0, 1024, 256, 2, 0, 0, 0, 0
379,22.77,61,7,2048,2048,2048,0.37, 0.19, 0.16, 0.28,right,4, 2048, 8, 0, 16, 64, 0, 0, 1024, 256, 2, 0, 0, 2, 0, 0
381,20.92,57,8,2048,2048,2048,0, 0.33, 0.49, 0.19,up,0, 4, 2048, 8, 0, 0, 16, 64, 2, 1024, 256, 2, 0, 0, 0, 2
387,20.76,72,7,2048,2048,2048,0.23, 0.08, 0.46, 0.24,up,2, 4, 2048, 8, 0, 1024, 16, 64, 2, 0, 256, 4, 0, 0, 0, 0
387,18.19,65,7,2048,2048,2048,0.41, 0.39, 0, 0.2,right,4, 4, 2048, 8, 0, 1024, 16, 64, 0, 2, 256, 4, 0, 0, 0, 0
395,17.01,67,8,2048,2048,2048,0, 0.63, 0, 0.37,left,2, 8, 2048, 8, 0, 1024, 16, 64, 0, 2, 256, 4, 0, 0, 0, 0
398,17.59,42,9,2048,2048,2048,0.79, 0, 0.05, 0.17,right,2, 8, 2048, 8, 1024, 16, 64, 0, 2, 256, 4, 0, 2, 0, 0, 0
397,16.17,56,8,2048,2048,2048,0.4, 0.04, 0.19, 0.38,right,2, 8, 2048, 8, 0, 1024, 16, 64, 0, 2, 256, 4, 0, 2, 0, 2
401,16.63,57,8,2048,2048,2048,0.25, 0.11, 0.56, 0.09,up,2, 8, 2048, 8, 0, 1024, 16, 64, 2, 2, 256, 4, 0, 0, 0, 4
400,18.1,62,10,2048,2048,2048,0, 0.83, 0, 0.17,left,4, 8, 2048, 8, 2, 1024, 16, 64, 0, 2, 256, 8, 0, 0, 0, 0
395,16.26,53,9,2048,2048,2048,0.1, 0, 0.86, 0.04,up,4, 8, 2048, 8, 2, 1024, 16, 64, 2, 256, 8, 0, 2, 0, 0, 0
401,16.2,55,10,2048,2048,2048,0.7, 0, 0.21, 0.09,right,4, 8, 2048, 8, 4, 1024, 16, 64, 2, 256, 8, 0, 2, 0, 0, 0
401,16.19,58,8,2048,2048,2048,0.11, 0.05, 0.56, 0.29,up,4, 8, 2048, 8, 4, 1024, 16, 64, 0, 2, 256, 8, 0, 2, 0, 2
401,17.56,57,8,2048,2048,2048,0.36, 0.6, 0.03, 0.01,left,8, 8, 2048, 8, 0, 1024, 16, 64, 2, 4, 256, 8, 0, 0, 0, 2
397,16.57,53,7,2048,2048,2048,0.02, 0.05, 0.78, 0.15,up,16, 2048, 8, 0, 1024, 16, 64, 0, 2, 4, 256, 8, 2, 0, 0, 2
400,16.87,57,6,2048,2048,2048,0.42, 0.57, 0, 0.01,left,16, 2048, 8, 8, 1024, 16, 64, 2, 4, 4, 256, 0, 2, 0, 0, 0
399,16.46,52,7,2048,2048,2048,0.34, 0.28, 0.13, 0.26,right,16, 2048, 16, 0, 1024, 16, 64, 2, 8, 256, 0, 2, 2, 0, 0, 0
400,18.76,54,9,2048,2048,2048,0, 0.06, 0.86, 0.09,up,2, 16, 2048, 16, 1024, 16, 64, 2, 0, 8, 256, 2, 0, 0, 0, 2
393,15.22,59,7,2048,2048,2048,0.36, 0.29, 0.27, 0.07,right,2, 32, 2048, 16, 1024, 8, 64, 4, 0, 0, 256, 2, 2, 0, 0, 0
404,14.56,62,7,2048,2048,2048,0.08, 0.34, 0.32, 0.26,left,2, 32, 2048, 16, 1024, 8, 64, 4, 0, 0, 256, 2, 2, 0, 0, 2
406,15.21,47,9,2048,2048,2048,0.14, 0.47, 0.37, 0.02,left,2, 32, 2048, 16, 1024, 8, 64, 4, 256, 2, 0, 0, 4, 0, 0, 2
404,17.16,48,9,2048,2048,2048,0.03, 0.85, 0.04, 0.07,left,2, 32, 2048, 16, 1024, 8, 64, 4, 256, 2, 0, 0, 4, 2, 0, 2
398,14.51,49,8,2048,2048,2048,0.32, 0.09, 0.58, 0.01,up,2, 32, 2048, 16, 1024, 8, 64, 4, 256, 2, 0, 0, 4, 4, 2, 0
406,18.75,46,13,2048,2048,2048,0.09, 0.05, 0.03, 0.83,down,2, 32, 2048, 16, 1024, 8, 64, 4, 256, 2, 2, 0, 4, 4, 0, 2
393,18.7,64,14,2048,2048,2048,0.98, 0.01, 0, 0,right,2, 32, 2, 0, 1024, 8, 2048, 16, 256, 2, 64, 4, 4, 4, 2, 2
393,15.41,44,11,2048,2048,2048,0.02, 0.01, 0.02, 0.95,down,2, 2, 32, 2, 1024, 8, 2048, 16, 256, 2, 64, 4, 0, 0, 8, 4
403,21.98,59,11,2048,2048,2048,0.88, 0.09, 0, 0.03,right,0, 2, 32, 0, 2, 2, 2048, 2, 1024, 8, 64, 16, 256, 2, 8, 8
384,17.98,64,14,2048,2048,2048,0, 0.07, 0.08, 0.85,down,0, 0, 2, 32, 0, 4, 2048, 2, 1024, 8, 64, 16, 2, 256, 2, 16
396,21.5,54,12,2048,2048,2048,0.02, 0.97, 0.01, 0,left,0, 0, 2, 2, 0, 4, 2048, 32, 1024, 8, 64, 2, 2, 256, 2, 32
385,23.15,51,9,2048,2048,2048,0.01, 0, 0.97, 0.02,up,4, 0, 2, 0, 4, 2048, 32, 0, 1024, 8, 64, 2, 2, 256, 2, 32
380,22.86,57,9,2048,2048,2048,0.13, 0.86, 0, 0.01,left,8, 2048, 2, 2, 1024, 8, 32, 32, 2, 256, 64, 2, 0, 0, 2, 0
381,22.82,58,8,2048,2048,2048,0.03, 0.45, 0.2, 0.32,left,8, 2048, 4, 0, 1024, 8, 64, 0, 2, 256, 64, 2, 2, 2, 0, 0
381,23.09,61,9,2048,2048,2048,0.34, 0.04, 0.58, 0.05,up,8, 2048, 4, 0, 1024, 8, 64, 0, 2, 256, 64, 2, 4, 0, 2, 0
380,22,47,10,2048,2048,2048,0.95, 0, 0, 0.05,right,8, 2048, 4, 2, 1024, 8, 128, 0, 2, 256, 2, 0, 4, 2, 0, 0
383,20.42,58,8,2048,2048,2048,0.02, 0.92, 0.03, 0.03,left,8, 2048, 4, 2, 0, 1024, 8, 128, 0, 2, 256, 2, 2, 0, 4, 2
388,19.97,53,7,2048,2048,2048,0.01, 0.24, 0.08, 0.66,down,8, 2048, 4, 2, 1024, 8, 128, 0, 2, 256, 2, 0, 2, 4, 2, 2
390,21.82,54,7,2048,2048,2048,0.26, 0.64, 0.01, 0.08,left,0, 2048, 0, 0, 8, 8, 4, 2, 1024, 256, 128, 0, 4, 4, 4, 4
384,21.12,59,6,2048,2048,2048,0.08, 0.39, 0.15, 0.38,left,2048, 0, 0, 0, 16, 4, 2, 0, 1024, 256, 128, 0, 8, 8, 0, 2
386,19.37,52,6,2048,2048,2048,0.19, 0.34, 0.28, 0.2,left,2048, 0, 0, 0, 16, 4, 2, 2, 1024, 256, 128, 0, 16, 2, 0, 0
391,17.99,52,6,2048,2048,2048,0.31, 0.34, 0.35, 0,up,2048, 0, 0, 0, 16, 4, 4, 0, 1024, 256, 128, 0, 16, 2, 2, 0
396,18.86,47,7,2048,2048,2048,0.33, 0.18, 0.09, 0.39,down,2048, 4, 4, 0, 16, 256, 128, 0, 1024, 2, 2, 0, 16, 2, 0, 0
393,16.78,56,7,2048,2048,2048,0.11, 0.46, 0.43, 0,left,2048, 2, 0, 0, 16, 4, 4, 0, 1024, 256, 128, 0, 16, 4, 2, 0
399,17.24,45,7,2048,2048,2048,0.07, 0.22, 0.12, 0.59,down,2048, 2, 0, 0, 16, 8, 0, 2, 1024, 256, 128, 0, 16, 4, 2, 0
398,17.03,52,6,2048,2048,2048,0.37, 0.38, 0.18, 0.06,left,2048, 2, 0, 2, 16, 8, 0, 0, 1024, 256, 128, 0, 16, 4, 2, 2
398,16.24,47,10,2048,2048,2048,0.09, 0.55, 0.15, 0.22,left,2048, 4, 0, 0, 16, 8, 0, 0, 1024, 256, 128, 2, 16, 4, 4, 0
401,18.53,43,11,2048,2048,2048,0.02, 0, 0.62, 0.36,up,2048, 4, 2, 0, 16, 8, 0, 0, 1024, 256, 128, 2, 16, 8, 0, 0
394,20.91,45,10,2048,2048,2048,0.03, 0.96, 0, 0.01,left,2048, 4, 2, 2, 16, 8, 128, 0, 1024, 256, 2, 0, 16, 8, 0, 0
387,19.06,63,10,2048,2048,2048,0.02, 0.21, 0.75, 0.02,up,2048, 4, 4, 0, 16, 8, 128, 2, 1024, 256, 2, 0, 16, 8, 0, 0
392,17.71,44,12,2048,2048,2048,0.03, 0.16, 0.8, 0.02,up,2048, 4, 4, 2, 16, 8, 128, 2, 1024, 256, 2, 0, 16, 8, 0, 0
396,19.99,66,10,2048,2048,2048,0.02, 0.95, 0.02, 0.01,left,2048, 4, 4, 4, 16, 8, 128, 0, 1024, 256, 2, 0, 16, 8, 2, 0
390,19.49,54,10,2048,2048,2048,0, 0, 0.96, 0.03,up,2048, 8, 4, 2, 16, 8, 128, 0, 1024, 256, 2, 0, 16, 8, 2, 0
391,19.69,45,9,2048,2048,2048,0.01, 0, 0.02, 0.97,down,2048, 16, 4, 2, 16, 256, 128, 2, 1024, 8, 4, 0, 16, 0, 0, 0
390,19.56,44,8,2048,2048,2048,0.34, 0.64, 0.01, 0,left,2048, 0, 0, 0, 16, 16, 4, 0, 1024, 256, 128, 2, 16, 8, 4, 4
391,20.56,73,8,2048,2048,2048,0.15, 0.64, 0.04, 0.17,left,2048, 0, 0, 2, 32, 4, 0, 0, 1024, 256, 128, 2, 16, 8, 8, 0
388,18.56,62,7,2048,2048,2048,0.3, 0.19, 0.08, 0.44,down,2048, 2, 0, 0, 32, 4, 0, 0, 1024, 256, 128, 2, 16, 16, 0, 2
394,18.89,54,7,2048,2048,2048,0.16, 0.73, 0.11, 0,left,2048, 2, 0, 0, 32, 4, 0, 0, 1024, 256, 0, 2, 16, 16, 128, 4
393,17.81,42,7,2048,2048,2048,0.1, 0.28, 0.35, 0.27,up,2048, 2, 0, 0, 32, 4, 0, 2, 1024, 256, 2, 0, 32, 128, 4, 0
396,17.59,45,7,2048,2048,2048,0.05, 0.33, 0.58, 0.05,up,2048, 2, 2, 2, 32, 4, 4, 0, 1024, 256, 0, 2, 32, 128, 0, 0
397,17.92,46,7,2048,2048,2048,0.35, 0.55, 0.07, 0.02,left,2048, 2, 2, 4, 32, 4, 4, 0, 1024, 256, 0, 0, 32, 128, 0, 2
396,16.99,49,7,2048,2048,2048,0.24, 0.53, 0.12, 0.1,left,2048, 4, 4, 0, 32, 8, 0, 0, 1024, 256, 0, 2, 32, 128, 2, 0
399,16.63,46,7,2048,2048,2048,0.12, 0, 0.52, 0.36,up,2048, 8, 2, 0, 32, 8, 0, 0, 1024, 256, 2, 0, 32, 128, 2, 0
400,14.53,39,9,2048,2048,2048,0.12, 0, 0, 0.88,down,2048, 16, 4, 0, 32, 256, 2, 0, 1024, 128, 0, 0, 32, 2, 0, 0
406,14.61,41,7,2048,2048,2048,0.17, 0.4, 0.28, 0.15,left,2048, 16, 2, 0, 32, 256, 0, 0, 1024, 128, 4, 0, 32, 2, 2, 0
406,14.36,36,10,2048,2048,2048,0.03, 0, 0.22, 0.75,down,2048, 16, 2, 0, 32, 256, 0, 0, 1024, 128, 4, 2, 32, 4, 0, 0
406,13.91,43,7,2048,2048,2048,0.07, 0.63, 0.06, 0.24,left,2048, 16, 0, 2, 32, 256, 0, 0, 1024, 128, 2, 0, 32, 4, 4, 2
408,13.41,40,8,2048,2048,2048,0.07, 0.24, 0.39, 0.3,up,2048, 16, 2, 2, 32, 256, 0, 0, 1024, 128, 2, 0, 32, 8, 2, 0
409,13.3,34,8,2048,2048,2048,0.23, 0.55, 0.15, 0.07,left,2048, 16, 4, 2, 32, 256, 2, 0, 1024, 128, 0, 0, 32, 8, 0, 2
410,13.5,45,10,2048,2048,2048,0.04, 0.04, 0.08, 0.84,down,2048, 16, 4, 2, 32, 256, 2, 0, 1024, 128, 0, 2, 32, 8, 2, 0
409,12.64,41,7,2048,2048,2048,0.07, 0.47, 0.02, 0.44,left,2048, 16, 0, 0, 32, 256, 2, 0, 1024, 128, 4, 0, 32, 8, 4, 4
412,12.1,35,8,2048,2048,2048,0.37, 0.2, 0.2, 0.23,right,2048, 16, 0, 0, 32, 256, 2, 0, 1024, 128, 4, 2, 32, 8, 8, 0
413,12.25,55,9,2048,2048,2048,0, 0.03, 0.04, 0.93,down,0, 0, 2048, 16, 2, 32, 256, 2, 1024, 128, 4, 2, 0, 0, 32, 16
413,11.09,40,9,2048,2048,2048,0.92, 0.05, 0.03, 0,right,0, 0, 2048, 2, 0, 0, 256, 16, 2, 32, 4, 4, 1024, 128, 32, 16
416,11.54,54,8,2048,2048,2048,0, 0.07, 0.34, 0.59,down,0, 2, 2048, 2, 0, 0, 256, 16, 0, 2, 32, 8, 1024, 128, 32, 16
415,10.09,45,8,2048,2048,2048,0, 0.87, 0.13, 0,left,0, 0, 0, 2, 0, 0, 2048, 16, 2, 4, 256, 8, 1024, 128, 64, 16
419,12.25,72,9,2048,2048,2048,0.16, 0.74, 0.04, 0.06,left,2, 0, 0, 2, 2048, 16, 0, 0, 2, 4, 256, 8, 1024, 128, 64, 16
413,11.74,65,11,2048,2048,2048,0.03, 0.95, 0.02, 0,left,4, 0, 0, 0, 2048, 16, 0, 2, 2, 4, 256, 8, 1024, 128, 64, 16
414,11.65,61,9,2048,2048,2048,0.94, 0.01, 0.02, 0.03,right,4, 0, 2, 0, 2048, 16, 2, 0, 2, 4, 256, 8, 1024, 128, 64, 16
415,11.89,46,9,2048,2048,2048,0, 0.02, 0.34, 0.64,down,0, 2, 4, 2, 0, 2048, 16, 2, 2, 4, 256, 8, 1024, 128, 64, 16
414,10.75,44,8,2048,2048,2048,0.48, 0.02, 0.49, 0.01,up,2, 2, 4, 0, 0, 2048, 16, 4, 2, 4, 256, 8, 1024, 128, 64, 16
417,10.77,64,10,2048,2048,2048,0.97, 0.02, 0, 0.01,right,4, 2, 4, 4, 1024, 2048, 16, 8, 2, 4, 256, 16, 0, 128, 64, 0
417,10.98,40,7,2048,2048,2048,0.05, 0, 0.2, 0.74,down,0, 4, 2, 8, 1024, 2048, 16, 8, 2, 4, 256, 16, 2, 0, 128, 64
417,12.41,59,9,2048,2048,2048,0.54, 0.27, 0.05, 0.14,right,0, 0, 2, 0, 2, 4, 16, 16, 1024, 2048, 256, 16, 4, 4, 128, 64
412,11.09,56,7,2048,2048,2048,0.15, 0.45, 0.14, 0.26,left,0, 0, 0, 2, 2, 2, 4, 32, 1024, 2048, 256, 16, 0, 8, 128, 64
416,8.43,31,7,2048,2048,2048,0.21, 0.5, 0.04, 0.25,left,2, 0, 0, 0, 4, 4, 32, 2, 1024, 2048, 256, 16, 8, 128, 64, 0
424,7.81,33,7,2048,2048,2048,0.35, 0.15, 0.12, 0.38,down,2, 0, 0, 0, 8, 32, 2, 2, 1024, 2048, 256, 16, 8, 128, 64, 0
426,7.62,48,8,2043.2,2048,2048,0.27, 0.48, 0.05, 0.19,left,2, 0, 0, 0, 8, 32, 2, 2, 1024, 2048, 256, 2, 8, 128, 64, 16
427,19.57,68,17,2048,2048,2048,0.03, 0, 0.07, 0.9,down,2, 0, 0, 0, 8, 32, 4, 2, 1024, 2048, 256, 2, 8, 128, 64, 16
391,9.61,55,13,2042.78,2048,2048,0.19, 0, 0.81, 0,up,2, 0, 0, 0, 8, 32, 4, 2, 1024, 2048, 256, 4, 8, 128, 64, 16
421,13.01,49,15,2043.15,2048,2048,0.01, 0, 0, 0.99,down,2, 32, 4, 2, 8, 2048, 256, 4, 1024, 128, 64, 16, 8, 0, 0, 2
410,8.29,43,11,2033.05,2048,2048,0.08, 0.9, 0.02, 0,left,2, 2, 0, 2, 8, 32, 4, 4, 1024, 2048, 256, 16, 8, 128, 64, 2
425,13.37,72,10,2048,2048,2048,0.91, 0.03, 0.06, 0,right,4, 2, 2, 0, 8, 32, 8, 0, 1024, 2048, 256, 16, 8, 128, 64, 2
409,25.07,74,17,2048,2048,2048,0.09, 0.01, 0.9, 0,up,0, 2, 4, 4, 0, 8, 32, 8, 1024, 2048, 256, 16, 8, 128, 64, 2
374,27.33,67,13,2048,2048,2048,0.02, 0.98, 0, 0,left,1024, 2, 4, 4, 8, 8, 32, 8, 0, 2048, 256, 16, 2, 128, 64, 2
368,23.49,65,10,2048,2048,2048,0.01, 0, 0.94, 0.05,up,1024, 2, 8, 0, 16, 32, 8, 0, 2048, 256, 16, 2, 2, 128, 64, 2
379,27.67,69,13,2048,2048,2048,0, 0, 0.97, 0.02,up,1024, 2, 16, 4, 16, 32, 16, 0, 2048, 256, 64, 0, 2, 128, 2, 0
366,20.86,70,9,2048,2048,2048,0.05, 0, 0.03, 0.93,down,1024, 2, 32, 4, 16, 32, 64, 0, 2048, 256, 2, 0, 2, 128, 2, 0
387,23.03,70,13,2048,2048,2048,0.3, 0.67, 0.01, 0.02,left,1024, 2, 0, 2, 16, 32, 32, 0, 2048, 256, 64, 0, 2, 128, 4, 4
380,17.55,61,12,2048,2048,2048,0.04, 0, 0.96, 0,up,1024, 4, 0, 0, 16, 64, 2, 0, 2048, 256, 64, 0, 2, 128, 8, 0
397,22.15,69,12,2048,2048,2048,0.85, 0.13, 0, 0.02,right,1024, 4, 2, 2, 16, 64, 64, 0, 2048, 256, 8, 0, 2, 128, 0, 0
383,28.85,78,11,2048,2048,2048,0.03, 0.04, 0.91, 0.03,up,2, 1024, 4, 4, 0, 0, 16, 128, 0, 2048, 256, 8, 0, 0, 2, 128
363,29.25,81,10,2048,2048,2048,0.01, 0.97, 0.01, 0.01,left,2, 1024, 4, 4, 0, 2048, 16, 128, 0, 0, 256, 8, 2, 0, 2, 128
362,30.98,64,7,2048,2048,2048,0.01, 0, 0, 0.99,down,2, 1024, 8, 2, 2048, 16, 128, 0, 256, 8, 0, 0, 4, 128, 0, 0
357,32.33,98,7,2048,2048,2048,0.46, 0.53, 0.01, 0,left,2, 1024, 0, 0, 2048, 16, 2, 0, 256, 8, 8, 0, 4, 128, 128, 2
353,30.76,68,7,2048,2048,2048,0.18, 0.18, 0.27, 0.38,down,2, 1024, 0, 0, 2048, 16, 2, 2, 256, 16, 0, 0, 4, 256, 2, 0
357,29.63,76,7,2048,2048,2048,0.09, 0.05, 0.72, 0.14,up,2, 0, 0, 0, 2048, 1024, 0, 2, 256, 32, 0, 0, 4, 256, 4, 2
361,30.03,74,7,2048,2048,2048,0.2, 0.6, 0.15, 0.05,left,2, 1024, 4, 4, 2048, 32, 0, 0, 256, 256, 0, 2, 4, 0, 0, 0
359,30.46,75,7,2048,2048,2048,0.34, 0.28, 0.07, 0.31,right,2, 1024, 8, 0, 2048, 32, 0, 0, 512, 2, 2, 0, 4, 0, 0, 0
358,27.74,64,6,2048,2048,2048,0, 0.08, 0.57, 0.34,up,0, 2, 1024, 8, 0, 0, 2048, 32, 0, 2, 512, 4, 0, 0, 0, 4
366,26.31,85,8,2048,2048,2048,0, 0.28, 0, 0.72,down,2, 4, 1024, 8, 0, 0, 2048, 32, 0, 0, 512, 8, 0, 0, 0, 0
371,25.36,63,6,2048,2048,2048,0.11, 0.18, 0.4, 0.31,up,0, 0, 0, 0, 0, 0, 1024, 8, 2, 0, 2048, 32, 2, 4, 512, 8
373,25.21,64,6,2048,2048,2048,0.31, 0.43, 0.17, 0.1,left,4, 4, 1024, 8, 0, 0, 2048, 32, 0, 2, 512, 8, 0, 0, 0, 0
374,24.92,58,7,2048,2048,2048,0.1, 0, 0.5, 0.41,up,8, 1024, 8, 0, 2048, 32, 0, 0, 2, 512, 8, 2, 0, 0, 0, 0
375,24.28,65,7,2048,2048,2048,0.19, 0.22, 0.24, 0.36,down,8, 1024, 16, 2, 2048, 32, 0, 0, 2, 512, 0, 0, 0, 0, 0, 2
377,23.11,66,8,2048,2048,2048,0.55, 0, 0.45, 0,right,0, 0, 0, 0, 8, 1024, 0, 0, 2048, 32, 2, 0, 2, 512, 16, 4
380,27.86,80,10,2048,2048,2048,0.05, 0.21, 0.74, 0,up,0, 0, 2, 0, 0, 0, 8, 1024, 0, 2048, 32, 2, 2, 512, 16, 4
366,27.14,62,12,2048,2048,2048,0.8, 0.03, 0.08, 0.09,right,2, 2048, 2, 1024, 0, 512, 8, 2, 2, 0, 32, 4, 0, 0, 16, 0
368,25.46,78,11,2048,2048,2048,0, 0.08, 0, 0.92,down,2, 2048, 2, 1024, 0, 512, 8, 2, 0, 2, 32, 4, 0, 0, 2, 16
373,26.37,64,10,2048,2048,2048,0.04, 0.93, 0.02, 0.02,left,2, 0, 2, 1024, 0, 2048, 8, 2, 0, 512, 32, 4, 2, 2, 2, 16
370,25.36,84,11,2048,2048,2048,0.82, 0.14, 0.02, 0.02,right,4, 1024, 0, 0, 2048, 8, 2, 2, 512, 32, 4, 0, 4, 2, 16, 0
373,26.48,77,10,2048,2048,2048,0.01, 0.01, 0.96, 0.02,up,2, 0, 4, 1024, 0, 2048, 8, 4, 0, 512, 32, 4, 0, 4, 2, 16
370,26.27,94,9,2048,2048,2048,0.21, 0.78, 0, 0.01,left,2, 2048, 4, 1024, 0, 512, 8, 8, 0, 4, 32, 16, 0, 2, 2, 0
371,26.11,62,8,2048,2048,2048,0.06, 0, 0.04, 0.9,down,2, 2048, 4, 1024, 512, 16, 2, 0, 4, 32, 16, 0, 4, 0, 0, 0
371,26.4,60,9,2048,2048,2048,0.95, 0.02, 0.02, 0,right,0, 0, 2, 0, 2, 2048, 4, 0, 512, 16, 2, 0, 8, 32, 16, 1024
370,26.07,73,8,2048,2048,2048,0.29, 0.02, 0.09, 0.6,down,0, 0, 2, 2, 0, 2, 2048, 4, 0, 512, 16, 2, 8, 32, 16, 1024
371,25.76,59,7,2048,2048,2048,0.29, 0.31, 0.05, 0.35,down,0, 0, 0, 2, 2, 2, 2, 4, 0, 512, 2048, 2, 8, 32, 32, 1024
372,24.72,69,7,2048,2048,2048,0.26, 0.27, 0.04, 0.44,down,0, 0, 2, 2, 0, 2, 2, 4, 2, 512, 2048, 2, 8, 32, 32, 1024
375,24.18,64,7,2048,2048,2048,0.33, 0.27, 0.01, 0.39,down,0, 0, 0, 2, 2, 2, 4, 4, 2, 512, 2048, 2, 8, 32, 32, 1024
377,25.17,81,10,2048,2048,2048,0.04, 0.08, 0.01, 0.86,down,2, 0, 0, 2, 0, 2, 4, 4, 4, 512, 2048, 2, 8, 32, 32, 1024
374,23.41,63,10,2048,2048,2048,0.08, 0.82, 0.02, 0.08,left,0, 2, 0, 2, 2, 2, 4, 4, 4, 512, 2048, 2, 8, 32, 32, 1024
379,22.62,60,9,2048,2048,2048,0.06, 0.39, 0.35, 0.21,left,4, 0, 0, 0, 4, 8, 0, 2, 4, 512, 2048, 2, 8, 64, 1024, 0
382,21.67,51,8,2048,2048,2048,0.07, 0, 0.16, 0.78,down,4, 0, 0, 0, 4, 8, 2, 0, 4, 512, 2048, 2, 8, 64, 1024, 2
384,21.33,73,7,2048,2048,2048,0.3, 0, 0.39, 0.32,up,0, 0, 0, 0, 4, 8, 2, 0, 8, 512, 2048, 2, 8, 64, 1024, 4
386,21.1,49,8,2048,2048,2048,0.6, 0.21, 0.15, 0.04,right,4, 8, 2, 2, 16, 512, 2048, 4, 0, 64, 1024, 0, 0, 0, 0, 2
386,19.71,59,7,2048,2048,2048,0.32, 0.14, 0.33, 0.21,up,0, 4, 8, 4, 16, 512, 2048, 4, 0, 0, 64, 1024, 0, 0, 2, 2
390,19.24,54,9,2048,2048,2048,0.37, 0.08, 0.46, 0.09,up,16, 4, 8, 8, 0, 512, 2048, 1024, 0, 0, 64, 2, 0, 0, 2, 2
392,18.48,63,7,2048,2048,2048,0.31, 0.52, 0, 0.17,left,16, 4, 8, 8, 0, 512, 2048, 1024, 0, 2, 64, 4, 0, 0, 2, 0
394,17.21,51,8,2048,2048,2048,0.55, 0, 0.21, 0.23,right,16, 4, 16, 0, 512, 2048, 1024, 2, 2, 64, 4, 0, 2, 0, 0, 0
398,16.98,60,9,2048,2048,2048,0.04, 0.81, 0.09, 0.06,left,0, 16, 4, 16, 512, 2048, 1024, 2, 2, 2, 64, 4, 0, 0, 0, 2
399,18.02,47,7,2048,2048,2048,0.07, 0.11, 0.03, 0.79,down,16, 4, 16, 0, 512, 2048, 1024, 2, 4, 64, 4, 0, 2, 0, 2, 0
395,18.51,60,7,2048,2048,2048,0.5, 0.44, 0.03, 0.03,right,16, 0, 16, 0, 512, 4, 1024, 2, 4, 2048, 4, 0, 2, 64, 2, 2
394,16.99,46,7,2048,2048,2048,0.2, 0.08, 0.37, 0.35,up,0, 2, 0, 32, 512, 4, 1024, 2, 0, 4, 2048, 4, 0, 2, 64, 4
399,16.8,49,7,2048,2048,2048,0, 0.7, 0, 0.3,left,512, 2, 1024, 32, 2, 8, 2048, 2, 0, 2, 64, 8, 0, 0, 0, 0
399,17.64,58,7,2048,2048,2048,0.05, 0.1, 0.14, 0.7,down,512, 2, 1024, 32, 2, 8, 2048, 2, 2, 64, 8, 0, 0, 0, 2, 0
397,17.82,68,7,2048,2048,2048,0.45, 0.45, 0.09, 0,left,0, 0, 1024, 0, 2, 2, 2048, 0, 512, 8, 8, 32, 4, 64, 2, 2
396,17.34,61,7,2048,2048,2048,0.1, 0, 0.43, 0.47,down,1024, 0, 0, 0, 4, 2048, 0, 0, 512, 16, 32, 2, 4, 64, 4, 0
397,14.92,60,7,2048,2048,2048,0.23, 0.29, 0.31, 0.16,up,1024, 0, 2, 0, 4, 2048, 0, 0, 512, 16, 32, 0, 4, 64, 4, 2
405,13.87,60,8,2048,2048,2048,0.21, 0.19, 0.06, 0.53,down,1024, 2048, 2, 2, 4, 16, 32, 0, 512, 64, 4, 2, 4, 0, 0, 0
408,13.64,50,9,2048,2048,2048,0.33, 0.5, 0.17, 0,left,1024, 0, 0, 0, 4, 2048, 2, 0, 512, 16, 32, 2, 4, 64, 4, 4
409,18.2,67,13,2048,2048,2048,0.08, 0, 0.14, 0.79,down,1024, 2, 0, 0, 4, 2048, 2, 0, 512, 16, 32, 2, 4, 64, 8, 0
395,11.96,57,7,2048,2048,2048,0.05, 0.14, 0.59, 0.22,up,1024, 2, 0, 0, 4, 2048, 2, 2, 512, 16, 32, 0, 4, 64, 8, 2
414,16.56,60,13,2048,2048,2048,0.61, 0.15, 0.14, 0.11,right,1024, 2, 2, 4, 4, 2048, 32, 0, 512, 16, 8, 2, 4, 64, 0, 0
400,15.94,51,15,2048,2048,2048,0.03, 0.11, 0.83, 0.03,up,0, 1024, 4, 4, 0, 4, 2048, 32, 512, 16, 8, 2, 2, 0, 4, 64
402,15.49,53,13,2048,2048,2048,0.6, 0.14, 0.23, 0.03,right,512, 1024, 4, 4, 2, 4, 2048, 32, 2, 16, 8, 2, 0, 0, 4, 64
403,17.21,70,12,2042.93,2048,2048,0, 0.01, 0.98, 0.01,up,0, 512, 1024, 8, 2, 4, 2048, 32, 2, 16, 8, 2, 0, 2, 4, 64
398,13.18,62,9,2048,2048,2048,0.06, 0.88, 0.04, 0.02,left,4, 512, 1024, 8, 0, 4, 2048, 32, 0, 16, 8, 2, 2, 2, 4, 64
410,11.54,42,11,2048,2048,2048,0.05, 0.92, 0.02, 0.02,left,4, 512, 1024, 8, 4, 2048, 32, 0, 16, 8, 2, 0, 4, 4, 64, 2
415,18.58,58,13,2048,2048,2048,0.01, 0.03, 0.93, 0.03,up,4, 512, 1024, 8, 4, 2048, 32, 0, 16, 8, 2, 0, 8, 64, 2, 2
394,15.74,46,14,2048,2048,2048,0.04, 0.92, 0, 0.04,left,8, 512, 1024, 8, 16, 2048, 32, 2, 8, 8, 4, 0, 0, 64, 2, 0
402,11.24,40,8,2048,2048,2048,0.06, 0.23, 0.64, 0.07,up,8, 512, 1024, 8, 16, 2048, 32, 2, 16, 4, 0, 0, 64, 2, 0, 2
416,10.57,56,8,2048,2048,2048,0.74, 0.21, 0, 0.04,right,8, 512, 1024, 8, 32, 2048, 32, 4, 64, 4, 0, 2, 0, 2, 0, 0
418,11.85,47,9,2048,2048,2048,0.02, 0.49, 0.36, 0.12,left,8, 512, 1024, 8, 32, 2048, 32, 4, 0, 64, 4, 2, 0, 0, 2, 2
414,13.52,43,11,2048,2048,2048,0.51, 0, 0, 0.49,right,8, 512, 1024, 8, 32, 2048, 32, 4, 64, 4, 2, 0, 4, 2, 0, 0
409,9.88,44,9,2048,2048,2048,0, 0.05, 0.67, 0.27,up,8, 512, 1024, 8, 32, 2048, 32, 4, 2, 64, 4, 2, 0, 0, 4, 2
420,13.68,42,12,2048,2048,2048,0.12, 0, 0.71, 0.17,up,8, 512, 1024, 8, 32, 2048, 32, 4, 2, 64, 8, 4, 2, 0, 0, 0
408,16.55,51,12,2048,2048,2048,0.05, 0, 0.91, 0.04,up,8, 512, 1024, 8, 32, 2048, 32, 8, 4, 64, 8, 0, 2, 0, 0, 0
400,9.41,40,12,2037.79,2048,2048,0.24, 0.17, 0.2, 0.39,down,8, 512, 1024, 16, 32, 2048, 32, 0, 4, 64, 8, 0, 2, 0, 0, 2
421,11.64,45,15,2028.59,2048,2048,0.03, 0, 0.97, 0,up,8, 0, 0, 0, 32, 512, 1024, 2, 4, 2048, 32, 16, 2, 64, 8, 2
415,8.14,36,14,2033.23,2048,2048,0.54, 0.21, 0, 0.25,right,8, 512, 1024, 2, 32, 2048, 32, 16, 4, 64, 8, 2, 2, 2, 0, 0
425,11.96,39,17,2033.58,2048,2048,0.91, 0.08, 0, 0.01,right,8, 512, 1024, 2, 32, 2048, 32, 16, 4, 64, 8, 2, 0, 2, 0, 4
414,11.01,46,14,2043.07,2048,2048,0.01, 0.97, 0, 0.01,left,8, 512, 1024, 2, 32, 2048, 32, 16, 4, 64, 8, 2, 0, 2, 2, 4
416,14.6,48,12,2048,2048,2048,0.97, 0.01, 0.01, 0.01,right,8, 512, 1024, 2, 32, 2048, 32, 16, 4, 64, 8, 2, 4, 4, 0, 2
406,13.25,38,14,2042.97,2048,2048,0, 0.01, 0.97, 0.01,up,8, 512, 1024, 2, 32, 2048, 32, 16, 4, 64, 8, 2, 0, 2, 8, 2
410,11.67,43,14,2043.02,2048,2048,0.97, 0.02, 0, 0.01,right,8, 512, 1024, 2, 32, 2048, 32, 16, 4, 64, 16, 4, 2, 2, 0, 0
414,13.97,41,11,2048,2048,2048,0, 0, 0.02, 0.97,down,8, 512, 1024, 2, 32, 2048, 32, 16, 4, 64, 16, 4, 0, 0, 2, 4
408,15.61,41,13,2048,2048,2048,0.95, 0.05, 0, 0,right,2, 0, 1024, 0, 8, 512, 32, 2, 32, 2048, 16, 16, 4, 64, 2, 8
403,14.79,38,9,2048,2048,2048,0.01, 0.04, 0.94, 0.01,up,2, 0, 2, 1024, 8, 512, 32, 2, 0, 32, 2048, 32, 4, 64, 2, 8
405,15.71,49,8,2048,2048,2048,0.01, 0.98, 0, 0.01,left,2, 512, 2, 1024, 8, 32, 32, 2, 4, 64, 2048, 32, 0, 2, 2, 8
402,15.21,55,7,2048,2048,2048,0.01, 0, 0.29, 0.7,down,2, 512, 2, 1024, 8, 64, 2, 0, 4, 64, 2048, 32, 4, 8, 2, 0
404,15.32,40,9,2048,2048,2048,0.24, 0.06, 0.41, 0.29,up,0, 0, 0, 2, 2, 512, 4, 0, 8, 128, 2048, 1024, 8, 8, 2, 32
404,13.16,52,10,2048,2048,2048,0, 0, 0, 1,down,2, 512, 4, 2, 16, 128, 2048, 1024, 2, 8, 2, 32, 0, 0, 0, 0
410,15.35,45,13,2048,2048,2048,0, 0.11, 0.81, 0.09,up,0, 0, 0, 2, 2, 512, 4, 2, 16, 128, 2048, 1024, 2, 8, 2, 32
403,12.63,53,9,2048,2048,2048,0.18, 0.12, 0.53, 0.16,up,2, 512, 4, 4, 16, 128, 2048, 1024, 2, 8, 2, 32, 0, 0, 2, 0
412,17.78,63,10,2048,2048,2048,0.04, 0.04, 0, 0.92,down,2, 512, 4, 4, 16, 128, 2048, 1024, 2, 8, 4, 32, 0, 2, 0, 0
396,16.58,45,10,2048,2048,2048,0.04, 0.12, 0.02, 0.82,down,2, 512, 0, 0, 2, 128, 4, 4, 16, 8, 2048, 1024, 2, 2, 4, 32
400,16.41,42,12,2048,2048,2048,0.97, 0.02, 0.01, 0,right,2, 512, 0, 0, 4, 128, 4, 4, 16, 8, 2048, 1024, 2, 2, 4, 32
400,16.38,39,8,2048,2048,2048,0.04, 0.35, 0, 0.61,down,2, 0, 2, 512, 0, 4, 128, 8, 16, 8, 2048, 1024, 0, 4, 4, 32
400,17.32,40,7,2048,2048,2048,0.01, 0.98, 0.01, 0,left,0, 2, 2, 512, 0, 4, 128, 8, 2, 8, 2048, 1024, 16, 4, 4, 32
398,17.37,42,7,2048,2048,2048,0.02, 0, 0.42, 0.57,down,4, 512, 0, 0, 4, 128, 8, 2, 2, 8, 2048, 1024, 16, 8, 32, 0
397,17.7,63,7,2048,2048,2048,0.36, 0.35, 0.16, 0.14,right,0, 0, 0, 2, 8, 512, 8, 0, 2, 128, 2048, 2, 16, 16, 32, 1024
396,16.66,44,7,2048,2048,2048,0.43, 0.27, 0.12, 0.18,right,0, 0, 0, 2, 0, 8, 512, 8, 2, 128, 2048, 2, 2, 32, 32, 1024
400,15.99,68,8,2048,2048,2048,0.24, 0.52, 0.13, 0.11,left,2, 0, 0, 2, 0, 8, 512, 8, 2, 128, 2048, 2, 0, 2, 64, 1024
402,14.89,39,9,2048,2048,2048,0.66, 0, 0.17, 0.17,right,4, 0, 0, 0, 8, 512, 8, 0, 2, 128, 2048, 2, 2, 64, 1024, 2
405,14.45,36,9,2048,2048,2048,0, 0.05, 0.21, 0.74,down,0, 0, 0, 4, 2, 8, 512, 8, 2, 128, 2048, 2, 2, 64, 1024, 2
406,14.42,33,8,2048,2048,2048,0.04, 0.01, 0.87, 0.08,up,2, 0, 0, 0, 0, 8, 512, 4, 2, 128, 2048, 8, 4, 64, 1024, 4
406,13.83,34,8,2048,2048,2048,0.04, 0.29, 0.63, 0.04,up,4, 8, 512, 4, 4, 128, 2048, 8, 0, 64, 1024, 4, 0, 2, 0, 0
408,13.83,34,8,2048,2048,2048,0.37, 0.09, 0.53, 0.02,up,8, 8, 512, 4, 0, 128, 2048, 8, 2, 64, 1024, 4, 0, 2, 0, 0
408,13.11,45,8,2048,2048,2048,0.95, 0.04, 0, 0.01,right,8, 8, 512, 4, 2, 128, 2048, 8, 0, 64, 1024, 4, 0, 2, 2, 0
410,12.8,38,7,2048,2048,2048,0.32, 0.02, 0.31, 0.34,down,0, 16, 512, 4, 2, 128, 2048, 8, 0, 64, 1024, 4, 0, 2, 0, 4
411,12.32,44,6,2048,2048,2048,0.36, 0.08, 0.44, 0.12,up,0, 16, 0, 0, 0, 128, 512, 4, 2, 64, 2048, 8, 2, 2, 1024, 8
413,11.4,36,7,2048,2048,2048,0.15, 0.33, 0.23, 0.29,left,4, 16, 512, 4, 0, 128, 2048, 16, 0, 64, 1024, 0, 2, 2, 0, 0
415,12.34,55,8,2048,2048,2048,0.13, 0.24, 0.24, 0.39,down,4, 16, 512, 4, 128, 2048, 16, 0, 64, 1024, 0, 0, 4, 0, 2, 0
412,12.39,35,10,2048,2048,2048,0.03, 0.88, 0.09, 0,left,4, 0, 2, 0, 128, 16, 512, 0, 64, 2048, 16, 0, 4, 1024, 2, 4
412,11.62,38,7,2048,2048,2048,0.04, 0, 0.61, 0.35,up,4, 2, 0, 0, 128, 16, 512, 2, 64, 2048, 16, 0, 4, 1024, 2, 4
415,11.6,39,7,2048,2048,2048,0.26, 0.6, 0.09, 0.04,left,4, 2, 512, 2, 128, 16, 16, 4, 64, 2048, 2, 0, 4, 1024, 0, 2
415,10.94,39,9,2043.08,2048,2048,0.02, 0.6, 0.14, 0.24,left,4, 2, 512, 2, 128, 32, 4, 0, 64, 2048, 2, 0, 4, 1024, 2, 2
417,11.16,36,9,2048,2048,2048,0.01, 0.08, 0.4, 0.51,down,4, 2, 512, 2, 128, 32, 4, 0, 64, 2048, 2, 2, 4, 1024, 4, 0
416,11.31,59,9,2048,2048,2048,0.83, 0.16, 0.01, 0,right,4, 2, 512, 0, 128, 32, 4, 0, 64, 2048, 2, 2, 4, 1024, 4, 4
416,10.86,44,7,2048,2048,2048,0, 0.03, 0.23, 0.74,down,0, 4, 2, 512, 0, 128, 32, 4, 0, 64, 2048, 4, 2, 4, 1024, 8
417,10.78,25,7,2048,2048,2048,0.13, 0.02, 0.1, 0.75,down,0, 4, 2, 0, 2, 128, 32, 512, 0, 64, 2048, 8, 2, 4, 1024, 8
417,9.61,36,7,2048,2048,2048,0.47, 0.37, 0.15, 0,right,0, 4, 2, 0, 0, 128, 32, 2, 0, 64, 2048, 512, 4, 4, 1024, 16
421,8.98,35,6,2048,2048,2048,0.41, 0.21, 0.21, 0.18,right,2, 0, 4, 2, 0, 128, 32, 2, 0, 64, 2048, 512, 0, 8, 1024, 16
423,8.25,37,9,2048,2048,2048,0, 0.52, 0.34, 0.14,left,0, 2, 4, 2, 2, 128, 32, 2, 0, 64, 2048, 512, 0, 8, 1024, 16
425,7.18,28,8,2043.19,2048,2048,0.06, 0, 0.28, 0.66,down,2, 4, 2, 0, 2, 128, 32, 2, 64, 2048, 512, 2, 8, 1024, 16, 0
428,8.96,50,10,2048,2048,2048,0.01, 0.12, 0.85, 0.02,up,0, 4, 2, 0, 4, 128, 32, 2, 64, 2048, 512, 0, 8, 1024, 16, 4
423,7.39,46,9,2048,2048,2048,0.86, 0.11, 0, 0.04,right,4, 4, 2, 2, 64, 128, 32, 4, 8, 2048, 512, 0, 2, 1024, 16, 0
427,9.07,43,14,2048,2048,2048,0.15, 0.03, 0.69, 0.13,up,2, 0, 8, 4, 64, 128, 32, 4, 0, 8, 2048, 512, 0, 2, 1024, 16
422,12,50,14,2048,2048,2048,0.69, 0.08, 0.11, 0.12,right,2, 128, 8, 8, 64, 8, 32, 512, 0, 2, 2048, 16, 0, 2, 1024, 0
414,9.64,60,14,2043.07,2048,2048,0.15, 0.08, 0, 0.77,down,2, 2, 128, 16, 64, 8, 32, 512, 0, 2, 2048, 16, 0, 0, 2, 1024
421,10.73,73,14,2048,2048,2048,0.71, 0.03, 0.14, 0.12,right,0, 0, 128, 16, 2, 2, 32, 512, 2, 8, 2048, 16, 64, 2, 2, 1024
417,20.54,52,14,2048,2048,2048,0, 0.02, 0.97, 0.01,up,0, 0, 128, 16, 2, 4, 32, 512, 2, 8, 2048, 16, 0, 64, 4, 1024
388,15.23,50,14,2048,2048,2048,0.94, 0.05, 0, 0.01,right,4, 4, 128, 16, 0, 8, 32, 512, 0, 64, 2048, 16, 0, 2, 4, 1024
404,10.15,52,9,2048,2048,2048,0.16, 0.15, 0.22, 0.47,down,0, 8, 128, 16, 0, 8, 32, 512, 0, 64, 2048, 16, 2, 2, 4, 1024
419,7.32,46,7,2043.12,2048,2048,0.33, 0.28, 0.27, 0.12,right,2, 0, 128, 16, 0, 16, 32, 512, 0, 64, 2048, 16, 2, 2, 4, 1024
428,9.55,41,11,2048,2048,2048,0.09, 0.8, 0.05, 0.06,left,0, 2, 128, 16, 2, 16, 32, 512, 0, 64, 2048, 16, 0, 4, 4, 1024
421,17.7,47,13,2048,2048,2048,0.87, 0, 0.05, 0.08,right,2, 128, 16, 0, 2, 16, 32, 512, 64, 2048, 16, 2, 8, 1024, 0, 0
396,20.23,53,13,2048,2048,2048,0.01, 0, 0, 0.99,down,0, 2, 128, 16, 2, 16, 32, 512, 64, 2048, 16, 2, 2, 0, 8, 1024
389,19.3,51,13,2048,2048,2048,0.15, 0.83, 0, 0.01,left,0, 2, 128, 16, 2, 2, 32, 512, 64, 16, 16, 2, 2, 2048, 8, 1024
392,17.96,80,12,2048,2048,2048,0.01, 0, 0.02, 0.97,down,2, 128, 16, 2, 4, 32, 512, 0, 64, 32, 2, 0, 2, 2048, 8, 1024
396,17.97,47,10,2048,2048,2048,0.93, 0.05, 0.01, 0.01,right,2, 0, 16, 0, 4, 128, 512, 2, 64, 64, 2, 2, 2, 2048, 8, 1024
396,19.6,47,10,2048,2048,2048,0, 0.99, 0.01, 0,left,0, 0, 2, 16, 4, 128, 512, 2, 0, 2, 128, 4, 2, 2048, 8, 1024
391,18.92,66,9,2048,2048,2048,0.01, 0.03, 0.07, 0.89,down,2, 16, 0, 2, 4, 128, 512, 2, 2, 128, 4, 0, 2, 2048, 8, 1024
393,19.44,60,8,2048,2048,2048,0.36, 0.44, 0.06, 0.14,left,0, 0, 0, 0, 2, 16, 512, 2, 4, 256, 4, 4, 4, 2048, 8, 1024
391,18.99,51,10,2048,2048,2048,0, 0, 0.73, 0.27,up,0, 0, 0, 0, 2, 16, 512, 2, 4, 256, 8, 2, 4, 2048, 8, 1024
393,17.65,48,7,2048,2048,2048,0.29, 0.32, 0.29, 0.1,left,2, 16, 512, 4, 8, 256, 16, 1024, 0, 2048, 0, 0, 0, 0, 0, 2
397,17.14,54,8,2048,2048,2048,0.6, 0, 0, 0.4,right,2, 16, 512, 4, 8, 256, 16, 1024, 2048, 2, 0, 0, 2, 0, 0, 0
398,17.77,48,9,2048,2048,2048,0.05, 0.04, 0.12, 0.79,down,2, 16, 512, 4, 8, 256, 16, 1024, 2, 0, 2048, 2, 0, 0, 0, 2
396,16.89,47,7,2048,2048,2048,0.32, 0.09, 0.19, 0.41,down,0, 2, 0, 0, 2, 0, 512, 4, 8, 16, 16, 1024, 2, 256, 2048, 4
399,17.04,58,8,2048,2048,2048,0.28, 0.45, 0.04, 0.23,left,2, 0, 0, 0, 2, 2, 512, 4, 8, 16, 16, 1024, 2, 256, 2048, 4
398,16.66,45,8,2048,2048,2048,0.18, 0.4, 0.41, 0,up,2, 2, 0, 0, 4, 512, 4, 0, 8, 32, 1024, 0, 2, 256, 2048, 4
400,16.08,45,7,2048,2048,2048,0.12, 0.82, 0.03, 0.02,left,2, 2, 4, 4, 4, 512, 1024, 0, 8, 32, 2048, 0, 2, 256, 0, 2
401,15.85,51,6,2048,2048,2048,0.05, 0, 0.52, 0.43,up,4, 8, 0, 0, 4, 512, 1024, 0, 8, 32, 2048, 2, 2, 256, 2, 0
402,15.42,53,7,2048,2048,2048,0.19, 0.3, 0.36, 0.15,up,8, 8, 1024, 2, 8, 512, 2048, 0, 2, 32, 2, 2, 0, 256, 0, 0
403,15.59,40,9,2048,2048,2048,0.53, 0.12, 0.18, 0.17,right,16, 8, 1024, 4, 2, 512, 2048, 0, 0, 32, 2, 0, 0, 256, 2, 0
403,18.95,45,11,2048,2048,2048,0.14, 0.03, 0.8, 0.03,up,16, 8, 1024, 4, 0, 2, 512, 2048, 0, 0, 32, 2, 2, 0, 256, 2
393,19.46,45,10,2048,2048,2048,0.02, 0.02, 0.94, 0.02,up,16, 8, 1024, 4, 2, 2, 512, 2048, 0, 0, 32, 4, 0, 2, 256, 0
391,18.1,47,8,2048,2048,2048,0.05, 0.1, 0.41, 0.44,down,16, 8, 1024, 4, 2, 4, 512, 2048, 2, 0, 32, 4, 0, 0, 256, 0
395,19.87,48,9,2048,2048,2048,0.98, 0.01, 0.01, 0,right,0, 0, 1024, 0, 2, 0, 512, 4, 16, 8, 32, 2048, 4, 4, 256, 4
390,20.1,49,8,2048,2048,2048,0.02, 0.03, 0.62, 0.34,up,0, 0, 0, 1024, 2, 2, 512, 4, 16, 8, 32, 2048, 0, 8, 256, 4
389,20.15,49,7,2048,2048,2048,0.39, 0.13, 0.45, 0.03,up,2, 2, 512, 1024, 16, 16, 32, 4, 0, 0, 256, 2048, 0, 2, 0, 4
389,19.55,46,7,2048,2048,2048,0.47, 0.32, 0.18, 0.03,right,2, 2, 512, 1024, 16, 16, 32, 4, 0, 2, 256, 2048, 0, 2, 0, 4
391,19.62,41,8,2048,2048,2048,0.85, 0.09, 0.02, 0.05,right,0, 4, 512, 1024, 0, 32, 32, 4, 0, 2, 256, 2048, 2, 0, 2, 4
391,19.46,47,6,2048,2048,2048,0.2, 0.31, 0.21, 0.27,left,0, 4, 512, 1024, 0, 0, 64, 4, 2, 2, 256, 2048, 0, 0, 4, 4
391,17.9,44,8,2048,2048,2048,0.07, 0, 0.26, 0.68,down,4, 512, 1024, 2, 64, 4, 0, 0, 4, 256, 2048, 0, 8, 0, 0, 0
396,17.99,41,7,2048,2048,2048,0.16, 0.72, 0.11, 0,left,4, 2, 0, 0, 64, 512, 0, 0, 4, 4, 1024, 0, 8, 256, 2048, 2
396,18.18,55,6,2048,2048,2048,0.08, 0.24, 0.26, 0.42,down,4, 2, 0, 0, 64, 512, 0, 2, 8, 1024, 0, 0, 8, 256, 2048, 2
395,16.66,54,6,2048,2048,2048,0.09, 0.52, 0.2, 0.19,left,0, 2, 2, 0, 4, 512, 0, 0, 64, 1024, 0, 0, 16, 256, 2048, 4
400,14.97,33,7,2048,2048,2048,0.11, 0, 0.28, 0.61,down,4, 0, 0, 0, 4, 512, 0, 0, 64, 1024, 2, 0, 16, 256, 2048, 4
405,15.6,44,7,2048,2048,2048,0.08, 0.2, 0.71, 0,up,0, 2, 0, 0, 8, 512, 0, 0, 64, 1024, 2, 0, 16, 256, 2048, 4
403,15.49,49,7,2048,2048,2048,0.25, 0.46, 0.23, 0.07,left,8, 2, 2, 4, 64, 512, 2048, 0, 16, 1024, 0, 2, 0, 256, 0, 0
403,15.56,35,7,2048,2048,2048,0.28, 0.56, 0.1, 0.06,left,8, 4, 4, 0, 64, 512, 2048, 0, 16, 1024, 2, 2, 256, 0, 0, 0
403,14.88,32,7,2048,2048,2048,0.2, 0.29, 0.45, 0.06,up,8, 8, 0, 0, 64, 512, 2048, 2, 16, 1024, 4, 0, 256, 0, 0, 0
405,14.01,34,7,2048,2048,2048,0.11, 0.49, 0, 0.4,left,8, 8, 2048, 2, 64, 512, 4, 0, 16, 1024, 0, 0, 256, 2, 0, 0
407,14.42,33,7,2048,2048,2048,0.15, 0.22, 0.35, 0.28,up,16, 2048, 2, 0, 64, 512, 4, 0, 16, 1024, 0, 0, 256, 2, 0, 2
406,14.07,47,7,2048,2048,2048,0.53, 0.16, 0.08, 0.23,right,16, 2048, 2, 2, 64, 512, 4, 0, 16, 1024, 0, 0, 256, 2, 0, 2
407,13.34,38,7,2048,2048,2048,0, 0.04, 0.13, 0.83,down,0, 16, 2048, 4, 2, 64, 512, 4, 0, 0, 16, 1024, 0, 0, 256, 4
409,13.94,37,8,2048,2048,2048,0.41, 0.45, 0.14, 0,left,0, 0, 2048, 0, 0, 2, 512, 8, 0, 16, 16, 1024, 2, 64, 256, 4
408,13.23,30,7,2048,2048,2048,0.29, 0.13, 0.28, 0.3,down,2048, 0, 0, 0, 2, 512, 8, 0, 32, 1024, 0, 2, 2, 64, 256, 4
410,13.66,36,7,2048,2048,2048,0.04, 0.05, 0.71, 0.2,up,2048, 0, 0, 2, 2, 512, 0, 0, 32, 1024, 8, 2, 2, 64, 256, 4
409,13.38,35,7,2048,2048,2048,0.4, 0.14, 0.32, 0.15,right,2048, 512, 8, 4, 2, 1024, 256, 4, 32, 64, 0, 0, 2, 0, 0, 2
409,12.6,49,7,2048,2048,2048,0.16, 0.28, 0.31, 0.25,up,2048, 512, 8, 4, 2, 1024, 256, 4, 2, 0, 32, 64, 0, 0, 0, 4
412,12.2,39,8,2048,2048,2048,0.29, 0.31, 0.32, 0.09,up,2048, 512, 8, 8, 4, 1024, 256, 64, 0, 0, 32, 4, 0, 2, 0, 0
413,11.09,37,7,2048,2048,2048,0.36, 0.62, 0, 0.02,left,2048, 512, 8, 8, 4, 1024, 256, 64, 0, 2, 32, 4, 0, 0, 0, 2
416,11.09,40,7,2048,2048,2048,0.43, 0.13, 0.21, 0.23,right,2048, 512, 16, 0, 4, 1024, 256, 64, 2, 32, 4, 0, 2, 0, 0, 2
416,10.87,46,8,2048,2048,2048,0.09, 0.38, 0.31, 0.23,left,0, 2048, 512, 16, 4, 1024, 256, 64, 2, 2, 32, 4, 0, 0, 0, 4
417,10.14,34,8,2048,2048,2048,0.09, 0, 0.84, 0.07,up,2048, 512, 16, 0, 4, 1024, 256, 64, 4, 32, 4, 0, 4, 2, 0, 0
419,10.19,36,7,2048,2048,2048,0.24, 0.58, 0, 0.18,left,2048, 512, 16, 64, 8, 1024, 256, 0, 4, 32, 4, 0, 0, 2, 2, 0
419,9.92,31,6,2048,2048,2048,0.06, 0.18, 0.46, 0.3,up,2048, 512, 16, 64, 8, 1024, 256, 0, 4, 32, 4, 0, 4, 0, 2, 0
420,10.08,35,7,2048,2048,2048,0.45, 0.12, 0.3, 0.12,right,2048, 512, 16, 64, 8, 1024, 256, 0, 8, 32, 4, 2, 0, 0, 2, 0
419,10.3,36,8,2048,2048,2048,0, 0.06, 0.33, 0.61,down,2048, 512, 16, 64, 2, 8, 1024, 256, 8, 32, 4, 2, 0, 0, 0, 2
419,12.3,41,14,2048,2048,2048,0.94, 0.04, 0.01, 0,right,2, 0, 0, 0, 2048, 512, 16, 64, 2, 8, 1024, 256, 8, 32, 4, 4
413,12.3,39,10,2048,2048,2048,0.07, 0.04, 0.76, 0.13,up,0, 0, 2, 2, 2048, 512, 16, 64, 2, 8, 1024, 256, 0, 8, 32, 8
413,14.31,36,11,2048,2048,2048,0.09, 0.07, 0, 0.85,down,2048, 512, 2, 2, 2, 16, 16, 64, 0, 2, 1024, 256, 0, 0, 32, 8
407,9,28,10,2042.98,2048,2048,0.14, 0.66, 0.2, 0,left,0, 0, 2, 2, 2, 512, 16, 64, 2048, 16, 1024, 256, 2, 2, 32, 8
423,14.05,35,12,2048,2048,2048,0.01, 0, 0.99, 0,up,4, 0, 0, 0, 2, 512, 16, 64, 2048, 16, 1024, 256, 4, 32, 8, 2
407,11.19,38,13,2042.98,2048,2048,0.92, 0.07, 0, 0.01,right,4, 512, 16, 64, 2, 16, 1024, 256, 2048, 32, 8, 2, 4, 0, 0, 2
416,11.14,41,12,2008.71,2048,2048,0, 0.99, 0, 0,left,4, 512, 16, 64, 2, 16, 1024, 256, 2048, 32, 8, 2, 0, 2, 4, 2
416,9.73,33,14,2018.53,2048,2048,0.96, 0.02, 0.02, 0,right,4, 512, 16, 64, 2, 16, 1024, 256, 2048, 32, 8, 2, 2, 4, 2, 2
420,12.21,41,15,2033.41,2048,2048,1, 0, 0, 0,right,4, 512, 16, 64, 2, 16, 1024, 256, 2048, 32, 8, 2, 2, 2, 4, 4
413,12.31,44,18,2033.16,2048,2048,0, 1, 0, 0,left,4, 512, 16, 64, 2, 16, 1024, 256, 2048, 32, 8, 2, 0, 2, 4, 8
413,9.82,40,12,2043.05,2048,2048,0, 0, 0, 1,down,4, 512, 16, 64, 2, 16, 1024, 256, 2048, 32, 8, 2, 2, 4, 8, 2
420,10.49,39,11,2038.27,2048,2048,0.28, 0.72, 0, 0,left,4, 512, 0, 2, 2, 16, 16, 64, 2048, 32, 1024, 256, 2, 4, 16, 4
418,10.27,30,9,2043.11,2048,2048,0.68, 0, 0.3, 0.02,right,4, 512, 2, 0, 2, 32, 64, 2, 2048, 32, 1024, 256, 2, 4, 16, 4
419,11.78,40,14,2048,2048,2048,0, 0, 0.93, 0.07,up,2, 4, 512, 2, 2, 32, 64, 2, 2048, 32, 1024, 256, 2, 4, 16, 4
414,9.94,31,8,2043.07,2048,2048,0.1, 0.87, 0, 0.03,left,4, 4, 512, 4, 2048, 64, 64, 256, 2, 4, 1024, 4, 0, 0, 16, 2
420,12.05,31,10,2048,2048,2048,0.1, 0.08, 0.75, 0.06,up,8, 512, 4, 0, 2048, 128, 256, 0, 2, 4, 1024, 4, 16, 2, 2, 0
413,11,34,11,2048,2048,2048,0.07, 0.91, 0, 0.02,left,8, 512, 4, 4, 2048, 128, 256, 2, 2, 4, 1024, 0, 16, 2, 2, 0
416,11.03,29,11,2048,2048,2048,0.85, 0, 0.12, 0.03,right,8, 512, 8, 0, 2048, 128, 256, 2, 2, 4, 1024, 2, 16, 4, 0, 0
416,11.5,32,9,2048,2048,2048,0.03, 0.02, 0.23, 0.72,down,0, 8, 512, 8, 2048, 128, 256, 2, 2, 4, 1024, 2, 2, 0, 16, 4
415,12.39,35,9,2048,2048,2048,0.04, 0.02, 0.06, 0.88,down,2, 0, 512, 0, 0, 8, 256, 8, 2048, 128, 1024, 4, 4, 4, 16, 4
412,10.79,37,8,2048,2048,2048,0.12, 0.25, 0.03, 0.59,down,0, 0, 512, 2, 2, 8, 256, 0, 2048, 128, 1024, 8, 4, 4, 16, 8
417,11.17,34,9,2048,2048,2048,0.32, 0.66, 0.02, 0,left,0, 2, 512, 0, 2, 8, 256, 0, 2048, 128, 1024, 2, 4, 4, 16, 16
416,11.31,31,8,2048,2048,2048,0.06, 0.18, 0.62, 0.14,up,2, 512, 0, 2, 2, 8, 256, 0, 2048, 128, 1024, 2, 8, 32, 0, 0
416,11.28,28,7,2048,2048,2048,0.5, 0.07, 0.37, 0.07,right,4, 512, 256, 4, 2048, 8, 1024, 0, 8, 128, 0, 0, 0, 32, 0, 2
416,10.49,32,8,2048,2048,2048,0, 0.09, 0.77, 0.15,up,4, 512, 256, 4, 2, 2048, 8, 1024, 0, 0, 8, 128, 0, 0, 32, 2
418,10.39,32,7,2048,2048,2048,0.11, 0.21, 0.26, 0.42,down,4, 512, 256, 4, 2, 2048, 16, 1024, 2, 0, 32, 128, 0, 0, 0, 2
418,10.56,38,8,2048,2048,2048,0.32, 0.16, 0.11, 0.41,down,2, 0, 0, 4, 0, 0, 256, 1024, 4, 512, 16, 128, 4, 2048, 32, 2
418,8.05,24,8,2048,2048,2048,0, 0.66, 0.34, 0,left,0, 0, 2, 4, 0, 0, 256, 1024, 2, 512, 16, 128, 8, 2048, 32, 2
425,8.14,34,8,2048,2048,2048,0.86, 0, 0.14, 0,right,2, 4, 0, 0, 256, 1024, 2, 0, 2, 512, 16, 128, 8, 2048, 32, 2
425,6.99,23,8,2043.19,2048,2048,0.41, 0.49, 0.1, 0,left,0, 2, 2, 4, 0, 256, 1024, 2, 2, 512, 16, 128, 8, 2048, 32, 2
429,9.3,32,10,2043.24,2048,2048,0.06, 0.13, 0.77, 0.05,up,4, 4, 0, 2, 256, 1024, 2, 0, 2, 512, 16, 128, 8, 2048, 32, 2
422,8.47,32,13,2028.63,2048,2048,0.1, 0.12, 0.69, 0.09,up,4, 4, 2, 2, 256, 1024, 16, 128, 2, 512, 32, 2, 8, 2048, 0, 2
424,9.32,28,13,2038.36,2048,2048,0.01, 0.97, 0, 0.01,left,4, 4, 2, 2, 256, 1024, 16, 128, 2, 512, 32, 4, 8, 2048, 0, 2
422,9.53,29,12,2043.16,2048,2048,0.05, 0.92, 0.02, 0,left,8, 4, 0, 0, 256, 1024, 16, 128, 2, 512, 32, 4, 8, 2048, 2, 2
421,8.56,29,14,2028.59,2048,2048,0.01, 0.97, 0, 0.01,left,8, 4, 0, 2, 256, 1024, 16, 128, 2, 512, 32, 4, 8, 2048, 4, 0
424,8.44,26,12,2038.36,2048,2048,0, 0, 1, 0,up,8, 4, 2, 0, 256, 1024, 16, 128, 2, 512, 32, 4, 8, 2048, 4, 2
424,9.85,32,15,2043.18,2048,2048,0, 0, 0.04, 0.96,down,8, 4, 2, 128, 256, 1024, 16, 4, 2, 512, 32, 2, 8, 2048, 4, 2
420,7.47,24,11,2023.68,2048,2048,0.9, 0.08, 0.02, 0,right,8, 4, 2, 2, 256, 1024, 16, 128, 2, 512, 32, 4, 8, 2048, 4, 4
427,8.8,25,13,2043.21,2048,2048,0.93, 0.03, 0, 0.04,right,2, 8, 4, 4, 256, 1024, 16, 128, 2, 512, 32, 4, 0, 8, 2048, 8
423,10.05,31,12,2043.17,2048,2048,0.04, 0.02, 0.89, 0.05,up,0, 2, 8, 8, 256, 1024, 16, 128, 2, 512, 32, 4, 2, 8, 2048, 8
419,8.65,25,9,2048,2048,2048,0.01, 0.99, 0, 0.01,left,256, 2, 8, 8, 4, 1024, 16, 128, 2, 512, 32, 4, 0, 8, 2048, 8
424,8.62,25,9,2048,2048,2048,0.93, 0, 0.03, 0.04,right,256, 2, 16, 2, 4, 1024, 16, 128, 2, 512, 32, 4, 8, 2048, 8, 0
424,8.66,30,8,2048,2048,2048,0, 0, 0.13, 0.87,down,256, 2, 16, 2, 4, 1024, 16, 128, 2, 512, 32, 4, 2, 8, 2048, 8
424,8.32,25,7,2048,2048,2048,0.2, 0.2, 0.06, 0.53,down,0, 2, 2, 2, 256, 1024, 32, 128, 4, 512, 32, 4, 4, 8, 2048, 8
425,8.85,23,9,2048,2048,2048,0.12, 0.77, 0.06, 0.05,left,2, 2, 0, 2, 0, 1024, 2, 128, 256, 512, 64, 4, 8, 8, 2048, 8
423,8.35,26,8,2048,2048,2048,0.03, 0, 0.86, 0.11,up,4, 2, 0, 0, 1024, 2, 128, 0, 256, 512, 64, 4, 16, 2048, 8, 2
424,8.58,27,7,2048,2048,2048,0.03, 0.08, 0.18, 0.71,down,4, 4, 128, 4, 1024, 512, 64, 2, 256, 2048, 8, 0, 16, 0, 0, 2
424,8.62,28,9,2048,2048,2048,0.48, 0.25, 0.1, 0.16,right,4, 0, 0, 2, 1024, 4, 128, 0, 256, 512, 64, 4, 16, 2048, 8, 4
424,8.34,24,8,2048,2048,2048,0, 0.12, 0.12, 0.76,down,0, 2, 4, 2, 0, 1024, 4, 128, 256, 512, 64, 4, 16, 2048, 8, 4
424,8.52,22,8,2048,2048,2048,0.07, 0.34, 0.04, 0.55,down,0, 2, 0, 2, 0, 1024, 8, 2, 256, 512, 64, 128, 16, 2048, 8, 8
424,8.33,26,10,2043.18,2048,2048,0.84, 0.09, 0.07, 0,right,0, 2, 0, 0, 2, 1024, 8, 4, 256, 512, 64, 128, 16, 2048, 8, 8
425,7.17,21,10,2043.19,2048,2048,0, 0.51, 0.49, 0,left,0, 0, 0, 2, 2, 1024, 8, 4, 256, 512, 64, 128, 2, 16, 2048, 16
428,6.25,24,8,2038.45,2048,2048,0.75, 0.12, 0.06, 0.08,right,2, 0, 0, 2, 2, 1024, 8, 4, 256, 512, 64, 128, 2, 16, 2048, 16
431,6.57,18,8,2048,2048,2048,0, 0.43, 0.13, 0.44,down,0, 0, 2, 4, 2, 1024, 8, 4, 256, 512, 64, 128, 2, 16, 2048, 16
430,6.4,17,7,2043.25,2048,2048,0.19, 0.39, 0.02, 0.4,down,2, 0, 2, 0, 2, 1024, 8, 8, 256, 512, 64, 128, 2, 16, 2048, 16
430,6.12,94,8,2043.25,2048,2048,0.59, 0.24, 0.17, 0,right,0, 2, 2, 0, 4, 1024, 8, 8, 256, 512, 64, 128, 2, 16, 2048, 16
431,5.84,19,11,2029.04,2048,2048,0.13, 0.16, 0.11, 0.6,down,2, 0, 0, 4, 0, 4, 1024, 16, 256, 512, 64, 128, 2, 16, 2048, 16
432,5.44,22,8,2029.08,2048,2048,0.33, 0.18, 0.26, 0.23,right,2, 0, 0, 4, 2, 4, 1024, 16, 256, 512, 64, 128, 2, 16, 2048, 16
433,4.64,14,10,1967.78,2048,2048,0.55, 0.34, 0.11, 0,right,0, 2, 2, 4, 2, 4, 1024, 16, 256, 512, 64, 128, 2, 16, 2048, 16
436,4.24,16,8,1949.58,2048,2048,0.65, 0.15, 0.2, 0,right,0, 2, 4, 4, 2, 4, 1024, 16, 256, 512, 64, 128, 2, 16, 2048, 16
437,4.95,44,11,2005.92,2048,2048,0.95, 0.04, 0.01, 0,right,0, 2, 2, 8, 2, 4, 1024, 16, 256, 512, 64, 128, 2, 16, 2048, 16
435,16.37,178,20,2132.55,4096,2048,0.01, 0.02, 0.93, 0.04,up,2, 0, 4, 8, 2, 4, 1024, 16, 256, 512, 64, 128, 2, 16, 2048, 16
400,12.11,149,17,2160.36,4096,2048,0.93, 0.01, 0, 0.06,right,4, 4, 4, 8, 256, 512, 1024, 16, 2, 16, 64, 128, 0, 2, 2048, 16
413,5,31,8,2038.11,2048,2048,0.61, 0.02, 0, 0.37,right,2, 4, 8, 8, 256, 512, 1024, 16, 2, 16, 64, 128, 0, 2, 2048, 16
434,7.02,132,13,2076.25,4096,2048,0.1, 0.01, 0.82, 0.08,up,0, 2, 4, 16, 256, 512, 1024, 16, 2, 16, 64, 128, 2, 2, 2048, 16
428,2.22,13,12,1750.55,2048,2048,0, 0.25, 0, 0.75,down,256, 2, 4, 32, 4, 512, 1024, 128, 0, 16, 64, 16, 0, 2, 2048, 2
443,1.88,11,12,1661.86,2048,2048,0, 0.23, 0.77, 0,up,0, 2, 4, 32, 2, 512, 1024, 128, 256, 16, 64, 16, 4, 2, 2048, 2
444,2.71,15,12,1800.18,2048,2048,0.74, 0.26, 0, 0,right,2, 2, 4, 32, 256, 512, 1024, 128, 4, 16, 64, 16, 2, 2, 2048, 2
441,1.87,7,10,1653.2,2048,2048,0.42, 0.13, 0, 0.45,down,2, 4, 4, 32, 256, 512, 1024, 128, 4, 16, 64, 16, 0, 4, 2048, 2
444,1.57,10,13,1502.97,2048,2048,0.08, 0.19, 0.04, 0.69,down,2, 4, 4, 32, 2, 512, 1024, 128, 256, 16, 64, 16, 4, 4, 2048, 2
445,1.3,9,11,1384.12,2048,2048,0.92, 0.08, 0, 0,right,2, 4, 4, 32, 4, 512, 1024, 128, 256, 16, 64, 16, 4, 4, 2048, 2
446,0.98,3,6,1984,2048,2048,0, 0.48, 0.52, 0,up,0, 2, 8, 32, 4, 512, 1024, 128, 256, 16, 64, 16, 2, 8, 2048, 2
447,0.99,3,5,1992.65,2048,2048,0, 0, 0.48, 0.52,down,4, 2, 8, 32, 256, 512, 1024, 128, 2, 16, 64, 16, 2, 8, 2048, 2
447,0.99,3,4,2001.45,2048,2048,0.48, 0.52, 0, 0,left,2, 2, 8, 32, 4, 512, 1024, 128, 256, 16, 64, 16, 4, 8, 2048, 2
447,0.98,1,3,2012.23,2048,2048,0, 0, 0.5, 0.5,up,4, 8, 32, 2, 4, 512, 1024, 128, 256, 16, 64, 16, 4, 8, 2048, 2
447,0.99,1,2,2020.93,2048,2048,0.5, 0.5, 0, 0,right,8, 8, 32, 2, 256, 512, 1024, 128, 4, 16, 64, 16, 2, 8, 2048, 2

